[2026-04-27 00:47:39] local.ERROR: SQLSTATE[42P01]: Undefined table: 7 ERROR:  relation "notifications" does not exist
LINE 2:              FROM notifications
                          ^ (Connection: pgsql, SQL: SELECT id, type, data, read_at, created_at
             FROM notifications
             WHERE notifiable_type = App\Models\User AND notifiable_id = 00000000-0000-0000-0000-000000000099::uuid
             ORDER BY read_at IS NOT NULL, created_at DESC
             LIMIT 50) {"exception":"[object] (Illuminate\\Database\\QueryException(code: 42P01): SQLSTATE[42P01]: Undefined table: 7 ERROR:  relation \"notifications\" does not exist
LINE 2:              FROM notifications
                          ^ (Connection: pgsql, SQL: SELECT id, type, data, read_at, created_at
             FROM notifications
             WHERE notifiable_type = App\\Models\\User AND notifiable_id = 00000000-0000-0000-0000-000000000099::uuid
             ORDER BY read_at IS NOT NULL, created_at DESC
             LIMIT 50) at /app/vendor/illuminate/database/Connection.php:829)
[stacktrace]
#0 /app/vendor/illuminate/database/Connection.php(783): Illuminate\\Database\\Connection->runQueryCallback('SELECT id, type...', Array, Object(Closure))
#1 /app/vendor/illuminate/database/Connection.php(414): Illuminate\\Database\\Connection->run('SELECT id, type...', Array, Object(Closure))
#2 /app/vendor/illuminate/database/DatabaseManager.php(509): Illuminate\\Database\\Connection->select('SELECT id, type...', Array)
#3 /app/vendor/illuminate/support/Facades/Facade.php(355): Illuminate\\Database\\DatabaseManager->__call('select', Array)
#4 /app/app/Http/Controllers/NotificationController.php(17): Illuminate\\Support\\Facades\\Facade::__callStatic('select', Array)
#5 /app/vendor/illuminate/container/BoundMethod.php(36): App\\Http\\Controllers\\NotificationController->index(Object(Laravel\\Lumen\\Http\\Request))
#6 /app/vendor/illuminate/container/Util.php(41): Illuminate\\Container\\BoundMethod::Illuminate\\Container\\{closure}()
#7 /app/vendor/illuminate/container/BoundMethod.php(93): Illuminate\\Container\\Util::unwrapIfClosure(Object(Closure))
#8 /app/vendor/illuminate/container/BoundMethod.php(35): Illuminate\\Container\\BoundMethod::callBoundMethod(Object(Laravel\\Lumen\\Application), Array, Object(Closure))
#9 /app/vendor/illuminate/container/Container.php(662): Illuminate\\Container\\BoundMethod::call(Object(Laravel\\Lumen\\Application), Array, Array, NULL)
#10 /app/vendor/laravel/lumen-framework/src/Concerns/RoutesRequests.php(391): Illuminate\\Container\\Container->call(Array, Array)
#11 /app/vendor/laravel/lumen-framework/src/Concerns/RoutesRequests.php(356): Laravel\\Lumen\\Application->callControllerCallable(Array, Array)
#12 /app/vendor/laravel/lumen-framework/src/Concerns/RoutesRequests.php(331): Laravel\\Lumen\\Application->callLumenController(Object(App\\Http\\Controllers\\NotificationController), 'index', Array)
#13 /app/vendor/laravel/lumen-framework/src/Concerns/RoutesRequests.php(284): Laravel\\Lumen\\Application->callControllerAction(Array)
#14 /app/vendor/laravel/lumen-framework/src/Concerns/RoutesRequests.php(264): Laravel\\Lumen\\Application->callActionOnArrayBasedRoute(Array)
#15 /app/vendor/laravel/lumen-framework/src/Routing/Pipeline.php(48): Laravel\\Lumen\\Application->Laravel\\Lumen\\Concerns\\{closure}(Object(Laravel\\Lumen\\Http\\Request))
#16 /app/app/Http/Middleware/Authenticate.php(35): Laravel\\Lumen\\Routing\\Pipeline->Laravel\\Lumen\\Routing\\{closure}(Object(Laravel\\Lumen\\Http\\Request))
#17 /app/vendor/illuminate/pipeline/Pipeline.php(183): App\\Http\\Middleware\\Authenticate->handle(Object(Laravel\\Lumen\\Http\\Request), Object(Closure))
#18 /app/vendor/laravel/lumen-framework/src/Routing/Pipeline.php(30): Illuminate\\Pipeline\\Pipeline->Illuminate\\Pipeline\\{closure}(Object(Laravel\\Lumen\\Http\\Request))
#19 /app/vendor/illuminate/pipeline/Pipeline.php(119): Laravel\\Lumen\\Routing\\Pipeline->Laravel\\Lumen\\Routing\\{closure}(Object(Laravel\\Lumen\\Http\\Request))
#20 /app/vendor/laravel/lumen-framework/src/Concerns/RoutesRequests.php(428): Illuminate\\Pipeline\\Pipeline->then(Object(Closure))
#21 /app/vendor/laravel/lumen-framework/src/Concerns/RoutesRequests.php(263): Laravel\\Lumen\\Application->sendThroughPipeline(Array, Object(Closure))
#22 /app/vendor/laravel/lumen-framework/src/Concerns/RoutesRequests.php(171): Laravel\\Lumen\\Application->handleFoundRoute(Array)
#23 /app/vendor/laravel/lumen-framework/src/Routing/Pipeline.php(48): Laravel\\Lumen\\Application->Laravel\\Lumen\\Concerns\\{closure}(Object(Laravel\\Lumen\\Http\\Request))
#24 /app/app/Http/Middleware/CorsMiddleware.php(12): Laravel\\Lumen\\Routing\\Pipeline->Laravel\\Lumen\\Routing\\{closure}(Object(Laravel\\Lumen\\Http\\Request))
#25 /app/vendor/illuminate/pipeline/Pipeline.php(183): App\\Http\\Middleware\\CorsMiddleware->handle(Object(Laravel\\Lumen\\Http\\Request), Object(Closure))
#26 /app/vendor/laravel/lumen-framework/src/Routing/Pipeline.php(30): Illuminate\\Pipeline\\Pipeline->Illuminate\\Pipeline\\{closure}(Object(Laravel\\Lumen\\Http\\Request))
#27 /app/vendor/illuminate/pipeline/Pipeline.php(119): Laravel\\Lumen\\Routing\\Pipeline->Laravel\\Lumen\\Routing\\{closure}(Object(Laravel\\Lumen\\Http\\Request))
#28 /app/vendor/laravel/lumen-framework/src/Concerns/RoutesRequests.php(428): Illuminate\\Pipeline\\Pipeline->then(Object(Closure))
#29 /app/vendor/laravel/lumen-framework/src/Concerns/RoutesRequests.php(167): Laravel\\Lumen\\Application->sendThroughPipeline(Array, Object(Closure))
#30 /app/vendor/laravel/lumen-framework/src/Concerns/RoutesRequests.php(112): Laravel\\Lumen\\Application->dispatch(NULL)
#31 /app/public/index.php(5): Laravel\\Lumen\\Application->run()
#32 {main}

[previous exception] [object] (PDOException(code: 42P01): SQLSTATE[42P01]: Undefined table: 7 ERROR:  relation \"notifications\" does not exist
LINE 2:              FROM notifications
                          ^ at /app/vendor/illuminate/database/Connection.php:428)
[stacktrace]
#0 /app/vendor/illuminate/database/Connection.php(428): PDOStatement->execute()
#1 /app/vendor/illuminate/database/Connection.php(816): Illuminate\\Database\\Connection->Illuminate\\Database\\{closure}('SELECT id, type...', Array)
#2 /app/vendor/illuminate/database/Connection.php(783): Illuminate\\Database\\Connection->runQueryCallback('SELECT id, type...', Array, Object(Closure))
#3 /app/vendor/illuminate/database/Connection.php(414): Illuminate\\Database\\Connection->run('SELECT id, type...', Array, Object(Closure))
#4 /app/vendor/illuminate/database/DatabaseManager.php(509): Illuminate\\Database\\Connection->select('SELECT id, type...', Array)
#5 /app/vendor/illuminate/support/Facades/Facade.php(355): Illuminate\\Database\\DatabaseManager->__call('select', Array)
#6 /app/app/Http/Controllers/NotificationController.php(17): Illuminate\\Support\\Facades\\Facade::__callStatic('select', Array)
#7 /app/vendor/illuminate/container/BoundMethod.php(36): App\\Http\\Controllers\\NotificationController->index(Object(Laravel\\Lumen\\Http\\Request))
#8 /app/vendor/illuminate/container/Util.php(41): Illuminate\\Container\\BoundMethod::Illuminate\\Container\\{closure}()
#9 /app/vendor/illuminate/container/BoundMethod.php(93): Illuminate\\Container\\Util::unwrapIfClosure(Object(Closure))
#10 /app/vendor/illuminate/container/BoundMethod.php(35): Illuminate\\Container\\BoundMethod::callBoundMethod(Object(Laravel\\Lumen\\Application), Array, Object(Closure))
#11 /app/vendor/illuminate/container/Container.php(662): Illuminate\\Container\\BoundMethod::call(Object(Laravel\\Lumen\\Application), Array, Array, NULL)
#12 /app/vendor/laravel/lumen-framework/src/Concerns/RoutesRequests.php(391): Illuminate\\Container\\Container->call(Array, Array)
#13 /app/vendor/laravel/lumen-framework/src/Concerns/RoutesRequests.php(356): Laravel\\Lumen\\Application->callControllerCallable(Array, Array)
#14 /app/vendor/laravel/lumen-framework/src/Concerns/RoutesRequests.php(331): Laravel\\Lumen\\Application->callLumenController(Object(App\\Http\\Controllers\\NotificationController), 'index', Array)
#15 /app/vendor/laravel/lumen-framework/src/Concerns/RoutesRequests.php(284): Laravel\\Lumen\\Application->callControllerAction(Array)
#16 /app/vendor/laravel/lumen-framework/src/Concerns/RoutesRequests.php(264): Laravel\\Lumen\\Application->callActionOnArrayBasedRoute(Array)
#17 /app/vendor/laravel/lumen-framework/src/Routing/Pipeline.php(48): Laravel\\Lumen\\Application->Laravel\\Lumen\\Concerns\\{closure}(Object(Laravel\\Lumen\\Http\\Request))
#18 /app/app/Http/Middleware/Authenticate.php(35): Laravel\\Lumen\\Routing\\Pipeline->Laravel\\Lumen\\Routing\\{closure}(Object(Laravel\\Lumen\\Http\\Request))
#19 /app/vendor/illuminate/pipeline/Pipeline.php(183): App\\Http\\Middleware\\Authenticate->handle(Object(Laravel\\Lumen\\Http\\Request), Object(Closure))
#20 /app/vendor/laravel/lumen-framework/src/Routing/Pipeline.php(30): Illuminate\\Pipeline\\Pipeline->Illuminate\\Pipeline\\{closure}(Object(Laravel\\Lumen\\Http\\Request))
#21 /app/vendor/illuminate/pipeline/Pipeline.php(119): Laravel\\Lumen\\Routing\\Pipeline->Laravel\\Lumen\\Routing\\{closure}(Object(Laravel\\Lumen\\Http\\Request))
#22 /app/vendor/laravel/lumen-framework/src/Concerns/RoutesRequests.php(428): Illuminate\\Pipeline\\Pipeline->then(Object(Closure))
#23 /app/vendor/laravel/lumen-framework/src/Concerns/RoutesRequests.php(263): Laravel\\Lumen\\Application->sendThroughPipeline(Array, Object(Closure))
#24 /app/vendor/laravel/lumen-framework/src/Concerns/RoutesRequests.php(171): Laravel\\Lumen\\Application->handleFoundRoute(Array)
#25 /app/vendor/laravel/lumen-framework/src/Routing/Pipeline.php(48): Laravel\\Lumen\\Application->Laravel\\Lumen\\Concerns\\{closure}(Object(Laravel\\Lumen\\Http\\Request))
#26 /app/app/Http/Middleware/CorsMiddleware.php(12): Laravel\\Lumen\\Routing\\Pipeline->Laravel\\Lumen\\Routing\\{closure}(Object(Laravel\\Lumen\\Http\\Request))
#27 /app/vendor/illuminate/pipeline/Pipeline.php(183): App\\Http\\Middleware\\CorsMiddleware->handle(Object(Laravel\\Lumen\\Http\\Request), Object(Closure))
#28 /app/vendor/laravel/lumen-framework/src/Routing/Pipeline.php(30): Illuminate\\Pipeline\\Pipeline->Illuminate\\Pipeline\\{closure}(Object(Laravel\\Lumen\\Http\\Request))
#29 /app/vendor/illuminate/pipeline/Pipeline.php(119): Laravel\\Lumen\\Routing\\Pipeline->Laravel\\Lumen\\Routing\\{closure}(Object(Laravel\\Lumen\\Http\\Request))
#30 /app/vendor/laravel/lumen-framework/src/Concerns/RoutesRequests.php(428): Illuminate\\Pipeline\\Pipeline->then(Object(Closure))
#31 /app/vendor/laravel/lumen-framework/src/Concerns/RoutesRequests.php(167): Laravel\\Lumen\\Application->sendThroughPipeline(Array, Object(Closure))
#32 /app/vendor/laravel/lumen-framework/src/Concerns/RoutesRequests.php(112): Laravel\\Lumen\\Application->dispatch(NULL)
#33 /app/public/index.php(5): Laravel\\Lumen\\Application->run()
#34 {main}
"} 
[2026-04-27 00:47:39] local.ERROR: SQLSTATE[42P01]: Undefined table: 7 ERROR:  relation "notifications" does not exist
LINE 2:              FROM notifications
                          ^ (Connection: pgsql, SQL: SELECT id, type, data, read_at, created_at
             FROM notifications
             WHERE notifiable_type = App\Models\User AND notifiable_id = 00000000-0000-0000-0000-000000000099::uuid
             ORDER BY read_at IS NOT NULL, created_at DESC
             LIMIT 50) {"exception":"[object] (Illuminate\\Database\\QueryException(code: 42P01): SQLSTATE[42P01]: Undefined table: 7 ERROR:  relation \"notifications\" does not exist
LINE 2:              FROM notifications
                          ^ (Connection: pgsql, SQL: SELECT id, type, data, read_at, created_at
             FROM notifications
             WHERE notifiable_type = App\\Models\\User AND notifiable_id = 00000000-0000-0000-0000-000000000099::uuid
             ORDER BY read_at IS NOT NULL, created_at DESC
             LIMIT 50) at /app/vendor/illuminate/database/Connection.php:829)
[stacktrace]
#0 /app/vendor/illuminate/database/Connection.php(783): Illuminate\\Database\\Connection->runQueryCallback('SELECT id, type...', Array, Object(Closure))
#1 /app/vendor/illuminate/database/Connection.php(414): Illuminate\\Database\\Connection->run('SELECT id, type...', Array, Object(Closure))
#2 /app/vendor/illuminate/database/DatabaseManager.php(509): Illuminate\\Database\\Connection->select('SELECT id, type...', Array)
#3 /app/vendor/illuminate/support/Facades/Facade.php(355): Illuminate\\Database\\DatabaseManager->__call('select', Array)
#4 /app/app/Http/Controllers/NotificationController.php(17): Illuminate\\Support\\Facades\\Facade::__callStatic('select', Array)
#5 /app/vendor/illuminate/container/BoundMethod.php(36): App\\Http\\Controllers\\NotificationController->index(Object(Laravel\\Lumen\\Http\\Request))
#6 /app/vendor/illuminate/container/Util.php(41): Illuminate\\Container\\BoundMethod::Illuminate\\Container\\{closure}()
#7 /app/vendor/illuminate/container/BoundMethod.php(93): Illuminate\\Container\\Util::unwrapIfClosure(Object(Closure))
#8 /app/vendor/illuminate/container/BoundMethod.php(35): Illuminate\\Container\\BoundMethod::callBoundMethod(Object(Laravel\\Lumen\\Application), Array, Object(Closure))
#9 /app/vendor/illuminate/container/Container.php(662): Illuminate\\Container\\BoundMethod::call(Object(Laravel\\Lumen\\Application), Array, Array, NULL)
#10 /app/vendor/laravel/lumen-framework/src/Concerns/RoutesRequests.php(391): Illuminate\\Container\\Container->call(Array, Array)
#11 /app/vendor/laravel/lumen-framework/src/Concerns/RoutesRequests.php(356): Laravel\\Lumen\\Application->callControllerCallable(Array, Array)
#12 /app/vendor/laravel/lumen-framework/src/Concerns/RoutesRequests.php(331): Laravel\\Lumen\\Application->callLumenController(Object(App\\Http\\Controllers\\NotificationController), 'index', Array)
#13 /app/vendor/laravel/lumen-framework/src/Concerns/RoutesRequests.php(284): Laravel\\Lumen\\Application->callControllerAction(Array)
#14 /app/vendor/laravel/lumen-framework/src/Concerns/RoutesRequests.php(264): Laravel\\Lumen\\Application->callActionOnArrayBasedRoute(Array)
#15 /app/vendor/laravel/lumen-framework/src/Routing/Pipeline.php(48): Laravel\\Lumen\\Application->Laravel\\Lumen\\Concerns\\{closure}(Object(Laravel\\Lumen\\Http\\Request))
#16 /app/app/Http/Middleware/Authenticate.php(35): Laravel\\Lumen\\Routing\\Pipeline->Laravel\\Lumen\\Routing\\{closure}(Object(Laravel\\Lumen\\Http\\Request))
#17 /app/vendor/illuminate/pipeline/Pipeline.php(183): App\\Http\\Middleware\\Authenticate->handle(Object(Laravel\\Lumen\\Http\\Request), Object(Closure))
#18 /app/vendor/laravel/lumen-framework/src/Routing/Pipeline.php(30): Illuminate\\Pipeline\\Pipeline->Illuminate\\Pipeline\\{closure}(Object(Laravel\\Lumen\\Http\\Request))
#19 /app/vendor/illuminate/pipeline/Pipeline.php(119): Laravel\\Lumen\\Routing\\Pipeline->Laravel\\Lumen\\Routing\\{closure}(Object(Laravel\\Lumen\\Http\\Request))
#20 /app/vendor/laravel/lumen-framework/src/Concerns/RoutesRequests.php(428): Illuminate\\Pipeline\\Pipeline->then(Object(Closure))
#21 /app/vendor/laravel/lumen-framework/src/Concerns/RoutesRequests.php(263): Laravel\\Lumen\\Application->sendThroughPipeline(Array, Object(Closure))
#22 /app/vendor/laravel/lumen-framework/src/Concerns/RoutesRequests.php(171): Laravel\\Lumen\\Application->handleFoundRoute(Array)
#23 /app/vendor/laravel/lumen-framework/src/Routing/Pipeline.php(48): Laravel\\Lumen\\Application->Laravel\\Lumen\\Concerns\\{closure}(Object(Laravel\\Lumen\\Http\\Request))
#24 /app/app/Http/Middleware/CorsMiddleware.php(12): Laravel\\Lumen\\Routing\\Pipeline->Laravel\\Lumen\\Routing\\{closure}(Object(Laravel\\Lumen\\Http\\Request))
#25 /app/vendor/illuminate/pipeline/Pipeline.php(183): App\\Http\\Middleware\\CorsMiddleware->handle(Object(Laravel\\Lumen\\Http\\Request), Object(Closure))
#26 /app/vendor/laravel/lumen-framework/src/Routing/Pipeline.php(30): Illuminate\\Pipeline\\Pipeline->Illuminate\\Pipeline\\{closure}(Object(Laravel\\Lumen\\Http\\Request))
#27 /app/vendor/illuminate/pipeline/Pipeline.php(119): Laravel\\Lumen\\Routing\\Pipeline->Laravel\\Lumen\\Routing\\{closure}(Object(Laravel\\Lumen\\Http\\Request))
#28 /app/vendor/laravel/lumen-framework/src/Concerns/RoutesRequests.php(428): Illuminate\\Pipeline\\Pipeline->then(Object(Closure))
#29 /app/vendor/laravel/lumen-framework/src/Concerns/RoutesRequests.php(167): Laravel\\Lumen\\Application->sendThroughPipeline(Array, Object(Closure))
#30 /app/vendor/laravel/lumen-framework/src/Concerns/RoutesRequests.php(112): Laravel\\Lumen\\Application->dispatch(NULL)
#31 /app/public/index.php(5): Laravel\\Lumen\\Application->run()
#32 {main}

[previous exception] [object] (PDOException(code: 42P01): SQLSTATE[42P01]: Undefined table: 7 ERROR:  relation \"notifications\" does not exist
LINE 2:              FROM notifications
                          ^ at /app/vendor/illuminate/database/Connection.php:428)
[stacktrace]
#0 /app/vendor/illuminate/database/Connection.php(428): PDOStatement->execute()
#1 /app/vendor/illuminate/database/Connection.php(816): Illuminate\\Database\\Connection->Illuminate\\Database\\{closure}('SELECT id, type...', Array)
#2 /app/vendor/illuminate/database/Connection.php(783): Illuminate\\Database\\Connection->runQueryCallback('SELECT id, type...', Array, Object(Closure))
#3 /app/vendor/illuminate/database/Connection.php(414): Illuminate\\Database\\Connection->run('SELECT id, type...', Array, Object(Closure))
#4 /app/vendor/illuminate/database/DatabaseManager.php(509): Illuminate\\Database\\Connection->select('SELECT id, type...', Array)
#5 /app/vendor/illuminate/support/Facades/Facade.php(355): Illuminate\\Database\\DatabaseManager->__call('select', Array)
#6 /app/app/Http/Controllers/NotificationController.php(17): Illuminate\\Support\\Facades\\Facade::__callStatic('select', Array)
#7 /app/vendor/illuminate/container/BoundMethod.php(36): App\\Http\\Controllers\\NotificationController->index(Object(Laravel\\Lumen\\Http\\Request))
#8 /app/vendor/illuminate/container/Util.php(41): Illuminate\\Container\\BoundMethod::Illuminate\\Container\\{closure}()
#9 /app/vendor/illuminate/container/BoundMethod.php(93): Illuminate\\Container\\Util::unwrapIfClosure(Object(Closure))
#10 /app/vendor/illuminate/container/BoundMethod.php(35): Illuminate\\Container\\BoundMethod::callBoundMethod(Object(Laravel\\Lumen\\Application), Array, Object(Closure))
#11 /app/vendor/illuminate/container/Container.php(662): Illuminate\\Container\\BoundMethod::call(Object(Laravel\\Lumen\\Application), Array, Array, NULL)
#12 /app/vendor/laravel/lumen-framework/src/Concerns/RoutesRequests.php(391): Illuminate\\Container\\Container->call(Array, Array)
#13 /app/vendor/laravel/lumen-framework/src/Concerns/RoutesRequests.php(356): Laravel\\Lumen\\Application->callControllerCallable(Array, Array)
#14 /app/vendor/laravel/lumen-framework/src/Concerns/RoutesRequests.php(331): Laravel\\Lumen\\Application->callLumenController(Object(App\\Http\\Controllers\\NotificationController), 'index', Array)
#15 /app/vendor/laravel/lumen-framework/src/Concerns/RoutesRequests.php(284): Laravel\\Lumen\\Application->callControllerAction(Array)
#16 /app/vendor/laravel/lumen-framework/src/Concerns/RoutesRequests.php(264): Laravel\\Lumen\\Application->callActionOnArrayBasedRoute(Array)
#17 /app/vendor/laravel/lumen-framework/src/Routing/Pipeline.php(48): Laravel\\Lumen\\Application->Laravel\\Lumen\\Concerns\\{closure}(Object(Laravel\\Lumen\\Http\\Request))
#18 /app/app/Http/Middleware/Authenticate.php(35): Laravel\\Lumen\\Routing\\Pipeline->Laravel\\Lumen\\Routing\\{closure}(Object(Laravel\\Lumen\\Http\\Request))
#19 /app/vendor/illuminate/pipeline/Pipeline.php(183): App\\Http\\Middleware\\Authenticate->handle(Object(Laravel\\Lumen\\Http\\Request), Object(Closure))
#20 /app/vendor/laravel/lumen-framework/src/Routing/Pipeline.php(30): Illuminate\\Pipeline\\Pipeline->Illuminate\\Pipeline\\{closure}(Object(Laravel\\Lumen\\Http\\Request))
#21 /app/vendor/illuminate/pipeline/Pipeline.php(119): Laravel\\Lumen\\Routing\\Pipeline->Laravel\\Lumen\\Routing\\{closure}(Object(Laravel\\Lumen\\Http\\Request))
#22 /app/vendor/laravel/lumen-framework/src/Concerns/RoutesRequests.php(428): Illuminate\\Pipeline\\Pipeline->then(Object(Closure))
#23 /app/vendor/laravel/lumen-framework/src/Concerns/RoutesRequests.php(263): Laravel\\Lumen\\Application->sendThroughPipeline(Array, Object(Closure))
#24 /app/vendor/laravel/lumen-framework/src/Concerns/RoutesRequests.php(171): Laravel\\Lumen\\Application->handleFoundRoute(Array)
#25 /app/vendor/laravel/lumen-framework/src/Routing/Pipeline.php(48): Laravel\\Lumen\\Application->Laravel\\Lumen\\Concerns\\{closure}(Object(Laravel\\Lumen\\Http\\Request))
#26 /app/app/Http/Middleware/CorsMiddleware.php(12): Laravel\\Lumen\\Routing\\Pipeline->Laravel\\Lumen\\Routing\\{closure}(Object(Laravel\\Lumen\\Http\\Request))
#27 /app/vendor/illuminate/pipeline/Pipeline.php(183): App\\Http\\Middleware\\CorsMiddleware->handle(Object(Laravel\\Lumen\\Http\\Request), Object(Closure))
#28 /app/vendor/laravel/lumen-framework/src/Routing/Pipeline.php(30): Illuminate\\Pipeline\\Pipeline->Illuminate\\Pipeline\\{closure}(Object(Laravel\\Lumen\\Http\\Request))
#29 /app/vendor/illuminate/pipeline/Pipeline.php(119): Laravel\\Lumen\\Routing\\Pipeline->Laravel\\Lumen\\Routing\\{closure}(Object(Laravel\\Lumen\\Http\\Request))
#30 /app/vendor/laravel/lumen-framework/src/Concerns/RoutesRequests.php(428): Illuminate\\Pipeline\\Pipeline->then(Object(Closure))
#31 /app/vendor/laravel/lumen-framework/src/Concerns/RoutesRequests.php(167): Laravel\\Lumen\\Application->sendThroughPipeline(Array, Object(Closure))
#32 /app/vendor/laravel/lumen-framework/src/Concerns/RoutesRequests.php(112): Laravel\\Lumen\\Application->dispatch(NULL)
#33 /app/public/index.php(5): Laravel\\Lumen\\Application->run()
#34 {main}
"} 
[2026-04-27 00:47:39] local.ERROR: SQLSTATE[42P01]: Undefined table: 7 ERROR:  relation "notifications" does not exist
LINE 2:              FROM notifications
                          ^ (Connection: pgsql, SQL: SELECT id, type, data, read_at, created_at
             FROM notifications
             WHERE notifiable_type = App\Models\User AND notifiable_id = 00000000-0000-0000-0000-000000000099::uuid
             ORDER BY read_at IS NOT NULL, created_at DESC
             LIMIT 50) {"exception":"[object] (Illuminate\\Database\\QueryException(code: 42P01): SQLSTATE[42P01]: Undefined table: 7 ERROR:  relation \"notifications\" does not exist
LINE 2:              FROM notifications
                          ^ (Connection: pgsql, SQL: SELECT id, type, data, read_at, created_at
             FROM notifications
             WHERE notifiable_type = App\\Models\\User AND notifiable_id = 00000000-0000-0000-0000-000000000099::uuid
             ORDER BY read_at IS NOT NULL, created_at DESC
             LIMIT 50) at /app/vendor/illuminate/database/Connection.php:829)
[stacktrace]
#0 /app/vendor/illuminate/database/Connection.php(783): Illuminate\\Database\\Connection->runQueryCallback('SELECT id, type...', Array, Object(Closure))
#1 /app/vendor/illuminate/database/Connection.php(414): Illuminate\\Database\\Connection->run('SELECT id, type...', Array, Object(Closure))
#2 /app/vendor/illuminate/database/DatabaseManager.php(509): Illuminate\\Database\\Connection->select('SELECT id, type...', Array)
#3 /app/vendor/illuminate/support/Facades/Facade.php(355): Illuminate\\Database\\DatabaseManager->__call('select', Array)
#4 /app/app/Http/Controllers/NotificationController.php(17): Illuminate\\Support\\Facades\\Facade::__callStatic('select', Array)
#5 /app/vendor/illuminate/container/BoundMethod.php(36): App\\Http\\Controllers\\NotificationController->index(Object(Laravel\\Lumen\\Http\\Request))
#6 /app/vendor/illuminate/container/Util.php(41): Illuminate\\Container\\BoundMethod::Illuminate\\Container\\{closure}()
#7 /app/vendor/illuminate/container/BoundMethod.php(93): Illuminate\\Container\\Util::unwrapIfClosure(Object(Closure))
#8 /app/vendor/illuminate/container/BoundMethod.php(35): Illuminate\\Container\\BoundMethod::callBoundMethod(Object(Laravel\\Lumen\\Application), Array, Object(Closure))
#9 /app/vendor/illuminate/container/Container.php(662): Illuminate\\Container\\BoundMethod::call(Object(Laravel\\Lumen\\Application), Array, Array, NULL)
#10 /app/vendor/laravel/lumen-framework/src/Concerns/RoutesRequests.php(391): Illuminate\\Container\\Container->call(Array, Array)
#11 /app/vendor/laravel/lumen-framework/src/Concerns/RoutesRequests.php(356): Laravel\\Lumen\\Application->callControllerCallable(Array, Array)
#12 /app/vendor/laravel/lumen-framework/src/Concerns/RoutesRequests.php(331): Laravel\\Lumen\\Application->callLumenController(Object(App\\Http\\Controllers\\NotificationController), 'index', Array)
#13 /app/vendor/laravel/lumen-framework/src/Concerns/RoutesRequests.php(284): Laravel\\Lumen\\Application->callControllerAction(Array)
#14 /app/vendor/laravel/lumen-framework/src/Concerns/RoutesRequests.php(264): Laravel\\Lumen\\Application->callActionOnArrayBasedRoute(Array)
#15 /app/vendor/laravel/lumen-framework/src/Routing/Pipeline.php(48): Laravel\\Lumen\\Application->Laravel\\Lumen\\Concerns\\{closure}(Object(Laravel\\Lumen\\Http\\Request))
#16 /app/app/Http/Middleware/Authenticate.php(35): Laravel\\Lumen\\Routing\\Pipeline->Laravel\\Lumen\\Routing\\{closure}(Object(Laravel\\Lumen\\Http\\Request))
#17 /app/vendor/illuminate/pipeline/Pipeline.php(183): App\\Http\\Middleware\\Authenticate->handle(Object(Laravel\\Lumen\\Http\\Request), Object(Closure))
#18 /app/vendor/laravel/lumen-framework/src/Routing/Pipeline.php(30): Illuminate\\Pipeline\\Pipeline->Illuminate\\Pipeline\\{closure}(Object(Laravel\\Lumen\\Http\\Request))
#19 /app/vendor/illuminate/pipeline/Pipeline.php(119): Laravel\\Lumen\\Routing\\Pipeline->Laravel\\Lumen\\Routing\\{closure}(Object(Laravel\\Lumen\\Http\\Request))
#20 /app/vendor/laravel/lumen-framework/src/Concerns/RoutesRequests.php(428): Illuminate\\Pipeline\\Pipeline->then(Object(Closure))
#21 /app/vendor/laravel/lumen-framework/src/Concerns/RoutesRequests.php(263): Laravel\\Lumen\\Application->sendThroughPipeline(Array, Object(Closure))
#22 /app/vendor/laravel/lumen-framework/src/Concerns/RoutesRequests.php(171): Laravel\\Lumen\\Application->handleFoundRoute(Array)
#23 /app/vendor/laravel/lumen-framework/src/Routing/Pipeline.php(48): Laravel\\Lumen\\Application->Laravel\\Lumen\\Concerns\\{closure}(Object(Laravel\\Lumen\\Http\\Request))
#24 /app/app/Http/Middleware/CorsMiddleware.php(12): Laravel\\Lumen\\Routing\\Pipeline->Laravel\\Lumen\\Routing\\{closure}(Object(Laravel\\Lumen\\Http\\Request))
#25 /app/vendor/illuminate/pipeline/Pipeline.php(183): App\\Http\\Middleware\\CorsMiddleware->handle(Object(Laravel\\Lumen\\Http\\Request), Object(Closure))
#26 /app/vendor/laravel/lumen-framework/src/Routing/Pipeline.php(30): Illuminate\\Pipeline\\Pipeline->Illuminate\\Pipeline\\{closure}(Object(Laravel\\Lumen\\Http\\Request))
#27 /app/vendor/illuminate/pipeline/Pipeline.php(119): Laravel\\Lumen\\Routing\\Pipeline->Laravel\\Lumen\\Routing\\{closure}(Object(Laravel\\Lumen\\Http\\Request))
#28 /app/vendor/laravel/lumen-framework/src/Concerns/RoutesRequests.php(428): Illuminate\\Pipeline\\Pipeline->then(Object(Closure))
#29 /app/vendor/laravel/lumen-framework/src/Concerns/RoutesRequests.php(167): Laravel\\Lumen\\Application->sendThroughPipeline(Array, Object(Closure))
#30 /app/vendor/laravel/lumen-framework/src/Concerns/RoutesRequests.php(112): Laravel\\Lumen\\Application->dispatch(NULL)
#31 /app/public/index.php(5): Laravel\\Lumen\\Application->run()
#32 {main}

[previous exception] [object] (PDOException(code: 42P01): SQLSTATE[42P01]: Undefined table: 7 ERROR:  relation \"notifications\" does not exist
LINE 2:              FROM notifications
                          ^ at /app/vendor/illuminate/database/Connection.php:428)
[stacktrace]
#0 /app/vendor/illuminate/database/Connection.php(428): PDOStatement->execute()
#1 /app/vendor/illuminate/database/Connection.php(816): Illuminate\\Database\\Connection->Illuminate\\Database\\{closure}('SELECT id, type...', Array)
#2 /app/vendor/illuminate/database/Connection.php(783): Illuminate\\Database\\Connection->runQueryCallback('SELECT id, type...', Array, Object(Closure))
#3 /app/vendor/illuminate/database/Connection.php(414): Illuminate\\Database\\Connection->run('SELECT id, type...', Array, Object(Closure))
#4 /app/vendor/illuminate/database/DatabaseManager.php(509): Illuminate\\Database\\Connection->select('SELECT id, type...', Array)
#5 /app/vendor/illuminate/support/Facades/Facade.php(355): Illuminate\\Database\\DatabaseManager->__call('select', Array)
#6 /app/app/Http/Controllers/NotificationController.php(17): Illuminate\\Support\\Facades\\Facade::__callStatic('select', Array)
#7 /app/vendor/illuminate/container/BoundMethod.php(36): App\\Http\\Controllers\\NotificationController->index(Object(Laravel\\Lumen\\Http\\Request))
#8 /app/vendor/illuminate/container/Util.php(41): Illuminate\\Container\\BoundMethod::Illuminate\\Container\\{closure}()
#9 /app/vendor/illuminate/container/BoundMethod.php(93): Illuminate\\Container\\Util::unwrapIfClosure(Object(Closure))
#10 /app/vendor/illuminate/container/BoundMethod.php(35): Illuminate\\Container\\BoundMethod::callBoundMethod(Object(Laravel\\Lumen\\Application), Array, Object(Closure))
#11 /app/vendor/illuminate/container/Container.php(662): Illuminate\\Container\\BoundMethod::call(Object(Laravel\\Lumen\\Application), Array, Array, NULL)
#12 /app/vendor/laravel/lumen-framework/src/Concerns/RoutesRequests.php(391): Illuminate\\Container\\Container->call(Array, Array)
#13 /app/vendor/laravel/lumen-framework/src/Concerns/RoutesRequests.php(356): Laravel\\Lumen\\Application->callControllerCallable(Array, Array)
#14 /app/vendor/laravel/lumen-framework/src/Concerns/RoutesRequests.php(331): Laravel\\Lumen\\Application->callLumenController(Object(App\\Http\\Controllers\\NotificationController), 'index', Array)
#15 /app/vendor/laravel/lumen-framework/src/Concerns/RoutesRequests.php(284): Laravel\\Lumen\\Application->callControllerAction(Array)
#16 /app/vendor/laravel/lumen-framework/src/Concerns/RoutesRequests.php(264): Laravel\\Lumen\\Application->callActionOnArrayBasedRoute(Array)
#17 /app/vendor/laravel/lumen-framework/src/Routing/Pipeline.php(48): Laravel\\Lumen\\Application->Laravel\\Lumen\\Concerns\\{closure}(Object(Laravel\\Lumen\\Http\\Request))
#18 /app/app/Http/Middleware/Authenticate.php(35): Laravel\\Lumen\\Routing\\Pipeline->Laravel\\Lumen\\Routing\\{closure}(Object(Laravel\\Lumen\\Http\\Request))
#19 /app/vendor/illuminate/pipeline/Pipeline.php(183): App\\Http\\Middleware\\Authenticate->handle(Object(Laravel\\Lumen\\Http\\Request), Object(Closure))
#20 /app/vendor/laravel/lumen-framework/src/Routing/Pipeline.php(30): Illuminate\\Pipeline\\Pipeline->Illuminate\\Pipeline\\{closure}(Object(Laravel\\Lumen\\Http\\Request))
#21 /app/vendor/illuminate/pipeline/Pipeline.php(119): Laravel\\Lumen\\Routing\\Pipeline->Laravel\\Lumen\\Routing\\{closure}(Object(Laravel\\Lumen\\Http\\Request))
#22 /app/vendor/laravel/lumen-framework/src/Concerns/RoutesRequests.php(428): Illuminate\\Pipeline\\Pipeline->then(Object(Closure))
#23 /app/vendor/laravel/lumen-framework/src/Concerns/RoutesRequests.php(263): Laravel\\Lumen\\Application->sendThroughPipeline(Array, Object(Closure))
#24 /app/vendor/laravel/lumen-framework/src/Concerns/RoutesRequests.php(171): Laravel\\Lumen\\Application->handleFoundRoute(Array)
#25 /app/vendor/laravel/lumen-framework/src/Routing/Pipeline.php(48): Laravel\\Lumen\\Application->Laravel\\Lumen\\Concerns\\{closure}(Object(Laravel\\Lumen\\Http\\Request))
#26 /app/app/Http/Middleware/CorsMiddleware.php(12): Laravel\\Lumen\\Routing\\Pipeline->Laravel\\Lumen\\Routing\\{closure}(Object(Laravel\\Lumen\\Http\\Request))
#27 /app/vendor/illuminate/pipeline/Pipeline.php(183): App\\Http\\Middleware\\CorsMiddleware->handle(Object(Laravel\\Lumen\\Http\\Request), Object(Closure))
#28 /app/vendor/laravel/lumen-framework/src/Routing/Pipeline.php(30): Illuminate\\Pipeline\\Pipeline->Illuminate\\Pipeline\\{closure}(Object(Laravel\\Lumen\\Http\\Request))
#29 /app/vendor/illuminate/pipeline/Pipeline.php(119): Laravel\\Lumen\\Routing\\Pipeline->Laravel\\Lumen\\Routing\\{closure}(Object(Laravel\\Lumen\\Http\\Request))
#30 /app/vendor/laravel/lumen-framework/src/Concerns/RoutesRequests.php(428): Illuminate\\Pipeline\\Pipeline->then(Object(Closure))
#31 /app/vendor/laravel/lumen-framework/src/Concerns/RoutesRequests.php(167): Laravel\\Lumen\\Application->sendThroughPipeline(Array, Object(Closure))
#32 /app/vendor/laravel/lumen-framework/src/Concerns/RoutesRequests.php(112): Laravel\\Lumen\\Application->dispatch(NULL)
#33 /app/public/index.php(5): Laravel\\Lumen\\Application->run()
#34 {main}
"} 
[2026-04-27 00:47:39] local.ERROR: SQLSTATE[42P01]: Undefined table: 7 ERROR:  relation "notifications" does not exist
LINE 2:              FROM notifications
                          ^ (Connection: pgsql, SQL: SELECT id, type, data, read_at, created_at
             FROM notifications
             WHERE notifiable_type = App\Models\User AND notifiable_id = 00000000-0000-0000-0000-000000000001::uuid
             ORDER BY read_at IS NOT NULL, created_at DESC
             LIMIT 50) {"exception":"[object] (Illuminate\\Database\\QueryException(code: 42P01): SQLSTATE[42P01]: Undefined table: 7 ERROR:  relation \"notifications\" does not exist
LINE 2:              FROM notifications
                          ^ (Connection: pgsql, SQL: SELECT id, type, data, read_at, created_at
             FROM notifications
             WHERE notifiable_type = App\\Models\\User AND notifiable_id = 00000000-0000-0000-0000-000000000001::uuid
             ORDER BY read_at IS NOT NULL, created_at DESC
             LIMIT 50) at /app/vendor/illuminate/database/Connection.php:829)
[stacktrace]
#0 /app/vendor/illuminate/database/Connection.php(783): Illuminate\\Database\\Connection->runQueryCallback('SELECT id, type...', Array, Object(Closure))
#1 /app/vendor/illuminate/database/Connection.php(414): Illuminate\\Database\\Connection->run('SELECT id, type...', Array, Object(Closure))
#2 /app/vendor/illuminate/database/DatabaseManager.php(509): Illuminate\\Database\\Connection->select('SELECT id, type...', Array)
#3 /app/vendor/illuminate/support/Facades/Facade.php(355): Illuminate\\Database\\DatabaseManager->__call('select', Array)
#4 /app/app/Http/Controllers/NotificationController.php(17): Illuminate\\Support\\Facades\\Facade::__callStatic('select', Array)
#5 /app/vendor/illuminate/container/BoundMethod.php(36): App\\Http\\Controllers\\NotificationController->index(Object(Laravel\\Lumen\\Http\\Request))
#6 /app/vendor/illuminate/container/Util.php(41): Illuminate\\Container\\BoundMethod::Illuminate\\Container\\{closure}()
#7 /app/vendor/illuminate/container/BoundMethod.php(93): Illuminate\\Container\\Util::unwrapIfClosure(Object(Closure))
#8 /app/vendor/illuminate/container/BoundMethod.php(35): Illuminate\\Container\\BoundMethod::callBoundMethod(Object(Laravel\\Lumen\\Application), Array, Object(Closure))
#9 /app/vendor/illuminate/container/Container.php(662): Illuminate\\Container\\BoundMethod::call(Object(Laravel\\Lumen\\Application), Array, Array, NULL)
#10 /app/vendor/laravel/lumen-framework/src/Concerns/RoutesRequests.php(391): Illuminate\\Container\\Container->call(Array, Array)
#11 /app/vendor/laravel/lumen-framework/src/Concerns/RoutesRequests.php(356): Laravel\\Lumen\\Application->callControllerCallable(Array, Array)
#12 /app/vendor/laravel/lumen-framework/src/Concerns/RoutesRequests.php(331): Laravel\\Lumen\\Application->callLumenController(Object(App\\Http\\Controllers\\NotificationController), 'index', Array)
#13 /app/vendor/laravel/lumen-framework/src/Concerns/RoutesRequests.php(284): Laravel\\Lumen\\Application->callControllerAction(Array)
#14 /app/vendor/laravel/lumen-framework/src/Concerns/RoutesRequests.php(264): Laravel\\Lumen\\Application->callActionOnArrayBasedRoute(Array)
#15 /app/vendor/laravel/lumen-framework/src/Routing/Pipeline.php(48): Laravel\\Lumen\\Application->Laravel\\Lumen\\Concerns\\{closure}(Object(Laravel\\Lumen\\Http\\Request))
#16 /app/app/Http/Middleware/Authenticate.php(35): Laravel\\Lumen\\Routing\\Pipeline->Laravel\\Lumen\\Routing\\{closure}(Object(Laravel\\Lumen\\Http\\Request))
#17 /app/vendor/illuminate/pipeline/Pipeline.php(183): App\\Http\\Middleware\\Authenticate->handle(Object(Laravel\\Lumen\\Http\\Request), Object(Closure))
#18 /app/vendor/laravel/lumen-framework/src/Routing/Pipeline.php(30): Illuminate\\Pipeline\\Pipeline->Illuminate\\Pipeline\\{closure}(Object(Laravel\\Lumen\\Http\\Request))
#19 /app/vendor/illuminate/pipeline/Pipeline.php(119): Laravel\\Lumen\\Routing\\Pipeline->Laravel\\Lumen\\Routing\\{closure}(Object(Laravel\\Lumen\\Http\\Request))
#20 /app/vendor/laravel/lumen-framework/src/Concerns/RoutesRequests.php(428): Illuminate\\Pipeline\\Pipeline->then(Object(Closure))
#21 /app/vendor/laravel/lumen-framework/src/Concerns/RoutesRequests.php(263): Laravel\\Lumen\\Application->sendThroughPipeline(Array, Object(Closure))
#22 /app/vendor/laravel/lumen-framework/src/Concerns/RoutesRequests.php(171): Laravel\\Lumen\\Application->handleFoundRoute(Array)
#23 /app/vendor/laravel/lumen-framework/src/Routing/Pipeline.php(48): Laravel\\Lumen\\Application->Laravel\\Lumen\\Concerns\\{closure}(Object(Laravel\\Lumen\\Http\\Request))
#24 /app/app/Http/Middleware/CorsMiddleware.php(12): Laravel\\Lumen\\Routing\\Pipeline->Laravel\\Lumen\\Routing\\{closure}(Object(Laravel\\Lumen\\Http\\Request))
#25 /app/vendor/illuminate/pipeline/Pipeline.php(183): App\\Http\\Middleware\\CorsMiddleware->handle(Object(Laravel\\Lumen\\Http\\Request), Object(Closure))
#26 /app/vendor/laravel/lumen-framework/src/Routing/Pipeline.php(30): Illuminate\\Pipeline\\Pipeline->Illuminate\\Pipeline\\{closure}(Object(Laravel\\Lumen\\Http\\Request))
#27 /app/vendor/illuminate/pipeline/Pipeline.php(119): Laravel\\Lumen\\Routing\\Pipeline->Laravel\\Lumen\\Routing\\{closure}(Object(Laravel\\Lumen\\Http\\Request))
#28 /app/vendor/laravel/lumen-framework/src/Concerns/RoutesRequests.php(428): Illuminate\\Pipeline\\Pipeline->then(Object(Closure))
#29 /app/vendor/laravel/lumen-framework/src/Concerns/RoutesRequests.php(167): Laravel\\Lumen\\Application->sendThroughPipeline(Array, Object(Closure))
#30 /app/vendor/laravel/lumen-framework/src/Concerns/RoutesRequests.php(112): Laravel\\Lumen\\Application->dispatch(NULL)
#31 /app/public/index.php(5): Laravel\\Lumen\\Application->run()
#32 {main}

[previous exception] [object] (PDOException(code: 42P01): SQLSTATE[42P01]: Undefined table: 7 ERROR:  relation \"notifications\" does not exist
LINE 2:              FROM notifications
                          ^ at /app/vendor/illuminate/database/Connection.php:428)
[stacktrace]
#0 /app/vendor/illuminate/database/Connection.php(428): PDOStatement->execute()
#1 /app/vendor/illuminate/database/Connection.php(816): Illuminate\\Database\\Connection->Illuminate\\Database\\{closure}('SELECT id, type...', Array)
#2 /app/vendor/illuminate/database/Connection.php(783): Illuminate\\Database\\Connection->runQueryCallback('SELECT id, type...', Array, Object(Closure))
#3 /app/vendor/illuminate/database/Connection.php(414): Illuminate\\Database\\Connection->run('SELECT id, type...', Array, Object(Closure))
#4 /app/vendor/illuminate/database/DatabaseManager.php(509): Illuminate\\Database\\Connection->select('SELECT id, type...', Array)
#5 /app/vendor/illuminate/support/Facades/Facade.php(355): Illuminate\\Database\\DatabaseManager->__call('select', Array)
#6 /app/app/Http/Controllers/NotificationController.php(17): Illuminate\\Support\\Facades\\Facade::__callStatic('select', Array)
#7 /app/vendor/illuminate/container/BoundMethod.php(36): App\\Http\\Controllers\\NotificationController->index(Object(Laravel\\Lumen\\Http\\Request))
#8 /app/vendor/illuminate/container/Util.php(41): Illuminate\\Container\\BoundMethod::Illuminate\\Container\\{closure}()
#9 /app/vendor/illuminate/container/BoundMethod.php(93): Illuminate\\Container\\Util::unwrapIfClosure(Object(Closure))
#10 /app/vendor/illuminate/container/BoundMethod.php(35): Illuminate\\Container\\BoundMethod::callBoundMethod(Object(Laravel\\Lumen\\Application), Array, Object(Closure))
#11 /app/vendor/illuminate/container/Container.php(662): Illuminate\\Container\\BoundMethod::call(Object(Laravel\\Lumen\\Application), Array, Array, NULL)
#12 /app/vendor/laravel/lumen-framework/src/Concerns/RoutesRequests.php(391): Illuminate\\Container\\Container->call(Array, Array)
#13 /app/vendor/laravel/lumen-framework/src/Concerns/RoutesRequests.php(356): Laravel\\Lumen\\Application->callControllerCallable(Array, Array)
#14 /app/vendor/laravel/lumen-framework/src/Concerns/RoutesRequests.php(331): Laravel\\Lumen\\Application->callLumenController(Object(App\\Http\\Controllers\\NotificationController), 'index', Array)
#15 /app/vendor/laravel/lumen-framework/src/Concerns/RoutesRequests.php(284): Laravel\\Lumen\\Application->callControllerAction(Array)
#16 /app/vendor/laravel/lumen-framework/src/Concerns/RoutesRequests.php(264): Laravel\\Lumen\\Application->callActionOnArrayBasedRoute(Array)
#17 /app/vendor/laravel/lumen-framework/src/Routing/Pipeline.php(48): Laravel\\Lumen\\Application->Laravel\\Lumen\\Concerns\\{closure}(Object(Laravel\\Lumen\\Http\\Request))
#18 /app/app/Http/Middleware/Authenticate.php(35): Laravel\\Lumen\\Routing\\Pipeline->Laravel\\Lumen\\Routing\\{closure}(Object(Laravel\\Lumen\\Http\\Request))
#19 /app/vendor/illuminate/pipeline/Pipeline.php(183): App\\Http\\Middleware\\Authenticate->handle(Object(Laravel\\Lumen\\Http\\Request), Object(Closure))
#20 /app/vendor/laravel/lumen-framework/src/Routing/Pipeline.php(30): Illuminate\\Pipeline\\Pipeline->Illuminate\\Pipeline\\{closure}(Object(Laravel\\Lumen\\Http\\Request))
#21 /app/vendor/illuminate/pipeline/Pipeline.php(119): Laravel\\Lumen\\Routing\\Pipeline->Laravel\\Lumen\\Routing\\{closure}(Object(Laravel\\Lumen\\Http\\Request))
#22 /app/vendor/laravel/lumen-framework/src/Concerns/RoutesRequests.php(428): Illuminate\\Pipeline\\Pipeline->then(Object(Closure))
#23 /app/vendor/laravel/lumen-framework/src/Concerns/RoutesRequests.php(263): Laravel\\Lumen\\Application->sendThroughPipeline(Array, Object(Closure))
#24 /app/vendor/laravel/lumen-framework/src/Concerns/RoutesRequests.php(171): Laravel\\Lumen\\Application->handleFoundRoute(Array)
#25 /app/vendor/laravel/lumen-framework/src/Routing/Pipeline.php(48): Laravel\\Lumen\\Application->Laravel\\Lumen\\Concerns\\{closure}(Object(Laravel\\Lumen\\Http\\Request))
#26 /app/app/Http/Middleware/CorsMiddleware.php(12): Laravel\\Lumen\\Routing\\Pipeline->Laravel\\Lumen\\Routing\\{closure}(Object(Laravel\\Lumen\\Http\\Request))
#27 /app/vendor/illuminate/pipeline/Pipeline.php(183): App\\Http\\Middleware\\CorsMiddleware->handle(Object(Laravel\\Lumen\\Http\\Request), Object(Closure))
#28 /app/vendor/laravel/lumen-framework/src/Routing/Pipeline.php(30): Illuminate\\Pipeline\\Pipeline->Illuminate\\Pipeline\\{closure}(Object(Laravel\\Lumen\\Http\\Request))
#29 /app/vendor/illuminate/pipeline/Pipeline.php(119): Laravel\\Lumen\\Routing\\Pipeline->Laravel\\Lumen\\Routing\\{closure}(Object(Laravel\\Lumen\\Http\\Request))
#30 /app/vendor/laravel/lumen-framework/src/Concerns/RoutesRequests.php(428): Illuminate\\Pipeline\\Pipeline->then(Object(Closure))
#31 /app/vendor/laravel/lumen-framework/src/Concerns/RoutesRequests.php(167): Laravel\\Lumen\\Application->sendThroughPipeline(Array, Object(Closure))
#32 /app/vendor/laravel/lumen-framework/src/Concerns/RoutesRequests.php(112): Laravel\\Lumen\\Application->dispatch(NULL)
#33 /app/public/index.php(5): Laravel\\Lumen\\Application->run()
#34 {main}
"} 
[2026-04-27 00:47:39] local.ERROR: SQLSTATE[42P01]: Undefined table: 7 ERROR:  relation "notifications" does not exist
LINE 2:              FROM notifications
                          ^ (Connection: pgsql, SQL: SELECT id, type, data, read_at, created_at
             FROM notifications
             WHERE notifiable_type = App\Models\User AND notifiable_id = 00000000-0000-0000-0000-000000000001::uuid
             ORDER BY read_at IS NOT NULL, created_at DESC
             LIMIT 50) {"exception":"[object] (Illuminate\\Database\\QueryException(code: 42P01): SQLSTATE[42P01]: Undefined table: 7 ERROR:  relation \"notifications\" does not exist
LINE 2:              FROM notifications
                          ^ (Connection: pgsql, SQL: SELECT id, type, data, read_at, created_at
             FROM notifications
             WHERE notifiable_type = App\\Models\\User AND notifiable_id = 00000000-0000-0000-0000-000000000001::uuid
             ORDER BY read_at IS NOT NULL, created_at DESC
             LIMIT 50) at /app/vendor/illuminate/database/Connection.php:829)
[stacktrace]
#0 /app/vendor/illuminate/database/Connection.php(783): Illuminate\\Database\\Connection->runQueryCallback('SELECT id, type...', Array, Object(Closure))
#1 /app/vendor/illuminate/database/Connection.php(414): Illuminate\\Database\\Connection->run('SELECT id, type...', Array, Object(Closure))
#2 /app/vendor/illuminate/database/DatabaseManager.php(509): Illuminate\\Database\\Connection->select('SELECT id, type...', Array)
#3 /app/vendor/illuminate/support/Facades/Facade.php(355): Illuminate\\Database\\DatabaseManager->__call('select', Array)
#4 /app/app/Http/Controllers/NotificationController.php(17): Illuminate\\Support\\Facades\\Facade::__callStatic('select', Array)
#5 /app/vendor/illuminate/container/BoundMethod.php(36): App\\Http\\Controllers\\NotificationController->index(Object(Laravel\\Lumen\\Http\\Request))
#6 /app/vendor/illuminate/container/Util.php(41): Illuminate\\Container\\BoundMethod::Illuminate\\Container\\{closure}()
#7 /app/vendor/illuminate/container/BoundMethod.php(93): Illuminate\\Container\\Util::unwrapIfClosure(Object(Closure))
#8 /app/vendor/illuminate/container/BoundMethod.php(35): Illuminate\\Container\\BoundMethod::callBoundMethod(Object(Laravel\\Lumen\\Application), Array, Object(Closure))
#9 /app/vendor/illuminate/container/Container.php(662): Illuminate\\Container\\BoundMethod::call(Object(Laravel\\Lumen\\Application), Array, Array, NULL)
#10 /app/vendor/laravel/lumen-framework/src/Concerns/RoutesRequests.php(391): Illuminate\\Container\\Container->call(Array, Array)
#11 /app/vendor/laravel/lumen-framework/src/Concerns/RoutesRequests.php(356): Laravel\\Lumen\\Application->callControllerCallable(Array, Array)
#12 /app/vendor/laravel/lumen-framework/src/Concerns/RoutesRequests.php(331): Laravel\\Lumen\\Application->callLumenController(Object(App\\Http\\Controllers\\NotificationController), 'index', Array)
#13 /app/vendor/laravel/lumen-framework/src/Concerns/RoutesRequests.php(284): Laravel\\Lumen\\Application->callControllerAction(Array)
#14 /app/vendor/laravel/lumen-framework/src/Concerns/RoutesRequests.php(264): Laravel\\Lumen\\Application->callActionOnArrayBasedRoute(Array)
#15 /app/vendor/laravel/lumen-framework/src/Routing/Pipeline.php(48): Laravel\\Lumen\\Application->Laravel\\Lumen\\Concerns\\{closure}(Object(Laravel\\Lumen\\Http\\Request))
#16 /app/app/Http/Middleware/Authenticate.php(35): Laravel\\Lumen\\Routing\\Pipeline->Laravel\\Lumen\\Routing\\{closure}(Object(Laravel\\Lumen\\Http\\Request))
#17 /app/vendor/illuminate/pipeline/Pipeline.php(183): App\\Http\\Middleware\\Authenticate->handle(Object(Laravel\\Lumen\\Http\\Request), Object(Closure))
#18 /app/vendor/laravel/lumen-framework/src/Routing/Pipeline.php(30): Illuminate\\Pipeline\\Pipeline->Illuminate\\Pipeline\\{closure}(Object(Laravel\\Lumen\\Http\\Request))
#19 /app/vendor/illuminate/pipeline/Pipeline.php(119): Laravel\\Lumen\\Routing\\Pipeline->Laravel\\Lumen\\Routing\\{closure}(Object(Laravel\\Lumen\\Http\\Request))
#20 /app/vendor/laravel/lumen-framework/src/Concerns/RoutesRequests.php(428): Illuminate\\Pipeline\\Pipeline->then(Object(Closure))
#21 /app/vendor/laravel/lumen-framework/src/Concerns/RoutesRequests.php(263): Laravel\\Lumen\\Application->sendThroughPipeline(Array, Object(Closure))
#22 /app/vendor/laravel/lumen-framework/src/Concerns/RoutesRequests.php(171): Laravel\\Lumen\\Application->handleFoundRoute(Array)
#23 /app/vendor/laravel/lumen-framework/src/Routing/Pipeline.php(48): Laravel\\Lumen\\Application->Laravel\\Lumen\\Concerns\\{closure}(Object(Laravel\\Lumen\\Http\\Request))
#24 /app/app/Http/Middleware/CorsMiddleware.php(12): Laravel\\Lumen\\Routing\\Pipeline->Laravel\\Lumen\\Routing\\{closure}(Object(Laravel\\Lumen\\Http\\Request))
#25 /app/vendor/illuminate/pipeline/Pipeline.php(183): App\\Http\\Middleware\\CorsMiddleware->handle(Object(Laravel\\Lumen\\Http\\Request), Object(Closure))
#26 /app/vendor/laravel/lumen-framework/src/Routing/Pipeline.php(30): Illuminate\\Pipeline\\Pipeline->Illuminate\\Pipeline\\{closure}(Object(Laravel\\Lumen\\Http\\Request))
#27 /app/vendor/illuminate/pipeline/Pipeline.php(119): Laravel\\Lumen\\Routing\\Pipeline->Laravel\\Lumen\\Routing\\{closure}(Object(Laravel\\Lumen\\Http\\Request))
#28 /app/vendor/laravel/lumen-framework/src/Concerns/RoutesRequests.php(428): Illuminate\\Pipeline\\Pipeline->then(Object(Closure))
#29 /app/vendor/laravel/lumen-framework/src/Concerns/RoutesRequests.php(167): Laravel\\Lumen\\Application->sendThroughPipeline(Array, Object(Closure))
#30 /app/vendor/laravel/lumen-framework/src/Concerns/RoutesRequests.php(112): Laravel\\Lumen\\Application->dispatch(NULL)
#31 /app/public/index.php(5): Laravel\\Lumen\\Application->run()
#32 {main}

[previous exception] [object] (PDOException(code: 42P01): SQLSTATE[42P01]: Undefined table: 7 ERROR:  relation \"notifications\" does not exist
LINE 2:              FROM notifications
                          ^ at /app/vendor/illuminate/database/Connection.php:428)
[stacktrace]
#0 /app/vendor/illuminate/database/Connection.php(428): PDOStatement->execute()
#1 /app/vendor/illuminate/database/Connection.php(816): Illuminate\\Database\\Connection->Illuminate\\Database\\{closure}('SELECT id, type...', Array)
#2 /app/vendor/illuminate/database/Connection.php(783): Illuminate\\Database\\Connection->runQueryCallback('SELECT id, type...', Array, Object(Closure))
#3 /app/vendor/illuminate/database/Connection.php(414): Illuminate\\Database\\Connection->run('SELECT id, type...', Array, Object(Closure))
#4 /app/vendor/illuminate/database/DatabaseManager.php(509): Illuminate\\Database\\Connection->select('SELECT id, type...', Array)
#5 /app/vendor/illuminate/support/Facades/Facade.php(355): Illuminate\\Database\\DatabaseManager->__call('select', Array)
#6 /app/app/Http/Controllers/NotificationController.php(17): Illuminate\\Support\\Facades\\Facade::__callStatic('select', Array)
#7 /app/vendor/illuminate/container/BoundMethod.php(36): App\\Http\\Controllers\\NotificationController->index(Object(Laravel\\Lumen\\Http\\Request))
#8 /app/vendor/illuminate/container/Util.php(41): Illuminate\\Container\\BoundMethod::Illuminate\\Container\\{closure}()
#9 /app/vendor/illuminate/container/BoundMethod.php(93): Illuminate\\Container\\Util::unwrapIfClosure(Object(Closure))
#10 /app/vendor/illuminate/container/BoundMethod.php(35): Illuminate\\Container\\BoundMethod::callBoundMethod(Object(Laravel\\Lumen\\Application), Array, Object(Closure))
#11 /app/vendor/illuminate/container/Container.php(662): Illuminate\\Container\\BoundMethod::call(Object(Laravel\\Lumen\\Application), Array, Array, NULL)
#12 /app/vendor/laravel/lumen-framework/src/Concerns/RoutesRequests.php(391): Illuminate\\Container\\Container->call(Array, Array)
#13 /app/vendor/laravel/lumen-framework/src/Concerns/RoutesRequests.php(356): Laravel\\Lumen\\Application->callControllerCallable(Array, Array)
#14 /app/vendor/laravel/lumen-framework/src/Concerns/RoutesRequests.php(331): Laravel\\Lumen\\Application->callLumenController(Object(App\\Http\\Controllers\\NotificationController), 'index', Array)
#15 /app/vendor/laravel/lumen-framework/src/Concerns/RoutesRequests.php(284): Laravel\\Lumen\\Application->callControllerAction(Array)
#16 /app/vendor/laravel/lumen-framework/src/Concerns/RoutesRequests.php(264): Laravel\\Lumen\\Application->callActionOnArrayBasedRoute(Array)
#17 /app/vendor/laravel/lumen-framework/src/Routing/Pipeline.php(48): Laravel\\Lumen\\Application->Laravel\\Lumen\\Concerns\\{closure}(Object(Laravel\\Lumen\\Http\\Request))
#18 /app/app/Http/Middleware/Authenticate.php(35): Laravel\\Lumen\\Routing\\Pipeline->Laravel\\Lumen\\Routing\\{closure}(Object(Laravel\\Lumen\\Http\\Request))
#19 /app/vendor/illuminate/pipeline/Pipeline.php(183): App\\Http\\Middleware\\Authenticate->handle(Object(Laravel\\Lumen\\Http\\Request), Object(Closure))
#20 /app/vendor/laravel/lumen-framework/src/Routing/Pipeline.php(30): Illuminate\\Pipeline\\Pipeline->Illuminate\\Pipeline\\{closure}(Object(Laravel\\Lumen\\Http\\Request))
#21 /app/vendor/illuminate/pipeline/Pipeline.php(119): Laravel\\Lumen\\Routing\\Pipeline->Laravel\\Lumen\\Routing\\{closure}(Object(Laravel\\Lumen\\Http\\Request))
#22 /app/vendor/laravel/lumen-framework/src/Concerns/RoutesRequests.php(428): Illuminate\\Pipeline\\Pipeline->then(Object(Closure))
#23 /app/vendor/laravel/lumen-framework/src/Concerns/RoutesRequests.php(263): Laravel\\Lumen\\Application->sendThroughPipeline(Array, Object(Closure))
#24 /app/vendor/laravel/lumen-framework/src/Concerns/RoutesRequests.php(171): Laravel\\Lumen\\Application->handleFoundRoute(Array)
#25 /app/vendor/laravel/lumen-framework/src/Routing/Pipeline.php(48): Laravel\\Lumen\\Application->Laravel\\Lumen\\Concerns\\{closure}(Object(Laravel\\Lumen\\Http\\Request))
#26 /app/app/Http/Middleware/CorsMiddleware.php(12): Laravel\\Lumen\\Routing\\Pipeline->Laravel\\Lumen\\Routing\\{closure}(Object(Laravel\\Lumen\\Http\\Request))
#27 /app/vendor/illuminate/pipeline/Pipeline.php(183): App\\Http\\Middleware\\CorsMiddleware->handle(Object(Laravel\\Lumen\\Http\\Request), Object(Closure))
#28 /app/vendor/laravel/lumen-framework/src/Routing/Pipeline.php(30): Illuminate\\Pipeline\\Pipeline->Illuminate\\Pipeline\\{closure}(Object(Laravel\\Lumen\\Http\\Request))
#29 /app/vendor/illuminate/pipeline/Pipeline.php(119): Laravel\\Lumen\\Routing\\Pipeline->Laravel\\Lumen\\Routing\\{closure}(Object(Laravel\\Lumen\\Http\\Request))
#30 /app/vendor/laravel/lumen-framework/src/Concerns/RoutesRequests.php(428): Illuminate\\Pipeline\\Pipeline->then(Object(Closure))
#31 /app/vendor/laravel/lumen-framework/src/Concerns/RoutesRequests.php(167): Laravel\\Lumen\\Application->sendThroughPipeline(Array, Object(Closure))
#32 /app/vendor/laravel/lumen-framework/src/Concerns/RoutesRequests.php(112): Laravel\\Lumen\\Application->dispatch(NULL)
#33 /app/public/index.php(5): Laravel\\Lumen\\Application->run()
#34 {main}
"} 
[2026-04-27 00:47:40] local.ERROR: SQLSTATE[42P01]: Undefined table: 7 ERROR:  relation "notifications" does not exist
LINE 2:              FROM notifications
                          ^ (Connection: pgsql, SQL: SELECT id, type, data, read_at, created_at
             FROM notifications
             WHERE notifiable_type = App\Models\User AND notifiable_id = 00000000-0000-0000-0000-000000000099::uuid
             ORDER BY read_at IS NOT NULL, created_at DESC
             LIMIT 50) {"exception":"[object] (Illuminate\\Database\\QueryException(code: 42P01): SQLSTATE[42P01]: Undefined table: 7 ERROR:  relation \"notifications\" does not exist
LINE 2:              FROM notifications
                          ^ (Connection: pgsql, SQL: SELECT id, type, data, read_at, created_at
             FROM notifications
             WHERE notifiable_type = App\\Models\\User AND notifiable_id = 00000000-0000-0000-0000-000000000099::uuid
             ORDER BY read_at IS NOT NULL, created_at DESC
             LIMIT 50) at /app/vendor/illuminate/database/Connection.php:829)
[stacktrace]
#0 /app/vendor/illuminate/database/Connection.php(783): Illuminate\\Database\\Connection->runQueryCallback('SELECT id, type...', Array, Object(Closure))
#1 /app/vendor/illuminate/database/Connection.php(414): Illuminate\\Database\\Connection->run('SELECT id, type...', Array, Object(Closure))
#2 /app/vendor/illuminate/database/DatabaseManager.php(509): Illuminate\\Database\\Connection->select('SELECT id, type...', Array)
#3 /app/vendor/illuminate/support/Facades/Facade.php(355): Illuminate\\Database\\DatabaseManager->__call('select', Array)
#4 /app/app/Http/Controllers/NotificationController.php(17): Illuminate\\Support\\Facades\\Facade::__callStatic('select', Array)
#5 /app/vendor/illuminate/container/BoundMethod.php(36): App\\Http\\Controllers\\NotificationController->index(Object(Laravel\\Lumen\\Http\\Request))
#6 /app/vendor/illuminate/container/Util.php(41): Illuminate\\Container\\BoundMethod::Illuminate\\Container\\{closure}()
#7 /app/vendor/illuminate/container/BoundMethod.php(93): Illuminate\\Container\\Util::unwrapIfClosure(Object(Closure))
#8 /app/vendor/illuminate/container/BoundMethod.php(35): Illuminate\\Container\\BoundMethod::callBoundMethod(Object(Laravel\\Lumen\\Application), Array, Object(Closure))
#9 /app/vendor/illuminate/container/Container.php(662): Illuminate\\Container\\BoundMethod::call(Object(Laravel\\Lumen\\Application), Array, Array, NULL)
#10 /app/vendor/laravel/lumen-framework/src/Concerns/RoutesRequests.php(391): Illuminate\\Container\\Container->call(Array, Array)
#11 /app/vendor/laravel/lumen-framework/src/Concerns/RoutesRequests.php(356): Laravel\\Lumen\\Application->callControllerCallable(Array, Array)
#12 /app/vendor/laravel/lumen-framework/src/Concerns/RoutesRequests.php(331): Laravel\\Lumen\\Application->callLumenController(Object(App\\Http\\Controllers\\NotificationController), 'index', Array)
#13 /app/vendor/laravel/lumen-framework/src/Concerns/RoutesRequests.php(284): Laravel\\Lumen\\Application->callControllerAction(Array)
#14 /app/vendor/laravel/lumen-framework/src/Concerns/RoutesRequests.php(264): Laravel\\Lumen\\Application->callActionOnArrayBasedRoute(Array)
#15 /app/vendor/laravel/lumen-framework/src/Routing/Pipeline.php(48): Laravel\\Lumen\\Application->Laravel\\Lumen\\Concerns\\{closure}(Object(Laravel\\Lumen\\Http\\Request))
#16 /app/app/Http/Middleware/Authenticate.php(35): Laravel\\Lumen\\Routing\\Pipeline->Laravel\\Lumen\\Routing\\{closure}(Object(Laravel\\Lumen\\Http\\Request))
#17 /app/vendor/illuminate/pipeline/Pipeline.php(183): App\\Http\\Middleware\\Authenticate->handle(Object(Laravel\\Lumen\\Http\\Request), Object(Closure))
#18 /app/vendor/laravel/lumen-framework/src/Routing/Pipeline.php(30): Illuminate\\Pipeline\\Pipeline->Illuminate\\Pipeline\\{closure}(Object(Laravel\\Lumen\\Http\\Request))
#19 /app/vendor/illuminate/pipeline/Pipeline.php(119): Laravel\\Lumen\\Routing\\Pipeline->Laravel\\Lumen\\Routing\\{closure}(Object(Laravel\\Lumen\\Http\\Request))
#20 /app/vendor/laravel/lumen-framework/src/Concerns/RoutesRequests.php(428): Illuminate\\Pipeline\\Pipeline->then(Object(Closure))
#21 /app/vendor/laravel/lumen-framework/src/Concerns/RoutesRequests.php(263): Laravel\\Lumen\\Application->sendThroughPipeline(Array, Object(Closure))
#22 /app/vendor/laravel/lumen-framework/src/Concerns/RoutesRequests.php(171): Laravel\\Lumen\\Application->handleFoundRoute(Array)
#23 /app/vendor/laravel/lumen-framework/src/Routing/Pipeline.php(48): Laravel\\Lumen\\Application->Laravel\\Lumen\\Concerns\\{closure}(Object(Laravel\\Lumen\\Http\\Request))
#24 /app/app/Http/Middleware/CorsMiddleware.php(12): Laravel\\Lumen\\Routing\\Pipeline->Laravel\\Lumen\\Routing\\{closure}(Object(Laravel\\Lumen\\Http\\Request))
#25 /app/vendor/illuminate/pipeline/Pipeline.php(183): App\\Http\\Middleware\\CorsMiddleware->handle(Object(Laravel\\Lumen\\Http\\Request), Object(Closure))
#26 /app/vendor/laravel/lumen-framework/src/Routing/Pipeline.php(30): Illuminate\\Pipeline\\Pipeline->Illuminate\\Pipeline\\{closure}(Object(Laravel\\Lumen\\Http\\Request))
#27 /app/vendor/illuminate/pipeline/Pipeline.php(119): Laravel\\Lumen\\Routing\\Pipeline->Laravel\\Lumen\\Routing\\{closure}(Object(Laravel\\Lumen\\Http\\Request))
#28 /app/vendor/laravel/lumen-framework/src/Concerns/RoutesRequests.php(428): Illuminate\\Pipeline\\Pipeline->then(Object(Closure))
#29 /app/vendor/laravel/lumen-framework/src/Concerns/RoutesRequests.php(167): Laravel\\Lumen\\Application->sendThroughPipeline(Array, Object(Closure))
#30 /app/vendor/laravel/lumen-framework/src/Concerns/RoutesRequests.php(112): Laravel\\Lumen\\Application->dispatch(NULL)
#31 /app/public/index.php(5): Laravel\\Lumen\\Application->run()
#32 {main}

[previous exception] [object] (PDOException(code: 42P01): SQLSTATE[42P01]: Undefined table: 7 ERROR:  relation \"notifications\" does not exist
LINE 2:              FROM notifications
                          ^ at /app/vendor/illuminate/database/Connection.php:428)
[stacktrace]
#0 /app/vendor/illuminate/database/Connection.php(428): PDOStatement->execute()
#1 /app/vendor/illuminate/database/Connection.php(816): Illuminate\\Database\\Connection->Illuminate\\Database\\{closure}('SELECT id, type...', Array)
#2 /app/vendor/illuminate/database/Connection.php(783): Illuminate\\Database\\Connection->runQueryCallback('SELECT id, type...', Array, Object(Closure))
#3 /app/vendor/illuminate/database/Connection.php(414): Illuminate\\Database\\Connection->run('SELECT id, type...', Array, Object(Closure))
#4 /app/vendor/illuminate/database/DatabaseManager.php(509): Illuminate\\Database\\Connection->select('SELECT id, type...', Array)
#5 /app/vendor/illuminate/support/Facades/Facade.php(355): Illuminate\\Database\\DatabaseManager->__call('select', Array)
#6 /app/app/Http/Controllers/NotificationController.php(17): Illuminate\\Support\\Facades\\Facade::__callStatic('select', Array)
#7 /app/vendor/illuminate/container/BoundMethod.php(36): App\\Http\\Controllers\\NotificationController->index(Object(Laravel\\Lumen\\Http\\Request))
#8 /app/vendor/illuminate/container/Util.php(41): Illuminate\\Container\\BoundMethod::Illuminate\\Container\\{closure}()
#9 /app/vendor/illuminate/container/BoundMethod.php(93): Illuminate\\Container\\Util::unwrapIfClosure(Object(Closure))
#10 /app/vendor/illuminate/container/BoundMethod.php(35): Illuminate\\Container\\BoundMethod::callBoundMethod(Object(Laravel\\Lumen\\Application), Array, Object(Closure))
#11 /app/vendor/illuminate/container/Container.php(662): Illuminate\\Container\\BoundMethod::call(Object(Laravel\\Lumen\\Application), Array, Array, NULL)
#12 /app/vendor/laravel/lumen-framework/src/Concerns/RoutesRequests.php(391): Illuminate\\Container\\Container->call(Array, Array)
#13 /app/vendor/laravel/lumen-framework/src/Concerns/RoutesRequests.php(356): Laravel\\Lumen\\Application->callControllerCallable(Array, Array)
#14 /app/vendor/laravel/lumen-framework/src/Concerns/RoutesRequests.php(331): Laravel\\Lumen\\Application->callLumenController(Object(App\\Http\\Controllers\\NotificationController), 'index', Array)
#15 /app/vendor/laravel/lumen-framework/src/Concerns/RoutesRequests.php(284): Laravel\\Lumen\\Application->callControllerAction(Array)
#16 /app/vendor/laravel/lumen-framework/src/Concerns/RoutesRequests.php(264): Laravel\\Lumen\\Application->callActionOnArrayBasedRoute(Array)
#17 /app/vendor/laravel/lumen-framework/src/Routing/Pipeline.php(48): Laravel\\Lumen\\Application->Laravel\\Lumen\\Concerns\\{closure}(Object(Laravel\\Lumen\\Http\\Request))
#18 /app/app/Http/Middleware/Authenticate.php(35): Laravel\\Lumen\\Routing\\Pipeline->Laravel\\Lumen\\Routing\\{closure}(Object(Laravel\\Lumen\\Http\\Request))
#19 /app/vendor/illuminate/pipeline/Pipeline.php(183): App\\Http\\Middleware\\Authenticate->handle(Object(Laravel\\Lumen\\Http\\Request), Object(Closure))
#20 /app/vendor/laravel/lumen-framework/src/Routing/Pipeline.php(30): Illuminate\\Pipeline\\Pipeline->Illuminate\\Pipeline\\{closure}(Object(Laravel\\Lumen\\Http\\Request))
#21 /app/vendor/illuminate/pipeline/Pipeline.php(119): Laravel\\Lumen\\Routing\\Pipeline->Laravel\\Lumen\\Routing\\{closure}(Object(Laravel\\Lumen\\Http\\Request))
#22 /app/vendor/laravel/lumen-framework/src/Concerns/RoutesRequests.php(428): Illuminate\\Pipeline\\Pipeline->then(Object(Closure))
#23 /app/vendor/laravel/lumen-framework/src/Concerns/RoutesRequests.php(263): Laravel\\Lumen\\Application->sendThroughPipeline(Array, Object(Closure))
#24 /app/vendor/laravel/lumen-framework/src/Concerns/RoutesRequests.php(171): Laravel\\Lumen\\Application->handleFoundRoute(Array)
#25 /app/vendor/laravel/lumen-framework/src/Routing/Pipeline.php(48): Laravel\\Lumen\\Application->Laravel\\Lumen\\Concerns\\{closure}(Object(Laravel\\Lumen\\Http\\Request))
#26 /app/app/Http/Middleware/CorsMiddleware.php(12): Laravel\\Lumen\\Routing\\Pipeline->Laravel\\Lumen\\Routing\\{closure}(Object(Laravel\\Lumen\\Http\\Request))
#27 /app/vendor/illuminate/pipeline/Pipeline.php(183): App\\Http\\Middleware\\CorsMiddleware->handle(Object(Laravel\\Lumen\\Http\\Request), Object(Closure))
#28 /app/vendor/laravel/lumen-framework/src/Routing/Pipeline.php(30): Illuminate\\Pipeline\\Pipeline->Illuminate\\Pipeline\\{closure}(Object(Laravel\\Lumen\\Http\\Request))
#29 /app/vendor/illuminate/pipeline/Pipeline.php(119): Laravel\\Lumen\\Routing\\Pipeline->Laravel\\Lumen\\Routing\\{closure}(Object(Laravel\\Lumen\\Http\\Request))
#30 /app/vendor/laravel/lumen-framework/src/Concerns/RoutesRequests.php(428): Illuminate\\Pipeline\\Pipeline->then(Object(Closure))
#31 /app/vendor/laravel/lumen-framework/src/Concerns/RoutesRequests.php(167): Laravel\\Lumen\\Application->sendThroughPipeline(Array, Object(Closure))
#32 /app/vendor/laravel/lumen-framework/src/Concerns/RoutesRequests.php(112): Laravel\\Lumen\\Application->dispatch(NULL)
#33 /app/public/index.php(5): Laravel\\Lumen\\Application->run()
#34 {main}
"} 
[2026-04-27 00:48:21] local.ERROR: SQLSTATE[42P01]: Undefined table: 7 ERROR:  relation "notifications" does not exist
LINE 2:              FROM notifications
                          ^ (Connection: pgsql, SQL: SELECT id, type, data, read_at, created_at
             FROM notifications
             WHERE notifiable_type = App\Models\User AND notifiable_id = 878d88c7-c219-4e2e-8aa9-bf67256c70cc::uuid
             ORDER BY read_at IS NOT NULL, created_at DESC
             LIMIT 50) {"exception":"[object] (Illuminate\\Database\\QueryException(code: 42P01): SQLSTATE[42P01]: Undefined table: 7 ERROR:  relation \"notifications\" does not exist
LINE 2:              FROM notifications
                          ^ (Connection: pgsql, SQL: SELECT id, type, data, read_at, created_at
             FROM notifications
             WHERE notifiable_type = App\\Models\\User AND notifiable_id = 878d88c7-c219-4e2e-8aa9-bf67256c70cc::uuid
             ORDER BY read_at IS NOT NULL, created_at DESC
             LIMIT 50) at /app/vendor/illuminate/database/Connection.php:829)
[stacktrace]
#0 /app/vendor/illuminate/database/Connection.php(783): Illuminate\\Database\\Connection->runQueryCallback('SELECT id, type...', Array, Object(Closure))
#1 /app/vendor/illuminate/database/Connection.php(414): Illuminate\\Database\\Connection->run('SELECT id, type...', Array, Object(Closure))
#2 /app/vendor/illuminate/database/DatabaseManager.php(509): Illuminate\\Database\\Connection->select('SELECT id, type...', Array)
#3 /app/vendor/illuminate/support/Facades/Facade.php(355): Illuminate\\Database\\DatabaseManager->__call('select', Array)
#4 /app/app/Http/Controllers/NotificationController.php(17): Illuminate\\Support\\Facades\\Facade::__callStatic('select', Array)
#5 /app/vendor/illuminate/container/BoundMethod.php(36): App\\Http\\Controllers\\NotificationController->index(Object(Laravel\\Lumen\\Http\\Request))
#6 /app/vendor/illuminate/container/Util.php(41): Illuminate\\Container\\BoundMethod::Illuminate\\Container\\{closure}()
#7 /app/vendor/illuminate/container/BoundMethod.php(93): Illuminate\\Container\\Util::unwrapIfClosure(Object(Closure))
#8 /app/vendor/illuminate/container/BoundMethod.php(35): Illuminate\\Container\\BoundMethod::callBoundMethod(Object(Laravel\\Lumen\\Application), Array, Object(Closure))
#9 /app/vendor/illuminate/container/Container.php(662): Illuminate\\Container\\BoundMethod::call(Object(Laravel\\Lumen\\Application), Array, Array, NULL)
#10 /app/vendor/laravel/lumen-framework/src/Concerns/RoutesRequests.php(391): Illuminate\\Container\\Container->call(Array, Array)
#11 /app/vendor/laravel/lumen-framework/src/Concerns/RoutesRequests.php(356): Laravel\\Lumen\\Application->callControllerCallable(Array, Array)
#12 /app/vendor/laravel/lumen-framework/src/Concerns/RoutesRequests.php(331): Laravel\\Lumen\\Application->callLumenController(Object(App\\Http\\Controllers\\NotificationController), 'index', Array)
#13 /app/vendor/laravel/lumen-framework/src/Concerns/RoutesRequests.php(284): Laravel\\Lumen\\Application->callControllerAction(Array)
#14 /app/vendor/laravel/lumen-framework/src/Concerns/RoutesRequests.php(264): Laravel\\Lumen\\Application->callActionOnArrayBasedRoute(Array)
#15 /app/vendor/laravel/lumen-framework/src/Routing/Pipeline.php(48): Laravel\\Lumen\\Application->Laravel\\Lumen\\Concerns\\{closure}(Object(Laravel\\Lumen\\Http\\Request))
#16 /app/app/Http/Middleware/Authenticate.php(35): Laravel\\Lumen\\Routing\\Pipeline->Laravel\\Lumen\\Routing\\{closure}(Object(Laravel\\Lumen\\Http\\Request))
#17 /app/vendor/illuminate/pipeline/Pipeline.php(183): App\\Http\\Middleware\\Authenticate->handle(Object(Laravel\\Lumen\\Http\\Request), Object(Closure))
#18 /app/vendor/laravel/lumen-framework/src/Routing/Pipeline.php(30): Illuminate\\Pipeline\\Pipeline->Illuminate\\Pipeline\\{closure}(Object(Laravel\\Lumen\\Http\\Request))
#19 /app/vendor/illuminate/pipeline/Pipeline.php(119): Laravel\\Lumen\\Routing\\Pipeline->Laravel\\Lumen\\Routing\\{closure}(Object(Laravel\\Lumen\\Http\\Request))
#20 /app/vendor/laravel/lumen-framework/src/Concerns/RoutesRequests.php(428): Illuminate\\Pipeline\\Pipeline->then(Object(Closure))
#21 /app/vendor/laravel/lumen-framework/src/Concerns/RoutesRequests.php(263): Laravel\\Lumen\\Application->sendThroughPipeline(Array, Object(Closure))
#22 /app/vendor/laravel/lumen-framework/src/Concerns/RoutesRequests.php(171): Laravel\\Lumen\\Application->handleFoundRoute(Array)
#23 /app/vendor/laravel/lumen-framework/src/Routing/Pipeline.php(48): Laravel\\Lumen\\Application->Laravel\\Lumen\\Concerns\\{closure}(Object(Laravel\\Lumen\\Http\\Request))
#24 /app/app/Http/Middleware/CorsMiddleware.php(12): Laravel\\Lumen\\Routing\\Pipeline->Laravel\\Lumen\\Routing\\{closure}(Object(Laravel\\Lumen\\Http\\Request))
#25 /app/vendor/illuminate/pipeline/Pipeline.php(183): App\\Http\\Middleware\\CorsMiddleware->handle(Object(Laravel\\Lumen\\Http\\Request), Object(Closure))
#26 /app/vendor/laravel/lumen-framework/src/Routing/Pipeline.php(30): Illuminate\\Pipeline\\Pipeline->Illuminate\\Pipeline\\{closure}(Object(Laravel\\Lumen\\Http\\Request))
#27 /app/vendor/illuminate/pipeline/Pipeline.php(119): Laravel\\Lumen\\Routing\\Pipeline->Laravel\\Lumen\\Routing\\{closure}(Object(Laravel\\Lumen\\Http\\Request))
#28 /app/vendor/laravel/lumen-framework/src/Concerns/RoutesRequests.php(428): Illuminate\\Pipeline\\Pipeline->then(Object(Closure))
#29 /app/vendor/laravel/lumen-framework/src/Concerns/RoutesRequests.php(167): Laravel\\Lumen\\Application->sendThroughPipeline(Array, Object(Closure))
#30 /app/vendor/laravel/lumen-framework/src/Concerns/RoutesRequests.php(112): Laravel\\Lumen\\Application->dispatch(NULL)
#31 /app/public/index.php(5): Laravel\\Lumen\\Application->run()
#32 {main}

[previous exception] [object] (PDOException(code: 42P01): SQLSTATE[42P01]: Undefined table: 7 ERROR:  relation \"notifications\" does not exist
LINE 2:              FROM notifications
                          ^ at /app/vendor/illuminate/database/Connection.php:428)
[stacktrace]
#0 /app/vendor/illuminate/database/Connection.php(428): PDOStatement->execute()
#1 /app/vendor/illuminate/database/Connection.php(816): Illuminate\\Database\\Connection->Illuminate\\Database\\{closure}('SELECT id, type...', Array)
#2 /app/vendor/illuminate/database/Connection.php(783): Illuminate\\Database\\Connection->runQueryCallback('SELECT id, type...', Array, Object(Closure))
#3 /app/vendor/illuminate/database/Connection.php(414): Illuminate\\Database\\Connection->run('SELECT id, type...', Array, Object(Closure))
#4 /app/vendor/illuminate/database/DatabaseManager.php(509): Illuminate\\Database\\Connection->select('SELECT id, type...', Array)
#5 /app/vendor/illuminate/support/Facades/Facade.php(355): Illuminate\\Database\\DatabaseManager->__call('select', Array)
#6 /app/app/Http/Controllers/NotificationController.php(17): Illuminate\\Support\\Facades\\Facade::__callStatic('select', Array)
#7 /app/vendor/illuminate/container/BoundMethod.php(36): App\\Http\\Controllers\\NotificationController->index(Object(Laravel\\Lumen\\Http\\Request))
#8 /app/vendor/illuminate/container/Util.php(41): Illuminate\\Container\\BoundMethod::Illuminate\\Container\\{closure}()
#9 /app/vendor/illuminate/container/BoundMethod.php(93): Illuminate\\Container\\Util::unwrapIfClosure(Object(Closure))
#10 /app/vendor/illuminate/container/BoundMethod.php(35): Illuminate\\Container\\BoundMethod::callBoundMethod(Object(Laravel\\Lumen\\Application), Array, Object(Closure))
#11 /app/vendor/illuminate/container/Container.php(662): Illuminate\\Container\\BoundMethod::call(Object(Laravel\\Lumen\\Application), Array, Array, NULL)
#12 /app/vendor/laravel/lumen-framework/src/Concerns/RoutesRequests.php(391): Illuminate\\Container\\Container->call(Array, Array)
#13 /app/vendor/laravel/lumen-framework/src/Concerns/RoutesRequests.php(356): Laravel\\Lumen\\Application->callControllerCallable(Array, Array)
#14 /app/vendor/laravel/lumen-framework/src/Concerns/RoutesRequests.php(331): Laravel\\Lumen\\Application->callLumenController(Object(App\\Http\\Controllers\\NotificationController), 'index', Array)
#15 /app/vendor/laravel/lumen-framework/src/Concerns/RoutesRequests.php(284): Laravel\\Lumen\\Application->callControllerAction(Array)
#16 /app/vendor/laravel/lumen-framework/src/Concerns/RoutesRequests.php(264): Laravel\\Lumen\\Application->callActionOnArrayBasedRoute(Array)
#17 /app/vendor/laravel/lumen-framework/src/Routing/Pipeline.php(48): Laravel\\Lumen\\Application->Laravel\\Lumen\\Concerns\\{closure}(Object(Laravel\\Lumen\\Http\\Request))
#18 /app/app/Http/Middleware/Authenticate.php(35): Laravel\\Lumen\\Routing\\Pipeline->Laravel\\Lumen\\Routing\\{closure}(Object(Laravel\\Lumen\\Http\\Request))
#19 /app/vendor/illuminate/pipeline/Pipeline.php(183): App\\Http\\Middleware\\Authenticate->handle(Object(Laravel\\Lumen\\Http\\Request), Object(Closure))
#20 /app/vendor/laravel/lumen-framework/src/Routing/Pipeline.php(30): Illuminate\\Pipeline\\Pipeline->Illuminate\\Pipeline\\{closure}(Object(Laravel\\Lumen\\Http\\Request))
#21 /app/vendor/illuminate/pipeline/Pipeline.php(119): Laravel\\Lumen\\Routing\\Pipeline->Laravel\\Lumen\\Routing\\{closure}(Object(Laravel\\Lumen\\Http\\Request))
#22 /app/vendor/laravel/lumen-framework/src/Concerns/RoutesRequests.php(428): Illuminate\\Pipeline\\Pipeline->then(Object(Closure))
#23 /app/vendor/laravel/lumen-framework/src/Concerns/RoutesRequests.php(263): Laravel\\Lumen\\Application->sendThroughPipeline(Array, Object(Closure))
#24 /app/vendor/laravel/lumen-framework/src/Concerns/RoutesRequests.php(171): Laravel\\Lumen\\Application->handleFoundRoute(Array)
#25 /app/vendor/laravel/lumen-framework/src/Routing/Pipeline.php(48): Laravel\\Lumen\\Application->Laravel\\Lumen\\Concerns\\{closure}(Object(Laravel\\Lumen\\Http\\Request))
#26 /app/app/Http/Middleware/CorsMiddleware.php(12): Laravel\\Lumen\\Routing\\Pipeline->Laravel\\Lumen\\Routing\\{closure}(Object(Laravel\\Lumen\\Http\\Request))
#27 /app/vendor/illuminate/pipeline/Pipeline.php(183): App\\Http\\Middleware\\CorsMiddleware->handle(Object(Laravel\\Lumen\\Http\\Request), Object(Closure))
#28 /app/vendor/laravel/lumen-framework/src/Routing/Pipeline.php(30): Illuminate\\Pipeline\\Pipeline->Illuminate\\Pipeline\\{closure}(Object(Laravel\\Lumen\\Http\\Request))
#29 /app/vendor/illuminate/pipeline/Pipeline.php(119): Laravel\\Lumen\\Routing\\Pipeline->Laravel\\Lumen\\Routing\\{closure}(Object(Laravel\\Lumen\\Http\\Request))
#30 /app/vendor/laravel/lumen-framework/src/Concerns/RoutesRequests.php(428): Illuminate\\Pipeline\\Pipeline->then(Object(Closure))
#31 /app/vendor/laravel/lumen-framework/src/Concerns/RoutesRequests.php(167): Laravel\\Lumen\\Application->sendThroughPipeline(Array, Object(Closure))
#32 /app/vendor/laravel/lumen-framework/src/Concerns/RoutesRequests.php(112): Laravel\\Lumen\\Application->dispatch(NULL)
#33 /app/public/index.php(5): Laravel\\Lumen\\Application->run()
#34 {main}
"} 
[2026-04-27 00:48:21] local.ERROR: SQLSTATE[42P01]: Undefined table: 7 ERROR:  relation "notifications" does not exist
LINE 2:              FROM notifications
                          ^ (Connection: pgsql, SQL: SELECT id, type, data, read_at, created_at
             FROM notifications
             WHERE notifiable_type = App\Models\User AND notifiable_id = 878d88c7-c219-4e2e-8aa9-bf67256c70cc::uuid
             ORDER BY read_at IS NOT NULL, created_at DESC
             LIMIT 50) {"exception":"[object] (Illuminate\\Database\\QueryException(code: 42P01): SQLSTATE[42P01]: Undefined table: 7 ERROR:  relation \"notifications\" does not exist
LINE 2:              FROM notifications
                          ^ (Connection: pgsql, SQL: SELECT id, type, data, read_at, created_at
             FROM notifications
             WHERE notifiable_type = App\\Models\\User AND notifiable_id = 878d88c7-c219-4e2e-8aa9-bf67256c70cc::uuid
             ORDER BY read_at IS NOT NULL, created_at DESC
             LIMIT 50) at /app/vendor/illuminate/database/Connection.php:829)
[stacktrace]
#0 /app/vendor/illuminate/database/Connection.php(783): Illuminate\\Database\\Connection->runQueryCallback('SELECT id, type...', Array, Object(Closure))
#1 /app/vendor/illuminate/database/Connection.php(414): Illuminate\\Database\\Connection->run('SELECT id, type...', Array, Object(Closure))
#2 /app/vendor/illuminate/database/DatabaseManager.php(509): Illuminate\\Database\\Connection->select('SELECT id, type...', Array)
#3 /app/vendor/illuminate/support/Facades/Facade.php(355): Illuminate\\Database\\DatabaseManager->__call('select', Array)
#4 /app/app/Http/Controllers/NotificationController.php(17): Illuminate\\Support\\Facades\\Facade::__callStatic('select', Array)
#5 /app/vendor/illuminate/container/BoundMethod.php(36): App\\Http\\Controllers\\NotificationController->index(Object(Laravel\\Lumen\\Http\\Request))
#6 /app/vendor/illuminate/container/Util.php(41): Illuminate\\Container\\BoundMethod::Illuminate\\Container\\{closure}()
#7 /app/vendor/illuminate/container/BoundMethod.php(93): Illuminate\\Container\\Util::unwrapIfClosure(Object(Closure))
#8 /app/vendor/illuminate/container/BoundMethod.php(35): Illuminate\\Container\\BoundMethod::callBoundMethod(Object(Laravel\\Lumen\\Application), Array, Object(Closure))
#9 /app/vendor/illuminate/container/Container.php(662): Illuminate\\Container\\BoundMethod::call(Object(Laravel\\Lumen\\Application), Array, Array, NULL)
#10 /app/vendor/laravel/lumen-framework/src/Concerns/RoutesRequests.php(391): Illuminate\\Container\\Container->call(Array, Array)
#11 /app/vendor/laravel/lumen-framework/src/Concerns/RoutesRequests.php(356): Laravel\\Lumen\\Application->callControllerCallable(Array, Array)
#12 /app/vendor/laravel/lumen-framework/src/Concerns/RoutesRequests.php(331): Laravel\\Lumen\\Application->callLumenController(Object(App\\Http\\Controllers\\NotificationController), 'index', Array)
#13 /app/vendor/laravel/lumen-framework/src/Concerns/RoutesRequests.php(284): Laravel\\Lumen\\Application->callControllerAction(Array)
#14 /app/vendor/laravel/lumen-framework/src/Concerns/RoutesRequests.php(264): Laravel\\Lumen\\Application->callActionOnArrayBasedRoute(Array)
#15 /app/vendor/laravel/lumen-framework/src/Routing/Pipeline.php(48): Laravel\\Lumen\\Application->Laravel\\Lumen\\Concerns\\{closure}(Object(Laravel\\Lumen\\Http\\Request))
#16 /app/app/Http/Middleware/Authenticate.php(35): Laravel\\Lumen\\Routing\\Pipeline->Laravel\\Lumen\\Routing\\{closure}(Object(Laravel\\Lumen\\Http\\Request))
#17 /app/vendor/illuminate/pipeline/Pipeline.php(183): App\\Http\\Middleware\\Authenticate->handle(Object(Laravel\\Lumen\\Http\\Request), Object(Closure))
#18 /app/vendor/laravel/lumen-framework/src/Routing/Pipeline.php(30): Illuminate\\Pipeline\\Pipeline->Illuminate\\Pipeline\\{closure}(Object(Laravel\\Lumen\\Http\\Request))
#19 /app/vendor/illuminate/pipeline/Pipeline.php(119): Laravel\\Lumen\\Routing\\Pipeline->Laravel\\Lumen\\Routing\\{closure}(Object(Laravel\\Lumen\\Http\\Request))
#20 /app/vendor/laravel/lumen-framework/src/Concerns/RoutesRequests.php(428): Illuminate\\Pipeline\\Pipeline->then(Object(Closure))
#21 /app/vendor/laravel/lumen-framework/src/Concerns/RoutesRequests.php(263): Laravel\\Lumen\\Application->sendThroughPipeline(Array, Object(Closure))
#22 /app/vendor/laravel/lumen-framework/src/Concerns/RoutesRequests.php(171): Laravel\\Lumen\\Application->handleFoundRoute(Array)
#23 /app/vendor/laravel/lumen-framework/src/Routing/Pipeline.php(48): Laravel\\Lumen\\Application->Laravel\\Lumen\\Concerns\\{closure}(Object(Laravel\\Lumen\\Http\\Request))
#24 /app/app/Http/Middleware/CorsMiddleware.php(12): Laravel\\Lumen\\Routing\\Pipeline->Laravel\\Lumen\\Routing\\{closure}(Object(Laravel\\Lumen\\Http\\Request))
#25 /app/vendor/illuminate/pipeline/Pipeline.php(183): App\\Http\\Middleware\\CorsMiddleware->handle(Object(Laravel\\Lumen\\Http\\Request), Object(Closure))
#26 /app/vendor/laravel/lumen-framework/src/Routing/Pipeline.php(30): Illuminate\\Pipeline\\Pipeline->Illuminate\\Pipeline\\{closure}(Object(Laravel\\Lumen\\Http\\Request))
#27 /app/vendor/illuminate/pipeline/Pipeline.php(119): Laravel\\Lumen\\Routing\\Pipeline->Laravel\\Lumen\\Routing\\{closure}(Object(Laravel\\Lumen\\Http\\Request))
#28 /app/vendor/laravel/lumen-framework/src/Concerns/RoutesRequests.php(428): Illuminate\\Pipeline\\Pipeline->then(Object(Closure))
#29 /app/vendor/laravel/lumen-framework/src/Concerns/RoutesRequests.php(167): Laravel\\Lumen\\Application->sendThroughPipeline(Array, Object(Closure))
#30 /app/vendor/laravel/lumen-framework/src/Concerns/RoutesRequests.php(112): Laravel\\Lumen\\Application->dispatch(NULL)
#31 /app/public/index.php(5): Laravel\\Lumen\\Application->run()
#32 {main}

[previous exception] [object] (PDOException(code: 42P01): SQLSTATE[42P01]: Undefined table: 7 ERROR:  relation \"notifications\" does not exist
LINE 2:              FROM notifications
                          ^ at /app/vendor/illuminate/database/Connection.php:428)
[stacktrace]
#0 /app/vendor/illuminate/database/Connection.php(428): PDOStatement->execute()
#1 /app/vendor/illuminate/database/Connection.php(816): Illuminate\\Database\\Connection->Illuminate\\Database\\{closure}('SELECT id, type...', Array)
#2 /app/vendor/illuminate/database/Connection.php(783): Illuminate\\Database\\Connection->runQueryCallback('SELECT id, type...', Array, Object(Closure))
#3 /app/vendor/illuminate/database/Connection.php(414): Illuminate\\Database\\Connection->run('SELECT id, type...', Array, Object(Closure))
#4 /app/vendor/illuminate/database/DatabaseManager.php(509): Illuminate\\Database\\Connection->select('SELECT id, type...', Array)
#5 /app/vendor/illuminate/support/Facades/Facade.php(355): Illuminate\\Database\\DatabaseManager->__call('select', Array)
#6 /app/app/Http/Controllers/NotificationController.php(17): Illuminate\\Support\\Facades\\Facade::__callStatic('select', Array)
#7 /app/vendor/illuminate/container/BoundMethod.php(36): App\\Http\\Controllers\\NotificationController->index(Object(Laravel\\Lumen\\Http\\Request))
#8 /app/vendor/illuminate/container/Util.php(41): Illuminate\\Container\\BoundMethod::Illuminate\\Container\\{closure}()
#9 /app/vendor/illuminate/container/BoundMethod.php(93): Illuminate\\Container\\Util::unwrapIfClosure(Object(Closure))
#10 /app/vendor/illuminate/container/BoundMethod.php(35): Illuminate\\Container\\BoundMethod::callBoundMethod(Object(Laravel\\Lumen\\Application), Array, Object(Closure))
#11 /app/vendor/illuminate/container/Container.php(662): Illuminate\\Container\\BoundMethod::call(Object(Laravel\\Lumen\\Application), Array, Array, NULL)
#12 /app/vendor/laravel/lumen-framework/src/Concerns/RoutesRequests.php(391): Illuminate\\Container\\Container->call(Array, Array)
#13 /app/vendor/laravel/lumen-framework/src/Concerns/RoutesRequests.php(356): Laravel\\Lumen\\Application->callControllerCallable(Array, Array)
#14 /app/vendor/laravel/lumen-framework/src/Concerns/RoutesRequests.php(331): Laravel\\Lumen\\Application->callLumenController(Object(App\\Http\\Controllers\\NotificationController), 'index', Array)
#15 /app/vendor/laravel/lumen-framework/src/Concerns/RoutesRequests.php(284): Laravel\\Lumen\\Application->callControllerAction(Array)
#16 /app/vendor/laravel/lumen-framework/src/Concerns/RoutesRequests.php(264): Laravel\\Lumen\\Application->callActionOnArrayBasedRoute(Array)
#17 /app/vendor/laravel/lumen-framework/src/Routing/Pipeline.php(48): Laravel\\Lumen\\Application->Laravel\\Lumen\\Concerns\\{closure}(Object(Laravel\\Lumen\\Http\\Request))
#18 /app/app/Http/Middleware/Authenticate.php(35): Laravel\\Lumen\\Routing\\Pipeline->Laravel\\Lumen\\Routing\\{closure}(Object(Laravel\\Lumen\\Http\\Request))
#19 /app/vendor/illuminate/pipeline/Pipeline.php(183): App\\Http\\Middleware\\Authenticate->handle(Object(Laravel\\Lumen\\Http\\Request), Object(Closure))
#20 /app/vendor/laravel/lumen-framework/src/Routing/Pipeline.php(30): Illuminate\\Pipeline\\Pipeline->Illuminate\\Pipeline\\{closure}(Object(Laravel\\Lumen\\Http\\Request))
#21 /app/vendor/illuminate/pipeline/Pipeline.php(119): Laravel\\Lumen\\Routing\\Pipeline->Laravel\\Lumen\\Routing\\{closure}(Object(Laravel\\Lumen\\Http\\Request))
#22 /app/vendor/laravel/lumen-framework/src/Concerns/RoutesRequests.php(428): Illuminate\\Pipeline\\Pipeline->then(Object(Closure))
#23 /app/vendor/laravel/lumen-framework/src/Concerns/RoutesRequests.php(263): Laravel\\Lumen\\Application->sendThroughPipeline(Array, Object(Closure))
#24 /app/vendor/laravel/lumen-framework/src/Concerns/RoutesRequests.php(171): Laravel\\Lumen\\Application->handleFoundRoute(Array)
#25 /app/vendor/laravel/lumen-framework/src/Routing/Pipeline.php(48): Laravel\\Lumen\\Application->Laravel\\Lumen\\Concerns\\{closure}(Object(Laravel\\Lumen\\Http\\Request))
#26 /app/app/Http/Middleware/CorsMiddleware.php(12): Laravel\\Lumen\\Routing\\Pipeline->Laravel\\Lumen\\Routing\\{closure}(Object(Laravel\\Lumen\\Http\\Request))
#27 /app/vendor/illuminate/pipeline/Pipeline.php(183): App\\Http\\Middleware\\CorsMiddleware->handle(Object(Laravel\\Lumen\\Http\\Request), Object(Closure))
#28 /app/vendor/laravel/lumen-framework/src/Routing/Pipeline.php(30): Illuminate\\Pipeline\\Pipeline->Illuminate\\Pipeline\\{closure}(Object(Laravel\\Lumen\\Http\\Request))
#29 /app/vendor/illuminate/pipeline/Pipeline.php(119): Laravel\\Lumen\\Routing\\Pipeline->Laravel\\Lumen\\Routing\\{closure}(Object(Laravel\\Lumen\\Http\\Request))
#30 /app/vendor/laravel/lumen-framework/src/Concerns/RoutesRequests.php(428): Illuminate\\Pipeline\\Pipeline->then(Object(Closure))
#31 /app/vendor/laravel/lumen-framework/src/Concerns/RoutesRequests.php(167): Laravel\\Lumen\\Application->sendThroughPipeline(Array, Object(Closure))
#32 /app/vendor/laravel/lumen-framework/src/Concerns/RoutesRequests.php(112): Laravel\\Lumen\\Application->dispatch(NULL)
#33 /app/public/index.php(5): Laravel\\Lumen\\Application->run()
#34 {main}
"} 
[2026-04-27 00:48:39] local.ERROR: SQLSTATE[42P01]: Undefined table: 7 ERROR:  relation "notifications" does not exist
LINE 2:              FROM notifications
                          ^ (Connection: pgsql, SQL: SELECT id, type, data, read_at, created_at
             FROM notifications
             WHERE notifiable_type = App\Models\User AND notifiable_id = 00000000-0000-0000-0000-000000000099::uuid
             ORDER BY read_at IS NOT NULL, created_at DESC
             LIMIT 50) {"exception":"[object] (Illuminate\\Database\\QueryException(code: 42P01): SQLSTATE[42P01]: Undefined table: 7 ERROR:  relation \"notifications\" does not exist
LINE 2:              FROM notifications
                          ^ (Connection: pgsql, SQL: SELECT id, type, data, read_at, created_at
             FROM notifications
             WHERE notifiable_type = App\\Models\\User AND notifiable_id = 00000000-0000-0000-0000-000000000099::uuid
             ORDER BY read_at IS NOT NULL, created_at DESC
             LIMIT 50) at /app/vendor/illuminate/database/Connection.php:829)
[stacktrace]
#0 /app/vendor/illuminate/database/Connection.php(783): Illuminate\\Database\\Connection->runQueryCallback('SELECT id, type...', Array, Object(Closure))
#1 /app/vendor/illuminate/database/Connection.php(414): Illuminate\\Database\\Connection->run('SELECT id, type...', Array, Object(Closure))
#2 /app/vendor/illuminate/database/DatabaseManager.php(509): Illuminate\\Database\\Connection->select('SELECT id, type...', Array)
#3 /app/vendor/illuminate/support/Facades/Facade.php(355): Illuminate\\Database\\DatabaseManager->__call('select', Array)
#4 /app/app/Http/Controllers/NotificationController.php(17): Illuminate\\Support\\Facades\\Facade::__callStatic('select', Array)
#5 /app/vendor/illuminate/container/BoundMethod.php(36): App\\Http\\Controllers\\NotificationController->index(Object(Laravel\\Lumen\\Http\\Request))
#6 /app/vendor/illuminate/container/Util.php(41): Illuminate\\Container\\BoundMethod::Illuminate\\Container\\{closure}()
#7 /app/vendor/illuminate/container/BoundMethod.php(93): Illuminate\\Container\\Util::unwrapIfClosure(Object(Closure))
#8 /app/vendor/illuminate/container/BoundMethod.php(35): Illuminate\\Container\\BoundMethod::callBoundMethod(Object(Laravel\\Lumen\\Application), Array, Object(Closure))
#9 /app/vendor/illuminate/container/Container.php(662): Illuminate\\Container\\BoundMethod::call(Object(Laravel\\Lumen\\Application), Array, Array, NULL)
#10 /app/vendor/laravel/lumen-framework/src/Concerns/RoutesRequests.php(391): Illuminate\\Container\\Container->call(Array, Array)
#11 /app/vendor/laravel/lumen-framework/src/Concerns/RoutesRequests.php(356): Laravel\\Lumen\\Application->callControllerCallable(Array, Array)
#12 /app/vendor/laravel/lumen-framework/src/Concerns/RoutesRequests.php(331): Laravel\\Lumen\\Application->callLumenController(Object(App\\Http\\Controllers\\NotificationController), 'index', Array)
#13 /app/vendor/laravel/lumen-framework/src/Concerns/RoutesRequests.php(284): Laravel\\Lumen\\Application->callControllerAction(Array)
#14 /app/vendor/laravel/lumen-framework/src/Concerns/RoutesRequests.php(264): Laravel\\Lumen\\Application->callActionOnArrayBasedRoute(Array)
#15 /app/vendor/laravel/lumen-framework/src/Routing/Pipeline.php(48): Laravel\\Lumen\\Application->Laravel\\Lumen\\Concerns\\{closure}(Object(Laravel\\Lumen\\Http\\Request))
#16 /app/app/Http/Middleware/Authenticate.php(35): Laravel\\Lumen\\Routing\\Pipeline->Laravel\\Lumen\\Routing\\{closure}(Object(Laravel\\Lumen\\Http\\Request))
#17 /app/vendor/illuminate/pipeline/Pipeline.php(183): App\\Http\\Middleware\\Authenticate->handle(Object(Laravel\\Lumen\\Http\\Request), Object(Closure))
#18 /app/vendor/laravel/lumen-framework/src/Routing/Pipeline.php(30): Illuminate\\Pipeline\\Pipeline->Illuminate\\Pipeline\\{closure}(Object(Laravel\\Lumen\\Http\\Request))
#19 /app/vendor/illuminate/pipeline/Pipeline.php(119): Laravel\\Lumen\\Routing\\Pipeline->Laravel\\Lumen\\Routing\\{closure}(Object(Laravel\\Lumen\\Http\\Request))
#20 /app/vendor/laravel/lumen-framework/src/Concerns/RoutesRequests.php(428): Illuminate\\Pipeline\\Pipeline->then(Object(Closure))
#21 /app/vendor/laravel/lumen-framework/src/Concerns/RoutesRequests.php(263): Laravel\\Lumen\\Application->sendThroughPipeline(Array, Object(Closure))
#22 /app/vendor/laravel/lumen-framework/src/Concerns/RoutesRequests.php(171): Laravel\\Lumen\\Application->handleFoundRoute(Array)
#23 /app/vendor/laravel/lumen-framework/src/Routing/Pipeline.php(48): Laravel\\Lumen\\Application->Laravel\\Lumen\\Concerns\\{closure}(Object(Laravel\\Lumen\\Http\\Request))
#24 /app/app/Http/Middleware/CorsMiddleware.php(12): Laravel\\Lumen\\Routing\\Pipeline->Laravel\\Lumen\\Routing\\{closure}(Object(Laravel\\Lumen\\Http\\Request))
#25 /app/vendor/illuminate/pipeline/Pipeline.php(183): App\\Http\\Middleware\\CorsMiddleware->handle(Object(Laravel\\Lumen\\Http\\Request), Object(Closure))
#26 /app/vendor/laravel/lumen-framework/src/Routing/Pipeline.php(30): Illuminate\\Pipeline\\Pipeline->Illuminate\\Pipeline\\{closure}(Object(Laravel\\Lumen\\Http\\Request))
#27 /app/vendor/illuminate/pipeline/Pipeline.php(119): Laravel\\Lumen\\Routing\\Pipeline->Laravel\\Lumen\\Routing\\{closure}(Object(Laravel\\Lumen\\Http\\Request))
#28 /app/vendor/laravel/lumen-framework/src/Concerns/RoutesRequests.php(428): Illuminate\\Pipeline\\Pipeline->then(Object(Closure))
#29 /app/vendor/laravel/lumen-framework/src/Concerns/RoutesRequests.php(167): Laravel\\Lumen\\Application->sendThroughPipeline(Array, Object(Closure))
#30 /app/vendor/laravel/lumen-framework/src/Concerns/RoutesRequests.php(112): Laravel\\Lumen\\Application->dispatch(NULL)
#31 /app/public/index.php(5): Laravel\\Lumen\\Application->run()
#32 {main}

[previous exception] [object] (PDOException(code: 42P01): SQLSTATE[42P01]: Undefined table: 7 ERROR:  relation \"notifications\" does not exist
LINE 2:              FROM notifications
                          ^ at /app/vendor/illuminate/database/Connection.php:428)
[stacktrace]
#0 /app/vendor/illuminate/database/Connection.php(428): PDOStatement->execute()
#1 /app/vendor/illuminate/database/Connection.php(816): Illuminate\\Database\\Connection->Illuminate\\Database\\{closure}('SELECT id, type...', Array)
#2 /app/vendor/illuminate/database/Connection.php(783): Illuminate\\Database\\Connection->runQueryCallback('SELECT id, type...', Array, Object(Closure))
#3 /app/vendor/illuminate/database/Connection.php(414): Illuminate\\Database\\Connection->run('SELECT id, type...', Array, Object(Closure))
#4 /app/vendor/illuminate/database/DatabaseManager.php(509): Illuminate\\Database\\Connection->select('SELECT id, type...', Array)
#5 /app/vendor/illuminate/support/Facades/Facade.php(355): Illuminate\\Database\\DatabaseManager->__call('select', Array)
#6 /app/app/Http/Controllers/NotificationController.php(17): Illuminate\\Support\\Facades\\Facade::__callStatic('select', Array)
#7 /app/vendor/illuminate/container/BoundMethod.php(36): App\\Http\\Controllers\\NotificationController->index(Object(Laravel\\Lumen\\Http\\Request))
#8 /app/vendor/illuminate/container/Util.php(41): Illuminate\\Container\\BoundMethod::Illuminate\\Container\\{closure}()
#9 /app/vendor/illuminate/container/BoundMethod.php(93): Illuminate\\Container\\Util::unwrapIfClosure(Object(Closure))
#10 /app/vendor/illuminate/container/BoundMethod.php(35): Illuminate\\Container\\BoundMethod::callBoundMethod(Object(Laravel\\Lumen\\Application), Array, Object(Closure))
#11 /app/vendor/illuminate/container/Container.php(662): Illuminate\\Container\\BoundMethod::call(Object(Laravel\\Lumen\\Application), Array, Array, NULL)
#12 /app/vendor/laravel/lumen-framework/src/Concerns/RoutesRequests.php(391): Illuminate\\Container\\Container->call(Array, Array)
#13 /app/vendor/laravel/lumen-framework/src/Concerns/RoutesRequests.php(356): Laravel\\Lumen\\Application->callControllerCallable(Array, Array)
#14 /app/vendor/laravel/lumen-framework/src/Concerns/RoutesRequests.php(331): Laravel\\Lumen\\Application->callLumenController(Object(App\\Http\\Controllers\\NotificationController), 'index', Array)
#15 /app/vendor/laravel/lumen-framework/src/Concerns/RoutesRequests.php(284): Laravel\\Lumen\\Application->callControllerAction(Array)
#16 /app/vendor/laravel/lumen-framework/src/Concerns/RoutesRequests.php(264): Laravel\\Lumen\\Application->callActionOnArrayBasedRoute(Array)
#17 /app/vendor/laravel/lumen-framework/src/Routing/Pipeline.php(48): Laravel\\Lumen\\Application->Laravel\\Lumen\\Concerns\\{closure}(Object(Laravel\\Lumen\\Http\\Request))
#18 /app/app/Http/Middleware/Authenticate.php(35): Laravel\\Lumen\\Routing\\Pipeline->Laravel\\Lumen\\Routing\\{closure}(Object(Laravel\\Lumen\\Http\\Request))
#19 /app/vendor/illuminate/pipeline/Pipeline.php(183): App\\Http\\Middleware\\Authenticate->handle(Object(Laravel\\Lumen\\Http\\Request), Object(Closure))
#20 /app/vendor/laravel/lumen-framework/src/Routing/Pipeline.php(30): Illuminate\\Pipeline\\Pipeline->Illuminate\\Pipeline\\{closure}(Object(Laravel\\Lumen\\Http\\Request))
#21 /app/vendor/illuminate/pipeline/Pipeline.php(119): Laravel\\Lumen\\Routing\\Pipeline->Laravel\\Lumen\\Routing\\{closure}(Object(Laravel\\Lumen\\Http\\Request))
#22 /app/vendor/laravel/lumen-framework/src/Concerns/RoutesRequests.php(428): Illuminate\\Pipeline\\Pipeline->then(Object(Closure))
#23 /app/vendor/laravel/lumen-framework/src/Concerns/RoutesRequests.php(263): Laravel\\Lumen\\Application->sendThroughPipeline(Array, Object(Closure))
#24 /app/vendor/laravel/lumen-framework/src/Concerns/RoutesRequests.php(171): Laravel\\Lumen\\Application->handleFoundRoute(Array)
#25 /app/vendor/laravel/lumen-framework/src/Routing/Pipeline.php(48): Laravel\\Lumen\\Application->Laravel\\Lumen\\Concerns\\{closure}(Object(Laravel\\Lumen\\Http\\Request))
#26 /app/app/Http/Middleware/CorsMiddleware.php(12): Laravel\\Lumen\\Routing\\Pipeline->Laravel\\Lumen\\Routing\\{closure}(Object(Laravel\\Lumen\\Http\\Request))
#27 /app/vendor/illuminate/pipeline/Pipeline.php(183): App\\Http\\Middleware\\CorsMiddleware->handle(Object(Laravel\\Lumen\\Http\\Request), Object(Closure))
#28 /app/vendor/laravel/lumen-framework/src/Routing/Pipeline.php(30): Illuminate\\Pipeline\\Pipeline->Illuminate\\Pipeline\\{closure}(Object(Laravel\\Lumen\\Http\\Request))
#29 /app/vendor/illuminate/pipeline/Pipeline.php(119): Laravel\\Lumen\\Routing\\Pipeline->Laravel\\Lumen\\Routing\\{closure}(Object(Laravel\\Lumen\\Http\\Request))
#30 /app/vendor/laravel/lumen-framework/src/Concerns/RoutesRequests.php(428): Illuminate\\Pipeline\\Pipeline->then(Object(Closure))
#31 /app/vendor/laravel/lumen-framework/src/Concerns/RoutesRequests.php(167): Laravel\\Lumen\\Application->sendThroughPipeline(Array, Object(Closure))
#32 /app/vendor/laravel/lumen-framework/src/Concerns/RoutesRequests.php(112): Laravel\\Lumen\\Application->dispatch(NULL)
#33 /app/public/index.php(5): Laravel\\Lumen\\Application->run()
#34 {main}
"} 
[2026-04-27 00:48:39] local.ERROR: SQLSTATE[42P01]: Undefined table: 7 ERROR:  relation "notifications" does not exist
LINE 2:              FROM notifications
                          ^ (Connection: pgsql, SQL: SELECT id, type, data, read_at, created_at
             FROM notifications
             WHERE notifiable_type = App\Models\User AND notifiable_id = 00000000-0000-0000-0000-000000000001::uuid
             ORDER BY read_at IS NOT NULL, created_at DESC
             LIMIT 50) {"exception":"[object] (Illuminate\\Database\\QueryException(code: 42P01): SQLSTATE[42P01]: Undefined table: 7 ERROR:  relation \"notifications\" does not exist
LINE 2:              FROM notifications
                          ^ (Connection: pgsql, SQL: SELECT id, type, data, read_at, created_at
             FROM notifications
             WHERE notifiable_type = App\\Models\\User AND notifiable_id = 00000000-0000-0000-0000-000000000001::uuid
             ORDER BY read_at IS NOT NULL, created_at DESC
             LIMIT 50) at /app/vendor/illuminate/database/Connection.php:829)
[stacktrace]
#0 /app/vendor/illuminate/database/Connection.php(783): Illuminate\\Database\\Connection->runQueryCallback('SELECT id, type...', Array, Object(Closure))
#1 /app/vendor/illuminate/database/Connection.php(414): Illuminate\\Database\\Connection->run('SELECT id, type...', Array, Object(Closure))
#2 /app/vendor/illuminate/database/DatabaseManager.php(509): Illuminate\\Database\\Connection->select('SELECT id, type...', Array)
#3 /app/vendor/illuminate/support/Facades/Facade.php(355): Illuminate\\Database\\DatabaseManager->__call('select', Array)
#4 /app/app/Http/Controllers/NotificationController.php(17): Illuminate\\Support\\Facades\\Facade::__callStatic('select', Array)
#5 /app/vendor/illuminate/container/BoundMethod.php(36): App\\Http\\Controllers\\NotificationController->index(Object(Laravel\\Lumen\\Http\\Request))
#6 /app/vendor/illuminate/container/Util.php(41): Illuminate\\Container\\BoundMethod::Illuminate\\Container\\{closure}()
#7 /app/vendor/illuminate/container/BoundMethod.php(93): Illuminate\\Container\\Util::unwrapIfClosure(Object(Closure))
#8 /app/vendor/illuminate/container/BoundMethod.php(35): Illuminate\\Container\\BoundMethod::callBoundMethod(Object(Laravel\\Lumen\\Application), Array, Object(Closure))
#9 /app/vendor/illuminate/container/Container.php(662): Illuminate\\Container\\BoundMethod::call(Object(Laravel\\Lumen\\Application), Array, Array, NULL)
#10 /app/vendor/laravel/lumen-framework/src/Concerns/RoutesRequests.php(391): Illuminate\\Container\\Container->call(Array, Array)
#11 /app/vendor/laravel/lumen-framework/src/Concerns/RoutesRequests.php(356): Laravel\\Lumen\\Application->callControllerCallable(Array, Array)
#12 /app/vendor/laravel/lumen-framework/src/Concerns/RoutesRequests.php(331): Laravel\\Lumen\\Application->callLumenController(Object(App\\Http\\Controllers\\NotificationController), 'index', Array)
#13 /app/vendor/laravel/lumen-framework/src/Concerns/RoutesRequests.php(284): Laravel\\Lumen\\Application->callControllerAction(Array)
#14 /app/vendor/laravel/lumen-framework/src/Concerns/RoutesRequests.php(264): Laravel\\Lumen\\Application->callActionOnArrayBasedRoute(Array)
#15 /app/vendor/laravel/lumen-framework/src/Routing/Pipeline.php(48): Laravel\\Lumen\\Application->Laravel\\Lumen\\Concerns\\{closure}(Object(Laravel\\Lumen\\Http\\Request))
#16 /app/app/Http/Middleware/Authenticate.php(35): Laravel\\Lumen\\Routing\\Pipeline->Laravel\\Lumen\\Routing\\{closure}(Object(Laravel\\Lumen\\Http\\Request))
#17 /app/vendor/illuminate/pipeline/Pipeline.php(183): App\\Http\\Middleware\\Authenticate->handle(Object(Laravel\\Lumen\\Http\\Request), Object(Closure))
#18 /app/vendor/laravel/lumen-framework/src/Routing/Pipeline.php(30): Illuminate\\Pipeline\\Pipeline->Illuminate\\Pipeline\\{closure}(Object(Laravel\\Lumen\\Http\\Request))
#19 /app/vendor/illuminate/pipeline/Pipeline.php(119): Laravel\\Lumen\\Routing\\Pipeline->Laravel\\Lumen\\Routing\\{closure}(Object(Laravel\\Lumen\\Http\\Request))
#20 /app/vendor/laravel/lumen-framework/src/Concerns/RoutesRequests.php(428): Illuminate\\Pipeline\\Pipeline->then(Object(Closure))
#21 /app/vendor/laravel/lumen-framework/src/Concerns/RoutesRequests.php(263): Laravel\\Lumen\\Application->sendThroughPipeline(Array, Object(Closure))
#22 /app/vendor/laravel/lumen-framework/src/Concerns/RoutesRequests.php(171): Laravel\\Lumen\\Application->handleFoundRoute(Array)
#23 /app/vendor/laravel/lumen-framework/src/Routing/Pipeline.php(48): Laravel\\Lumen\\Application->Laravel\\Lumen\\Concerns\\{closure}(Object(Laravel\\Lumen\\Http\\Request))
#24 /app/app/Http/Middleware/CorsMiddleware.php(12): Laravel\\Lumen\\Routing\\Pipeline->Laravel\\Lumen\\Routing\\{closure}(Object(Laravel\\Lumen\\Http\\Request))
#25 /app/vendor/illuminate/pipeline/Pipeline.php(183): App\\Http\\Middleware\\CorsMiddleware->handle(Object(Laravel\\Lumen\\Http\\Request), Object(Closure))
#26 /app/vendor/laravel/lumen-framework/src/Routing/Pipeline.php(30): Illuminate\\Pipeline\\Pipeline->Illuminate\\Pipeline\\{closure}(Object(Laravel\\Lumen\\Http\\Request))
#27 /app/vendor/illuminate/pipeline/Pipeline.php(119): Laravel\\Lumen\\Routing\\Pipeline->Laravel\\Lumen\\Routing\\{closure}(Object(Laravel\\Lumen\\Http\\Request))
#28 /app/vendor/laravel/lumen-framework/src/Concerns/RoutesRequests.php(428): Illuminate\\Pipeline\\Pipeline->then(Object(Closure))
#29 /app/vendor/laravel/lumen-framework/src/Concerns/RoutesRequests.php(167): Laravel\\Lumen\\Application->sendThroughPipeline(Array, Object(Closure))
#30 /app/vendor/laravel/lumen-framework/src/Concerns/RoutesRequests.php(112): Laravel\\Lumen\\Application->dispatch(NULL)
#31 /app/public/index.php(5): Laravel\\Lumen\\Application->run()
#32 {main}

[previous exception] [object] (PDOException(code: 42P01): SQLSTATE[42P01]: Undefined table: 7 ERROR:  relation \"notifications\" does not exist
LINE 2:              FROM notifications
                          ^ at /app/vendor/illuminate/database/Connection.php:428)
[stacktrace]
#0 /app/vendor/illuminate/database/Connection.php(428): PDOStatement->execute()
#1 /app/vendor/illuminate/database/Connection.php(816): Illuminate\\Database\\Connection->Illuminate\\Database\\{closure}('SELECT id, type...', Array)
#2 /app/vendor/illuminate/database/Connection.php(783): Illuminate\\Database\\Connection->runQueryCallback('SELECT id, type...', Array, Object(Closure))
#3 /app/vendor/illuminate/database/Connection.php(414): Illuminate\\Database\\Connection->run('SELECT id, type...', Array, Object(Closure))
#4 /app/vendor/illuminate/database/DatabaseManager.php(509): Illuminate\\Database\\Connection->select('SELECT id, type...', Array)
#5 /app/vendor/illuminate/support/Facades/Facade.php(355): Illuminate\\Database\\DatabaseManager->__call('select', Array)
#6 /app/app/Http/Controllers/NotificationController.php(17): Illuminate\\Support\\Facades\\Facade::__callStatic('select', Array)
#7 /app/vendor/illuminate/container/BoundMethod.php(36): App\\Http\\Controllers\\NotificationController->index(Object(Laravel\\Lumen\\Http\\Request))
#8 /app/vendor/illuminate/container/Util.php(41): Illuminate\\Container\\BoundMethod::Illuminate\\Container\\{closure}()
#9 /app/vendor/illuminate/container/BoundMethod.php(93): Illuminate\\Container\\Util::unwrapIfClosure(Object(Closure))
#10 /app/vendor/illuminate/container/BoundMethod.php(35): Illuminate\\Container\\BoundMethod::callBoundMethod(Object(Laravel\\Lumen\\Application), Array, Object(Closure))
#11 /app/vendor/illuminate/container/Container.php(662): Illuminate\\Container\\BoundMethod::call(Object(Laravel\\Lumen\\Application), Array, Array, NULL)
#12 /app/vendor/laravel/lumen-framework/src/Concerns/RoutesRequests.php(391): Illuminate\\Container\\Container->call(Array, Array)
#13 /app/vendor/laravel/lumen-framework/src/Concerns/RoutesRequests.php(356): Laravel\\Lumen\\Application->callControllerCallable(Array, Array)
#14 /app/vendor/laravel/lumen-framework/src/Concerns/RoutesRequests.php(331): Laravel\\Lumen\\Application->callLumenController(Object(App\\Http\\Controllers\\NotificationController), 'index', Array)
#15 /app/vendor/laravel/lumen-framework/src/Concerns/RoutesRequests.php(284): Laravel\\Lumen\\Application->callControllerAction(Array)
#16 /app/vendor/laravel/lumen-framework/src/Concerns/RoutesRequests.php(264): Laravel\\Lumen\\Application->callActionOnArrayBasedRoute(Array)
#17 /app/vendor/laravel/lumen-framework/src/Routing/Pipeline.php(48): Laravel\\Lumen\\Application->Laravel\\Lumen\\Concerns\\{closure}(Object(Laravel\\Lumen\\Http\\Request))
#18 /app/app/Http/Middleware/Authenticate.php(35): Laravel\\Lumen\\Routing\\Pipeline->Laravel\\Lumen\\Routing\\{closure}(Object(Laravel\\Lumen\\Http\\Request))
#19 /app/vendor/illuminate/pipeline/Pipeline.php(183): App\\Http\\Middleware\\Authenticate->handle(Object(Laravel\\Lumen\\Http\\Request), Object(Closure))
#20 /app/vendor/laravel/lumen-framework/src/Routing/Pipeline.php(30): Illuminate\\Pipeline\\Pipeline->Illuminate\\Pipeline\\{closure}(Object(Laravel\\Lumen\\Http\\Request))
#21 /app/vendor/illuminate/pipeline/Pipeline.php(119): Laravel\\Lumen\\Routing\\Pipeline->Laravel\\Lumen\\Routing\\{closure}(Object(Laravel\\Lumen\\Http\\Request))
#22 /app/vendor/laravel/lumen-framework/src/Concerns/RoutesRequests.php(428): Illuminate\\Pipeline\\Pipeline->then(Object(Closure))
#23 /app/vendor/laravel/lumen-framework/src/Concerns/RoutesRequests.php(263): Laravel\\Lumen\\Application->sendThroughPipeline(Array, Object(Closure))
#24 /app/vendor/laravel/lumen-framework/src/Concerns/RoutesRequests.php(171): Laravel\\Lumen\\Application->handleFoundRoute(Array)
#25 /app/vendor/laravel/lumen-framework/src/Routing/Pipeline.php(48): Laravel\\Lumen\\Application->Laravel\\Lumen\\Concerns\\{closure}(Object(Laravel\\Lumen\\Http\\Request))
#26 /app/app/Http/Middleware/CorsMiddleware.php(12): Laravel\\Lumen\\Routing\\Pipeline->Laravel\\Lumen\\Routing\\{closure}(Object(Laravel\\Lumen\\Http\\Request))
#27 /app/vendor/illuminate/pipeline/Pipeline.php(183): App\\Http\\Middleware\\CorsMiddleware->handle(Object(Laravel\\Lumen\\Http\\Request), Object(Closure))
#28 /app/vendor/laravel/lumen-framework/src/Routing/Pipeline.php(30): Illuminate\\Pipeline\\Pipeline->Illuminate\\Pipeline\\{closure}(Object(Laravel\\Lumen\\Http\\Request))
#29 /app/vendor/illuminate/pipeline/Pipeline.php(119): Laravel\\Lumen\\Routing\\Pipeline->Laravel\\Lumen\\Routing\\{closure}(Object(Laravel\\Lumen\\Http\\Request))
#30 /app/vendor/laravel/lumen-framework/src/Concerns/RoutesRequests.php(428): Illuminate\\Pipeline\\Pipeline->then(Object(Closure))
#31 /app/vendor/laravel/lumen-framework/src/Concerns/RoutesRequests.php(167): Laravel\\Lumen\\Application->sendThroughPipeline(Array, Object(Closure))
#32 /app/vendor/laravel/lumen-framework/src/Concerns/RoutesRequests.php(112): Laravel\\Lumen\\Application->dispatch(NULL)
#33 /app/public/index.php(5): Laravel\\Lumen\\Application->run()
#34 {main}
"} 
[2026-04-27 00:48:39] local.ERROR: SQLSTATE[42P01]: Undefined table: 7 ERROR:  relation "notifications" does not exist
LINE 2:              FROM notifications
                          ^ (Connection: pgsql, SQL: SELECT id, type, data, read_at, created_at
             FROM notifications
             WHERE notifiable_type = App\Models\User AND notifiable_id = 00000000-0000-0000-0000-000000000099::uuid
             ORDER BY read_at IS NOT NULL, created_at DESC
             LIMIT 50) {"exception":"[object] (Illuminate\\Database\\QueryException(code: 42P01): SQLSTATE[42P01]: Undefined table: 7 ERROR:  relation \"notifications\" does not exist
LINE 2:              FROM notifications
                          ^ (Connection: pgsql, SQL: SELECT id, type, data, read_at, created_at
             FROM notifications
             WHERE notifiable_type = App\\Models\\User AND notifiable_id = 00000000-0000-0000-0000-000000000099::uuid
             ORDER BY read_at IS NOT NULL, created_at DESC
             LIMIT 50) at /app/vendor/illuminate/database/Connection.php:829)
[stacktrace]
#0 /app/vendor/illuminate/database/Connection.php(783): Illuminate\\Database\\Connection->runQueryCallback('SELECT id, type...', Array, Object(Closure))
#1 /app/vendor/illuminate/database/Connection.php(414): Illuminate\\Database\\Connection->run('SELECT id, type...', Array, Object(Closure))
#2 /app/vendor/illuminate/database/DatabaseManager.php(509): Illuminate\\Database\\Connection->select('SELECT id, type...', Array)
#3 /app/vendor/illuminate/support/Facades/Facade.php(355): Illuminate\\Database\\DatabaseManager->__call('select', Array)
#4 /app/app/Http/Controllers/NotificationController.php(17): Illuminate\\Support\\Facades\\Facade::__callStatic('select', Array)
#5 /app/vendor/illuminate/container/BoundMethod.php(36): App\\Http\\Controllers\\NotificationController->index(Object(Laravel\\Lumen\\Http\\Request))
#6 /app/vendor/illuminate/container/Util.php(41): Illuminate\\Container\\BoundMethod::Illuminate\\Container\\{closure}()
#7 /app/vendor/illuminate/container/BoundMethod.php(93): Illuminate\\Container\\Util::unwrapIfClosure(Object(Closure))
#8 /app/vendor/illuminate/container/BoundMethod.php(35): Illuminate\\Container\\BoundMethod::callBoundMethod(Object(Laravel\\Lumen\\Application), Array, Object(Closure))
#9 /app/vendor/illuminate/container/Container.php(662): Illuminate\\Container\\BoundMethod::call(Object(Laravel\\Lumen\\Application), Array, Array, NULL)
#10 /app/vendor/laravel/lumen-framework/src/Concerns/RoutesRequests.php(391): Illuminate\\Container\\Container->call(Array, Array)
#11 /app/vendor/laravel/lumen-framework/src/Concerns/RoutesRequests.php(356): Laravel\\Lumen\\Application->callControllerCallable(Array, Array)
#12 /app/vendor/laravel/lumen-framework/src/Concerns/RoutesRequests.php(331): Laravel\\Lumen\\Application->callLumenController(Object(App\\Http\\Controllers\\NotificationController), 'index', Array)
#13 /app/vendor/laravel/lumen-framework/src/Concerns/RoutesRequests.php(284): Laravel\\Lumen\\Application->callControllerAction(Array)
#14 /app/vendor/laravel/lumen-framework/src/Concerns/RoutesRequests.php(264): Laravel\\Lumen\\Application->callActionOnArrayBasedRoute(Array)
#15 /app/vendor/laravel/lumen-framework/src/Routing/Pipeline.php(48): Laravel\\Lumen\\Application->Laravel\\Lumen\\Concerns\\{closure}(Object(Laravel\\Lumen\\Http\\Request))
#16 /app/app/Http/Middleware/Authenticate.php(35): Laravel\\Lumen\\Routing\\Pipeline->Laravel\\Lumen\\Routing\\{closure}(Object(Laravel\\Lumen\\Http\\Request))
#17 /app/vendor/illuminate/pipeline/Pipeline.php(183): App\\Http\\Middleware\\Authenticate->handle(Object(Laravel\\Lumen\\Http\\Request), Object(Closure))
#18 /app/vendor/laravel/lumen-framework/src/Routing/Pipeline.php(30): Illuminate\\Pipeline\\Pipeline->Illuminate\\Pipeline\\{closure}(Object(Laravel\\Lumen\\Http\\Request))
#19 /app/vendor/illuminate/pipeline/Pipeline.php(119): Laravel\\Lumen\\Routing\\Pipeline->Laravel\\Lumen\\Routing\\{closure}(Object(Laravel\\Lumen\\Http\\Request))
#20 /app/vendor/laravel/lumen-framework/src/Concerns/RoutesRequests.php(428): Illuminate\\Pipeline\\Pipeline->then(Object(Closure))
#21 /app/vendor/laravel/lumen-framework/src/Concerns/RoutesRequests.php(263): Laravel\\Lumen\\Application->sendThroughPipeline(Array, Object(Closure))
#22 /app/vendor/laravel/lumen-framework/src/Concerns/RoutesRequests.php(171): Laravel\\Lumen\\Application->handleFoundRoute(Array)
#23 /app/vendor/laravel/lumen-framework/src/Routing/Pipeline.php(48): Laravel\\Lumen\\Application->Laravel\\Lumen\\Concerns\\{closure}(Object(Laravel\\Lumen\\Http\\Request))
#24 /app/app/Http/Middleware/CorsMiddleware.php(12): Laravel\\Lumen\\Routing\\Pipeline->Laravel\\Lumen\\Routing\\{closure}(Object(Laravel\\Lumen\\Http\\Request))
#25 /app/vendor/illuminate/pipeline/Pipeline.php(183): App\\Http\\Middleware\\CorsMiddleware->handle(Object(Laravel\\Lumen\\Http\\Request), Object(Closure))
#26 /app/vendor/laravel/lumen-framework/src/Routing/Pipeline.php(30): Illuminate\\Pipeline\\Pipeline->Illuminate\\Pipeline\\{closure}(Object(Laravel\\Lumen\\Http\\Request))
#27 /app/vendor/illuminate/pipeline/Pipeline.php(119): Laravel\\Lumen\\Routing\\Pipeline->Laravel\\Lumen\\Routing\\{closure}(Object(Laravel\\Lumen\\Http\\Request))
#28 /app/vendor/laravel/lumen-framework/src/Concerns/RoutesRequests.php(428): Illuminate\\Pipeline\\Pipeline->then(Object(Closure))
#29 /app/vendor/laravel/lumen-framework/src/Concerns/RoutesRequests.php(167): Laravel\\Lumen\\Application->sendThroughPipeline(Array, Object(Closure))
#30 /app/vendor/laravel/lumen-framework/src/Concerns/RoutesRequests.php(112): Laravel\\Lumen\\Application->dispatch(NULL)
#31 /app/public/index.php(5): Laravel\\Lumen\\Application->run()
#32 {main}

[previous exception] [object] (PDOException(code: 42P01): SQLSTATE[42P01]: Undefined table: 7 ERROR:  relation \"notifications\" does not exist
LINE 2:              FROM notifications
                          ^ at /app/vendor/illuminate/database/Connection.php:428)
[stacktrace]
#0 /app/vendor/illuminate/database/Connection.php(428): PDOStatement->execute()
#1 /app/vendor/illuminate/database/Connection.php(816): Illuminate\\Database\\Connection->Illuminate\\Database\\{closure}('SELECT id, type...', Array)
#2 /app/vendor/illuminate/database/Connection.php(783): Illuminate\\Database\\Connection->runQueryCallback('SELECT id, type...', Array, Object(Closure))
#3 /app/vendor/illuminate/database/Connection.php(414): Illuminate\\Database\\Connection->run('SELECT id, type...', Array, Object(Closure))
#4 /app/vendor/illuminate/database/DatabaseManager.php(509): Illuminate\\Database\\Connection->select('SELECT id, type...', Array)
#5 /app/vendor/illuminate/support/Facades/Facade.php(355): Illuminate\\Database\\DatabaseManager->__call('select', Array)
#6 /app/app/Http/Controllers/NotificationController.php(17): Illuminate\\Support\\Facades\\Facade::__callStatic('select', Array)
#7 /app/vendor/illuminate/container/BoundMethod.php(36): App\\Http\\Controllers\\NotificationController->index(Object(Laravel\\Lumen\\Http\\Request))
#8 /app/vendor/illuminate/container/Util.php(41): Illuminate\\Container\\BoundMethod::Illuminate\\Container\\{closure}()
#9 /app/vendor/illuminate/container/BoundMethod.php(93): Illuminate\\Container\\Util::unwrapIfClosure(Object(Closure))
#10 /app/vendor/illuminate/container/BoundMethod.php(35): Illuminate\\Container\\BoundMethod::callBoundMethod(Object(Laravel\\Lumen\\Application), Array, Object(Closure))
#11 /app/vendor/illuminate/container/Container.php(662): Illuminate\\Container\\BoundMethod::call(Object(Laravel\\Lumen\\Application), Array, Array, NULL)
#12 /app/vendor/laravel/lumen-framework/src/Concerns/RoutesRequests.php(391): Illuminate\\Container\\Container->call(Array, Array)
#13 /app/vendor/laravel/lumen-framework/src/Concerns/RoutesRequests.php(356): Laravel\\Lumen\\Application->callControllerCallable(Array, Array)
#14 /app/vendor/laravel/lumen-framework/src/Concerns/RoutesRequests.php(331): Laravel\\Lumen\\Application->callLumenController(Object(App\\Http\\Controllers\\NotificationController), 'index', Array)
#15 /app/vendor/laravel/lumen-framework/src/Concerns/RoutesRequests.php(284): Laravel\\Lumen\\Application->callControllerAction(Array)
#16 /app/vendor/laravel/lumen-framework/src/Concerns/RoutesRequests.php(264): Laravel\\Lumen\\Application->callActionOnArrayBasedRoute(Array)
#17 /app/vendor/laravel/lumen-framework/src/Routing/Pipeline.php(48): Laravel\\Lumen\\Application->Laravel\\Lumen\\Concerns\\{closure}(Object(Laravel\\Lumen\\Http\\Request))
#18 /app/app/Http/Middleware/Authenticate.php(35): Laravel\\Lumen\\Routing\\Pipeline->Laravel\\Lumen\\Routing\\{closure}(Object(Laravel\\Lumen\\Http\\Request))
#19 /app/vendor/illuminate/pipeline/Pipeline.php(183): App\\Http\\Middleware\\Authenticate->handle(Object(Laravel\\Lumen\\Http\\Request), Object(Closure))
#20 /app/vendor/laravel/lumen-framework/src/Routing/Pipeline.php(30): Illuminate\\Pipeline\\Pipeline->Illuminate\\Pipeline\\{closure}(Object(Laravel\\Lumen\\Http\\Request))
#21 /app/vendor/illuminate/pipeline/Pipeline.php(119): Laravel\\Lumen\\Routing\\Pipeline->Laravel\\Lumen\\Routing\\{closure}(Object(Laravel\\Lumen\\Http\\Request))
#22 /app/vendor/laravel/lumen-framework/src/Concerns/RoutesRequests.php(428): Illuminate\\Pipeline\\Pipeline->then(Object(Closure))
#23 /app/vendor/laravel/lumen-framework/src/Concerns/RoutesRequests.php(263): Laravel\\Lumen\\Application->sendThroughPipeline(Array, Object(Closure))
#24 /app/vendor/laravel/lumen-framework/src/Concerns/RoutesRequests.php(171): Laravel\\Lumen\\Application->handleFoundRoute(Array)
#25 /app/vendor/laravel/lumen-framework/src/Routing/Pipeline.php(48): Laravel\\Lumen\\Application->Laravel\\Lumen\\Concerns\\{closure}(Object(Laravel\\Lumen\\Http\\Request))
#26 /app/app/Http/Middleware/CorsMiddleware.php(12): Laravel\\Lumen\\Routing\\Pipeline->Laravel\\Lumen\\Routing\\{closure}(Object(Laravel\\Lumen\\Http\\Request))
#27 /app/vendor/illuminate/pipeline/Pipeline.php(183): App\\Http\\Middleware\\CorsMiddleware->handle(Object(Laravel\\Lumen\\Http\\Request), Object(Closure))
#28 /app/vendor/laravel/lumen-framework/src/Routing/Pipeline.php(30): Illuminate\\Pipeline\\Pipeline->Illuminate\\Pipeline\\{closure}(Object(Laravel\\Lumen\\Http\\Request))
#29 /app/vendor/illuminate/pipeline/Pipeline.php(119): Laravel\\Lumen\\Routing\\Pipeline->Laravel\\Lumen\\Routing\\{closure}(Object(Laravel\\Lumen\\Http\\Request))
#30 /app/vendor/laravel/lumen-framework/src/Concerns/RoutesRequests.php(428): Illuminate\\Pipeline\\Pipeline->then(Object(Closure))
#31 /app/vendor/laravel/lumen-framework/src/Concerns/RoutesRequests.php(167): Laravel\\Lumen\\Application->sendThroughPipeline(Array, Object(Closure))
#32 /app/vendor/laravel/lumen-framework/src/Concerns/RoutesRequests.php(112): Laravel\\Lumen\\Application->dispatch(NULL)
#33 /app/public/index.php(5): Laravel\\Lumen\\Application->run()
#34 {main}
"} 
[2026-04-27 00:49:39] local.ERROR: SQLSTATE[42P01]: Undefined table: 7 ERROR:  relation "notifications" does not exist
LINE 2:              FROM notifications
                          ^ (Connection: pgsql, SQL: SELECT id, type, data, read_at, created_at
             FROM notifications
             WHERE notifiable_type = App\Models\User AND notifiable_id = 00000000-0000-0000-0000-000000000099::uuid
             ORDER BY read_at IS NOT NULL, created_at DESC
             LIMIT 50) {"exception":"[object] (Illuminate\\Database\\QueryException(code: 42P01): SQLSTATE[42P01]: Undefined table: 7 ERROR:  relation \"notifications\" does not exist
LINE 2:              FROM notifications
                          ^ (Connection: pgsql, SQL: SELECT id, type, data, read_at, created_at
             FROM notifications
             WHERE notifiable_type = App\\Models\\User AND notifiable_id = 00000000-0000-0000-0000-000000000099::uuid
             ORDER BY read_at IS NOT NULL, created_at DESC
             LIMIT 50) at /app/vendor/illuminate/database/Connection.php:829)
[stacktrace]
#0 /app/vendor/illuminate/database/Connection.php(783): Illuminate\\Database\\Connection->runQueryCallback('SELECT id, type...', Array, Object(Closure))
#1 /app/vendor/illuminate/database/Connection.php(414): Illuminate\\Database\\Connection->run('SELECT id, type...', Array, Object(Closure))
#2 /app/vendor/illuminate/database/DatabaseManager.php(509): Illuminate\\Database\\Connection->select('SELECT id, type...', Array)
#3 /app/vendor/illuminate/support/Facades/Facade.php(355): Illuminate\\Database\\DatabaseManager->__call('select', Array)
#4 /app/app/Http/Controllers/NotificationController.php(17): Illuminate\\Support\\Facades\\Facade::__callStatic('select', Array)
#5 /app/vendor/illuminate/container/BoundMethod.php(36): App\\Http\\Controllers\\NotificationController->index(Object(Laravel\\Lumen\\Http\\Request))
#6 /app/vendor/illuminate/container/Util.php(41): Illuminate\\Container\\BoundMethod::Illuminate\\Container\\{closure}()
#7 /app/vendor/illuminate/container/BoundMethod.php(93): Illuminate\\Container\\Util::unwrapIfClosure(Object(Closure))
#8 /app/vendor/illuminate/container/BoundMethod.php(35): Illuminate\\Container\\BoundMethod::callBoundMethod(Object(Laravel\\Lumen\\Application), Array, Object(Closure))
#9 /app/vendor/illuminate/container/Container.php(662): Illuminate\\Container\\BoundMethod::call(Object(Laravel\\Lumen\\Application), Array, Array, NULL)
#10 /app/vendor/laravel/lumen-framework/src/Concerns/RoutesRequests.php(391): Illuminate\\Container\\Container->call(Array, Array)
#11 /app/vendor/laravel/lumen-framework/src/Concerns/RoutesRequests.php(356): Laravel\\Lumen\\Application->callControllerCallable(Array, Array)
#12 /app/vendor/laravel/lumen-framework/src/Concerns/RoutesRequests.php(331): Laravel\\Lumen\\Application->callLumenController(Object(App\\Http\\Controllers\\NotificationController), 'index', Array)
#13 /app/vendor/laravel/lumen-framework/src/Concerns/RoutesRequests.php(284): Laravel\\Lumen\\Application->callControllerAction(Array)
#14 /app/vendor/laravel/lumen-framework/src/Concerns/RoutesRequests.php(264): Laravel\\Lumen\\Application->callActionOnArrayBasedRoute(Array)
#15 /app/vendor/laravel/lumen-framework/src/Routing/Pipeline.php(48): Laravel\\Lumen\\Application->Laravel\\Lumen\\Concerns\\{closure}(Object(Laravel\\Lumen\\Http\\Request))
#16 /app/app/Http/Middleware/Authenticate.php(35): Laravel\\Lumen\\Routing\\Pipeline->Laravel\\Lumen\\Routing\\{closure}(Object(Laravel\\Lumen\\Http\\Request))
#17 /app/vendor/illuminate/pipeline/Pipeline.php(183): App\\Http\\Middleware\\Authenticate->handle(Object(Laravel\\Lumen\\Http\\Request), Object(Closure))
#18 /app/vendor/laravel/lumen-framework/src/Routing/Pipeline.php(30): Illuminate\\Pipeline\\Pipeline->Illuminate\\Pipeline\\{closure}(Object(Laravel\\Lumen\\Http\\Request))
#19 /app/vendor/illuminate/pipeline/Pipeline.php(119): Laravel\\Lumen\\Routing\\Pipeline->Laravel\\Lumen\\Routing\\{closure}(Object(Laravel\\Lumen\\Http\\Request))
#20 /app/vendor/laravel/lumen-framework/src/Concerns/RoutesRequests.php(428): Illuminate\\Pipeline\\Pipeline->then(Object(Closure))
#21 /app/vendor/laravel/lumen-framework/src/Concerns/RoutesRequests.php(263): Laravel\\Lumen\\Application->sendThroughPipeline(Array, Object(Closure))
#22 /app/vendor/laravel/lumen-framework/src/Concerns/RoutesRequests.php(171): Laravel\\Lumen\\Application->handleFoundRoute(Array)
#23 /app/vendor/laravel/lumen-framework/src/Routing/Pipeline.php(48): Laravel\\Lumen\\Application->Laravel\\Lumen\\Concerns\\{closure}(Object(Laravel\\Lumen\\Http\\Request))
#24 /app/app/Http/Middleware/CorsMiddleware.php(12): Laravel\\Lumen\\Routing\\Pipeline->Laravel\\Lumen\\Routing\\{closure}(Object(Laravel\\Lumen\\Http\\Request))
#25 /app/vendor/illuminate/pipeline/Pipeline.php(183): App\\Http\\Middleware\\CorsMiddleware->handle(Object(Laravel\\Lumen\\Http\\Request), Object(Closure))
#26 /app/vendor/laravel/lumen-framework/src/Routing/Pipeline.php(30): Illuminate\\Pipeline\\Pipeline->Illuminate\\Pipeline\\{closure}(Object(Laravel\\Lumen\\Http\\Request))
#27 /app/vendor/illuminate/pipeline/Pipeline.php(119): Laravel\\Lumen\\Routing\\Pipeline->Laravel\\Lumen\\Routing\\{closure}(Object(Laravel\\Lumen\\Http\\Request))
#28 /app/vendor/laravel/lumen-framework/src/Concerns/RoutesRequests.php(428): Illuminate\\Pipeline\\Pipeline->then(Object(Closure))
#29 /app/vendor/laravel/lumen-framework/src/Concerns/RoutesRequests.php(167): Laravel\\Lumen\\Application->sendThroughPipeline(Array, Object(Closure))
#30 /app/vendor/laravel/lumen-framework/src/Concerns/RoutesRequests.php(112): Laravel\\Lumen\\Application->dispatch(NULL)
#31 /app/public/index.php(5): Laravel\\Lumen\\Application->run()
#32 {main}

[previous exception] [object] (PDOException(code: 42P01): SQLSTATE[42P01]: Undefined table: 7 ERROR:  relation \"notifications\" does not exist
LINE 2:              FROM notifications
                          ^ at /app/vendor/illuminate/database/Connection.php:428)
[stacktrace]
#0 /app/vendor/illuminate/database/Connection.php(428): PDOStatement->execute()
#1 /app/vendor/illuminate/database/Connection.php(816): Illuminate\\Database\\Connection->Illuminate\\Database\\{closure}('SELECT id, type...', Array)
#2 /app/vendor/illuminate/database/Connection.php(783): Illuminate\\Database\\Connection->runQueryCallback('SELECT id, type...', Array, Object(Closure))
#3 /app/vendor/illuminate/database/Connection.php(414): Illuminate\\Database\\Connection->run('SELECT id, type...', Array, Object(Closure))
#4 /app/vendor/illuminate/database/DatabaseManager.php(509): Illuminate\\Database\\Connection->select('SELECT id, type...', Array)
#5 /app/vendor/illuminate/support/Facades/Facade.php(355): Illuminate\\Database\\DatabaseManager->__call('select', Array)
#6 /app/app/Http/Controllers/NotificationController.php(17): Illuminate\\Support\\Facades\\Facade::__callStatic('select', Array)
#7 /app/vendor/illuminate/container/BoundMethod.php(36): App\\Http\\Controllers\\NotificationController->index(Object(Laravel\\Lumen\\Http\\Request))
#8 /app/vendor/illuminate/container/Util.php(41): Illuminate\\Container\\BoundMethod::Illuminate\\Container\\{closure}()
#9 /app/vendor/illuminate/container/BoundMethod.php(93): Illuminate\\Container\\Util::unwrapIfClosure(Object(Closure))
#10 /app/vendor/illuminate/container/BoundMethod.php(35): Illuminate\\Container\\BoundMethod::callBoundMethod(Object(Laravel\\Lumen\\Application), Array, Object(Closure))
#11 /app/vendor/illuminate/container/Container.php(662): Illuminate\\Container\\BoundMethod::call(Object(Laravel\\Lumen\\Application), Array, Array, NULL)
#12 /app/vendor/laravel/lumen-framework/src/Concerns/RoutesRequests.php(391): Illuminate\\Container\\Container->call(Array, Array)
#13 /app/vendor/laravel/lumen-framework/src/Concerns/RoutesRequests.php(356): Laravel\\Lumen\\Application->callControllerCallable(Array, Array)
#14 /app/vendor/laravel/lumen-framework/src/Concerns/RoutesRequests.php(331): Laravel\\Lumen\\Application->callLumenController(Object(App\\Http\\Controllers\\NotificationController), 'index', Array)
#15 /app/vendor/laravel/lumen-framework/src/Concerns/RoutesRequests.php(284): Laravel\\Lumen\\Application->callControllerAction(Array)
#16 /app/vendor/laravel/lumen-framework/src/Concerns/RoutesRequests.php(264): Laravel\\Lumen\\Application->callActionOnArrayBasedRoute(Array)
#17 /app/vendor/laravel/lumen-framework/src/Routing/Pipeline.php(48): Laravel\\Lumen\\Application->Laravel\\Lumen\\Concerns\\{closure}(Object(Laravel\\Lumen\\Http\\Request))
#18 /app/app/Http/Middleware/Authenticate.php(35): Laravel\\Lumen\\Routing\\Pipeline->Laravel\\Lumen\\Routing\\{closure}(Object(Laravel\\Lumen\\Http\\Request))
#19 /app/vendor/illuminate/pipeline/Pipeline.php(183): App\\Http\\Middleware\\Authenticate->handle(Object(Laravel\\Lumen\\Http\\Request), Object(Closure))
#20 /app/vendor/laravel/lumen-framework/src/Routing/Pipeline.php(30): Illuminate\\Pipeline\\Pipeline->Illuminate\\Pipeline\\{closure}(Object(Laravel\\Lumen\\Http\\Request))
#21 /app/vendor/illuminate/pipeline/Pipeline.php(119): Laravel\\Lumen\\Routing\\Pipeline->Laravel\\Lumen\\Routing\\{closure}(Object(Laravel\\Lumen\\Http\\Request))
#22 /app/vendor/laravel/lumen-framework/src/Concerns/RoutesRequests.php(428): Illuminate\\Pipeline\\Pipeline->then(Object(Closure))
#23 /app/vendor/laravel/lumen-framework/src/Concerns/RoutesRequests.php(263): Laravel\\Lumen\\Application->sendThroughPipeline(Array, Object(Closure))
#24 /app/vendor/laravel/lumen-framework/src/Concerns/RoutesRequests.php(171): Laravel\\Lumen\\Application->handleFoundRoute(Array)
#25 /app/vendor/laravel/lumen-framework/src/Routing/Pipeline.php(48): Laravel\\Lumen\\Application->Laravel\\Lumen\\Concerns\\{closure}(Object(Laravel\\Lumen\\Http\\Request))
#26 /app/app/Http/Middleware/CorsMiddleware.php(12): Laravel\\Lumen\\Routing\\Pipeline->Laravel\\Lumen\\Routing\\{closure}(Object(Laravel\\Lumen\\Http\\Request))
#27 /app/vendor/illuminate/pipeline/Pipeline.php(183): App\\Http\\Middleware\\CorsMiddleware->handle(Object(Laravel\\Lumen\\Http\\Request), Object(Closure))
#28 /app/vendor/laravel/lumen-framework/src/Routing/Pipeline.php(30): Illuminate\\Pipeline\\Pipeline->Illuminate\\Pipeline\\{closure}(Object(Laravel\\Lumen\\Http\\Request))
#29 /app/vendor/illuminate/pipeline/Pipeline.php(119): Laravel\\Lumen\\Routing\\Pipeline->Laravel\\Lumen\\Routing\\{closure}(Object(Laravel\\Lumen\\Http\\Request))
#30 /app/vendor/laravel/lumen-framework/src/Concerns/RoutesRequests.php(428): Illuminate\\Pipeline\\Pipeline->then(Object(Closure))
#31 /app/vendor/laravel/lumen-framework/src/Concerns/RoutesRequests.php(167): Laravel\\Lumen\\Application->sendThroughPipeline(Array, Object(Closure))
#32 /app/vendor/laravel/lumen-framework/src/Concerns/RoutesRequests.php(112): Laravel\\Lumen\\Application->dispatch(NULL)
#33 /app/public/index.php(5): Laravel\\Lumen\\Application->run()
#34 {main}
"} 
[2026-04-27 00:49:39] local.ERROR: SQLSTATE[42P01]: Undefined table: 7 ERROR:  relation "notifications" does not exist
LINE 2:              FROM notifications
                          ^ (Connection: pgsql, SQL: SELECT id, type, data, read_at, created_at
             FROM notifications
             WHERE notifiable_type = App\Models\User AND notifiable_id = 00000000-0000-0000-0000-000000000001::uuid
             ORDER BY read_at IS NOT NULL, created_at DESC
             LIMIT 50) {"exception":"[object] (Illuminate\\Database\\QueryException(code: 42P01): SQLSTATE[42P01]: Undefined table: 7 ERROR:  relation \"notifications\" does not exist
LINE 2:              FROM notifications
                          ^ (Connection: pgsql, SQL: SELECT id, type, data, read_at, created_at
             FROM notifications
             WHERE notifiable_type = App\\Models\\User AND notifiable_id = 00000000-0000-0000-0000-000000000001::uuid
             ORDER BY read_at IS NOT NULL, created_at DESC
             LIMIT 50) at /app/vendor/illuminate/database/Connection.php:829)
[stacktrace]
#0 /app/vendor/illuminate/database/Connection.php(783): Illuminate\\Database\\Connection->runQueryCallback('SELECT id, type...', Array, Object(Closure))
#1 /app/vendor/illuminate/database/Connection.php(414): Illuminate\\Database\\Connection->run('SELECT id, type...', Array, Object(Closure))
#2 /app/vendor/illuminate/database/DatabaseManager.php(509): Illuminate\\Database\\Connection->select('SELECT id, type...', Array)
#3 /app/vendor/illuminate/support/Facades/Facade.php(355): Illuminate\\Database\\DatabaseManager->__call('select', Array)
#4 /app/app/Http/Controllers/NotificationController.php(17): Illuminate\\Support\\Facades\\Facade::__callStatic('select', Array)
#5 /app/vendor/illuminate/container/BoundMethod.php(36): App\\Http\\Controllers\\NotificationController->index(Object(Laravel\\Lumen\\Http\\Request))
#6 /app/vendor/illuminate/container/Util.php(41): Illuminate\\Container\\BoundMethod::Illuminate\\Container\\{closure}()
#7 /app/vendor/illuminate/container/BoundMethod.php(93): Illuminate\\Container\\Util::unwrapIfClosure(Object(Closure))
#8 /app/vendor/illuminate/container/BoundMethod.php(35): Illuminate\\Container\\BoundMethod::callBoundMethod(Object(Laravel\\Lumen\\Application), Array, Object(Closure))
#9 /app/vendor/illuminate/container/Container.php(662): Illuminate\\Container\\BoundMethod::call(Object(Laravel\\Lumen\\Application), Array, Array, NULL)
#10 /app/vendor/laravel/lumen-framework/src/Concerns/RoutesRequests.php(391): Illuminate\\Container\\Container->call(Array, Array)
#11 /app/vendor/laravel/lumen-framework/src/Concerns/RoutesRequests.php(356): Laravel\\Lumen\\Application->callControllerCallable(Array, Array)
#12 /app/vendor/laravel/lumen-framework/src/Concerns/RoutesRequests.php(331): Laravel\\Lumen\\Application->callLumenController(Object(App\\Http\\Controllers\\NotificationController), 'index', Array)
#13 /app/vendor/laravel/lumen-framework/src/Concerns/RoutesRequests.php(284): Laravel\\Lumen\\Application->callControllerAction(Array)
#14 /app/vendor/laravel/lumen-framework/src/Concerns/RoutesRequests.php(264): Laravel\\Lumen\\Application->callActionOnArrayBasedRoute(Array)
#15 /app/vendor/laravel/lumen-framework/src/Routing/Pipeline.php(48): Laravel\\Lumen\\Application->Laravel\\Lumen\\Concerns\\{closure}(Object(Laravel\\Lumen\\Http\\Request))
#16 /app/app/Http/Middleware/Authenticate.php(35): Laravel\\Lumen\\Routing\\Pipeline->Laravel\\Lumen\\Routing\\{closure}(Object(Laravel\\Lumen\\Http\\Request))
#17 /app/vendor/illuminate/pipeline/Pipeline.php(183): App\\Http\\Middleware\\Authenticate->handle(Object(Laravel\\Lumen\\Http\\Request), Object(Closure))
#18 /app/vendor/laravel/lumen-framework/src/Routing/Pipeline.php(30): Illuminate\\Pipeline\\Pipeline->Illuminate\\Pipeline\\{closure}(Object(Laravel\\Lumen\\Http\\Request))
#19 /app/vendor/illuminate/pipeline/Pipeline.php(119): Laravel\\Lumen\\Routing\\Pipeline->Laravel\\Lumen\\Routing\\{closure}(Object(Laravel\\Lumen\\Http\\Request))
#20 /app/vendor/laravel/lumen-framework/src/Concerns/RoutesRequests.php(428): Illuminate\\Pipeline\\Pipeline->then(Object(Closure))
#21 /app/vendor/laravel/lumen-framework/src/Concerns/RoutesRequests.php(263): Laravel\\Lumen\\Application->sendThroughPipeline(Array, Object(Closure))
#22 /app/vendor/laravel/lumen-framework/src/Concerns/RoutesRequests.php(171): Laravel\\Lumen\\Application->handleFoundRoute(Array)
#23 /app/vendor/laravel/lumen-framework/src/Routing/Pipeline.php(48): Laravel\\Lumen\\Application->Laravel\\Lumen\\Concerns\\{closure}(Object(Laravel\\Lumen\\Http\\Request))
#24 /app/app/Http/Middleware/CorsMiddleware.php(12): Laravel\\Lumen\\Routing\\Pipeline->Laravel\\Lumen\\Routing\\{closure}(Object(Laravel\\Lumen\\Http\\Request))
#25 /app/vendor/illuminate/pipeline/Pipeline.php(183): App\\Http\\Middleware\\CorsMiddleware->handle(Object(Laravel\\Lumen\\Http\\Request), Object(Closure))
#26 /app/vendor/laravel/lumen-framework/src/Routing/Pipeline.php(30): Illuminate\\Pipeline\\Pipeline->Illuminate\\Pipeline\\{closure}(Object(Laravel\\Lumen\\Http\\Request))
#27 /app/vendor/illuminate/pipeline/Pipeline.php(119): Laravel\\Lumen\\Routing\\Pipeline->Laravel\\Lumen\\Routing\\{closure}(Object(Laravel\\Lumen\\Http\\Request))
#28 /app/vendor/laravel/lumen-framework/src/Concerns/RoutesRequests.php(428): Illuminate\\Pipeline\\Pipeline->then(Object(Closure))
#29 /app/vendor/laravel/lumen-framework/src/Concerns/RoutesRequests.php(167): Laravel\\Lumen\\Application->sendThroughPipeline(Array, Object(Closure))
#30 /app/vendor/laravel/lumen-framework/src/Concerns/RoutesRequests.php(112): Laravel\\Lumen\\Application->dispatch(NULL)
#31 /app/public/index.php(5): Laravel\\Lumen\\Application->run()
#32 {main}

[previous exception] [object] (PDOException(code: 42P01): SQLSTATE[42P01]: Undefined table: 7 ERROR:  relation \"notifications\" does not exist
LINE 2:              FROM notifications
                          ^ at /app/vendor/illuminate/database/Connection.php:428)
[stacktrace]
#0 /app/vendor/illuminate/database/Connection.php(428): PDOStatement->execute()
#1 /app/vendor/illuminate/database/Connection.php(816): Illuminate\\Database\\Connection->Illuminate\\Database\\{closure}('SELECT id, type...', Array)
#2 /app/vendor/illuminate/database/Connection.php(783): Illuminate\\Database\\Connection->runQueryCallback('SELECT id, type...', Array, Object(Closure))
#3 /app/vendor/illuminate/database/Connection.php(414): Illuminate\\Database\\Connection->run('SELECT id, type...', Array, Object(Closure))
#4 /app/vendor/illuminate/database/DatabaseManager.php(509): Illuminate\\Database\\Connection->select('SELECT id, type...', Array)
#5 /app/vendor/illuminate/support/Facades/Facade.php(355): Illuminate\\Database\\DatabaseManager->__call('select', Array)
#6 /app/app/Http/Controllers/NotificationController.php(17): Illuminate\\Support\\Facades\\Facade::__callStatic('select', Array)
#7 /app/vendor/illuminate/container/BoundMethod.php(36): App\\Http\\Controllers\\NotificationController->index(Object(Laravel\\Lumen\\Http\\Request))
#8 /app/vendor/illuminate/container/Util.php(41): Illuminate\\Container\\BoundMethod::Illuminate\\Container\\{closure}()
#9 /app/vendor/illuminate/container/BoundMethod.php(93): Illuminate\\Container\\Util::unwrapIfClosure(Object(Closure))
#10 /app/vendor/illuminate/container/BoundMethod.php(35): Illuminate\\Container\\BoundMethod::callBoundMethod(Object(Laravel\\Lumen\\Application), Array, Object(Closure))
#11 /app/vendor/illuminate/container/Container.php(662): Illuminate\\Container\\BoundMethod::call(Object(Laravel\\Lumen\\Application), Array, Array, NULL)
#12 /app/vendor/laravel/lumen-framework/src/Concerns/RoutesRequests.php(391): Illuminate\\Container\\Container->call(Array, Array)
#13 /app/vendor/laravel/lumen-framework/src/Concerns/RoutesRequests.php(356): Laravel\\Lumen\\Application->callControllerCallable(Array, Array)
#14 /app/vendor/laravel/lumen-framework/src/Concerns/RoutesRequests.php(331): Laravel\\Lumen\\Application->callLumenController(Object(App\\Http\\Controllers\\NotificationController), 'index', Array)
#15 /app/vendor/laravel/lumen-framework/src/Concerns/RoutesRequests.php(284): Laravel\\Lumen\\Application->callControllerAction(Array)
#16 /app/vendor/laravel/lumen-framework/src/Concerns/RoutesRequests.php(264): Laravel\\Lumen\\Application->callActionOnArrayBasedRoute(Array)
#17 /app/vendor/laravel/lumen-framework/src/Routing/Pipeline.php(48): Laravel\\Lumen\\Application->Laravel\\Lumen\\Concerns\\{closure}(Object(Laravel\\Lumen\\Http\\Request))
#18 /app/app/Http/Middleware/Authenticate.php(35): Laravel\\Lumen\\Routing\\Pipeline->Laravel\\Lumen\\Routing\\{closure}(Object(Laravel\\Lumen\\Http\\Request))
#19 /app/vendor/illuminate/pipeline/Pipeline.php(183): App\\Http\\Middleware\\Authenticate->handle(Object(Laravel\\Lumen\\Http\\Request), Object(Closure))
#20 /app/vendor/laravel/lumen-framework/src/Routing/Pipeline.php(30): Illuminate\\Pipeline\\Pipeline->Illuminate\\Pipeline\\{closure}(Object(Laravel\\Lumen\\Http\\Request))
#21 /app/vendor/illuminate/pipeline/Pipeline.php(119): Laravel\\Lumen\\Routing\\Pipeline->Laravel\\Lumen\\Routing\\{closure}(Object(Laravel\\Lumen\\Http\\Request))
#22 /app/vendor/laravel/lumen-framework/src/Concerns/RoutesRequests.php(428): Illuminate\\Pipeline\\Pipeline->then(Object(Closure))
#23 /app/vendor/laravel/lumen-framework/src/Concerns/RoutesRequests.php(263): Laravel\\Lumen\\Application->sendThroughPipeline(Array, Object(Closure))
#24 /app/vendor/laravel/lumen-framework/src/Concerns/RoutesRequests.php(171): Laravel\\Lumen\\Application->handleFoundRoute(Array)
#25 /app/vendor/laravel/lumen-framework/src/Routing/Pipeline.php(48): Laravel\\Lumen\\Application->Laravel\\Lumen\\Concerns\\{closure}(Object(Laravel\\Lumen\\Http\\Request))
#26 /app/app/Http/Middleware/CorsMiddleware.php(12): Laravel\\Lumen\\Routing\\Pipeline->Laravel\\Lumen\\Routing\\{closure}(Object(Laravel\\Lumen\\Http\\Request))
#27 /app/vendor/illuminate/pipeline/Pipeline.php(183): App\\Http\\Middleware\\CorsMiddleware->handle(Object(Laravel\\Lumen\\Http\\Request), Object(Closure))
#28 /app/vendor/laravel/lumen-framework/src/Routing/Pipeline.php(30): Illuminate\\Pipeline\\Pipeline->Illuminate\\Pipeline\\{closure}(Object(Laravel\\Lumen\\Http\\Request))
#29 /app/vendor/illuminate/pipeline/Pipeline.php(119): Laravel\\Lumen\\Routing\\Pipeline->Laravel\\Lumen\\Routing\\{closure}(Object(Laravel\\Lumen\\Http\\Request))
#30 /app/vendor/laravel/lumen-framework/src/Concerns/RoutesRequests.php(428): Illuminate\\Pipeline\\Pipeline->then(Object(Closure))
#31 /app/vendor/laravel/lumen-framework/src/Concerns/RoutesRequests.php(167): Laravel\\Lumen\\Application->sendThroughPipeline(Array, Object(Closure))
#32 /app/vendor/laravel/lumen-framework/src/Concerns/RoutesRequests.php(112): Laravel\\Lumen\\Application->dispatch(NULL)
#33 /app/public/index.php(5): Laravel\\Lumen\\Application->run()
#34 {main}
"} 
[2026-04-27 00:49:39] local.ERROR: SQLSTATE[42P01]: Undefined table: 7 ERROR:  relation "notifications" does not exist
LINE 2:              FROM notifications
                          ^ (Connection: pgsql, SQL: SELECT id, type, data, read_at, created_at
             FROM notifications
             WHERE notifiable_type = App\Models\User AND notifiable_id = 00000000-0000-0000-0000-000000000099::uuid
             ORDER BY read_at IS NOT NULL, created_at DESC
             LIMIT 50) {"exception":"[object] (Illuminate\\Database\\QueryException(code: 42P01): SQLSTATE[42P01]: Undefined table: 7 ERROR:  relation \"notifications\" does not exist
LINE 2:              FROM notifications
                          ^ (Connection: pgsql, SQL: SELECT id, type, data, read_at, created_at
             FROM notifications
             WHERE notifiable_type = App\\Models\\User AND notifiable_id = 00000000-0000-0000-0000-000000000099::uuid
             ORDER BY read_at IS NOT NULL, created_at DESC
             LIMIT 50) at /app/vendor/illuminate/database/Connection.php:829)
[stacktrace]
#0 /app/vendor/illuminate/database/Connection.php(783): Illuminate\\Database\\Connection->runQueryCallback('SELECT id, type...', Array, Object(Closure))
#1 /app/vendor/illuminate/database/Connection.php(414): Illuminate\\Database\\Connection->run('SELECT id, type...', Array, Object(Closure))
#2 /app/vendor/illuminate/database/DatabaseManager.php(509): Illuminate\\Database\\Connection->select('SELECT id, type...', Array)
#3 /app/vendor/illuminate/support/Facades/Facade.php(355): Illuminate\\Database\\DatabaseManager->__call('select', Array)
#4 /app/app/Http/Controllers/NotificationController.php(17): Illuminate\\Support\\Facades\\Facade::__callStatic('select', Array)
#5 /app/vendor/illuminate/container/BoundMethod.php(36): App\\Http\\Controllers\\NotificationController->index(Object(Laravel\\Lumen\\Http\\Request))
#6 /app/vendor/illuminate/container/Util.php(41): Illuminate\\Container\\BoundMethod::Illuminate\\Container\\{closure}()
#7 /app/vendor/illuminate/container/BoundMethod.php(93): Illuminate\\Container\\Util::unwrapIfClosure(Object(Closure))
#8 /app/vendor/illuminate/container/BoundMethod.php(35): Illuminate\\Container\\BoundMethod::callBoundMethod(Object(Laravel\\Lumen\\Application), Array, Object(Closure))
#9 /app/vendor/illuminate/container/Container.php(662): Illuminate\\Container\\BoundMethod::call(Object(Laravel\\Lumen\\Application), Array, Array, NULL)
#10 /app/vendor/laravel/lumen-framework/src/Concerns/RoutesRequests.php(391): Illuminate\\Container\\Container->call(Array, Array)
#11 /app/vendor/laravel/lumen-framework/src/Concerns/RoutesRequests.php(356): Laravel\\Lumen\\Application->callControllerCallable(Array, Array)
#12 /app/vendor/laravel/lumen-framework/src/Concerns/RoutesRequests.php(331): Laravel\\Lumen\\Application->callLumenController(Object(App\\Http\\Controllers\\NotificationController), 'index', Array)
#13 /app/vendor/laravel/lumen-framework/src/Concerns/RoutesRequests.php(284): Laravel\\Lumen\\Application->callControllerAction(Array)
#14 /app/vendor/laravel/lumen-framework/src/Concerns/RoutesRequests.php(264): Laravel\\Lumen\\Application->callActionOnArrayBasedRoute(Array)
#15 /app/vendor/laravel/lumen-framework/src/Routing/Pipeline.php(48): Laravel\\Lumen\\Application->Laravel\\Lumen\\Concerns\\{closure}(Object(Laravel\\Lumen\\Http\\Request))
#16 /app/app/Http/Middleware/Authenticate.php(35): Laravel\\Lumen\\Routing\\Pipeline->Laravel\\Lumen\\Routing\\{closure}(Object(Laravel\\Lumen\\Http\\Request))
#17 /app/vendor/illuminate/pipeline/Pipeline.php(183): App\\Http\\Middleware\\Authenticate->handle(Object(Laravel\\Lumen\\Http\\Request), Object(Closure))
#18 /app/vendor/laravel/lumen-framework/src/Routing/Pipeline.php(30): Illuminate\\Pipeline\\Pipeline->Illuminate\\Pipeline\\{closure}(Object(Laravel\\Lumen\\Http\\Request))
#19 /app/vendor/illuminate/pipeline/Pipeline.php(119): Laravel\\Lumen\\Routing\\Pipeline->Laravel\\Lumen\\Routing\\{closure}(Object(Laravel\\Lumen\\Http\\Request))
#20 /app/vendor/laravel/lumen-framework/src/Concerns/RoutesRequests.php(428): Illuminate\\Pipeline\\Pipeline->then(Object(Closure))
#21 /app/vendor/laravel/lumen-framework/src/Concerns/RoutesRequests.php(263): Laravel\\Lumen\\Application->sendThroughPipeline(Array, Object(Closure))
#22 /app/vendor/laravel/lumen-framework/src/Concerns/RoutesRequests.php(171): Laravel\\Lumen\\Application->handleFoundRoute(Array)
#23 /app/vendor/laravel/lumen-framework/src/Routing/Pipeline.php(48): Laravel\\Lumen\\Application->Laravel\\Lumen\\Concerns\\{closure}(Object(Laravel\\Lumen\\Http\\Request))
#24 /app/app/Http/Middleware/CorsMiddleware.php(12): Laravel\\Lumen\\Routing\\Pipeline->Laravel\\Lumen\\Routing\\{closure}(Object(Laravel\\Lumen\\Http\\Request))
#25 /app/vendor/illuminate/pipeline/Pipeline.php(183): App\\Http\\Middleware\\CorsMiddleware->handle(Object(Laravel\\Lumen\\Http\\Request), Object(Closure))
#26 /app/vendor/laravel/lumen-framework/src/Routing/Pipeline.php(30): Illuminate\\Pipeline\\Pipeline->Illuminate\\Pipeline\\{closure}(Object(Laravel\\Lumen\\Http\\Request))
#27 /app/vendor/illuminate/pipeline/Pipeline.php(119): Laravel\\Lumen\\Routing\\Pipeline->Laravel\\Lumen\\Routing\\{closure}(Object(Laravel\\Lumen\\Http\\Request))
#28 /app/vendor/laravel/lumen-framework/src/Concerns/RoutesRequests.php(428): Illuminate\\Pipeline\\Pipeline->then(Object(Closure))
#29 /app/vendor/laravel/lumen-framework/src/Concerns/RoutesRequests.php(167): Laravel\\Lumen\\Application->sendThroughPipeline(Array, Object(Closure))
#30 /app/vendor/laravel/lumen-framework/src/Concerns/RoutesRequests.php(112): Laravel\\Lumen\\Application->dispatch(NULL)
#31 /app/public/index.php(5): Laravel\\Lumen\\Application->run()
#32 {main}

[previous exception] [object] (PDOException(code: 42P01): SQLSTATE[42P01]: Undefined table: 7 ERROR:  relation \"notifications\" does not exist
LINE 2:              FROM notifications
                          ^ at /app/vendor/illuminate/database/Connection.php:428)
[stacktrace]
#0 /app/vendor/illuminate/database/Connection.php(428): PDOStatement->execute()
#1 /app/vendor/illuminate/database/Connection.php(816): Illuminate\\Database\\Connection->Illuminate\\Database\\{closure}('SELECT id, type...', Array)
#2 /app/vendor/illuminate/database/Connection.php(783): Illuminate\\Database\\Connection->runQueryCallback('SELECT id, type...', Array, Object(Closure))
#3 /app/vendor/illuminate/database/Connection.php(414): Illuminate\\Database\\Connection->run('SELECT id, type...', Array, Object(Closure))
#4 /app/vendor/illuminate/database/DatabaseManager.php(509): Illuminate\\Database\\Connection->select('SELECT id, type...', Array)
#5 /app/vendor/illuminate/support/Facades/Facade.php(355): Illuminate\\Database\\DatabaseManager->__call('select', Array)
#6 /app/app/Http/Controllers/NotificationController.php(17): Illuminate\\Support\\Facades\\Facade::__callStatic('select', Array)
#7 /app/vendor/illuminate/container/BoundMethod.php(36): App\\Http\\Controllers\\NotificationController->index(Object(Laravel\\Lumen\\Http\\Request))
#8 /app/vendor/illuminate/container/Util.php(41): Illuminate\\Container\\BoundMethod::Illuminate\\Container\\{closure}()
#9 /app/vendor/illuminate/container/BoundMethod.php(93): Illuminate\\Container\\Util::unwrapIfClosure(Object(Closure))
#10 /app/vendor/illuminate/container/BoundMethod.php(35): Illuminate\\Container\\BoundMethod::callBoundMethod(Object(Laravel\\Lumen\\Application), Array, Object(Closure))
#11 /app/vendor/illuminate/container/Container.php(662): Illuminate\\Container\\BoundMethod::call(Object(Laravel\\Lumen\\Application), Array, Array, NULL)
#12 /app/vendor/laravel/lumen-framework/src/Concerns/RoutesRequests.php(391): Illuminate\\Container\\Container->call(Array, Array)
#13 /app/vendor/laravel/lumen-framework/src/Concerns/RoutesRequests.php(356): Laravel\\Lumen\\Application->callControllerCallable(Array, Array)
#14 /app/vendor/laravel/lumen-framework/src/Concerns/RoutesRequests.php(331): Laravel\\Lumen\\Application->callLumenController(Object(App\\Http\\Controllers\\NotificationController), 'index', Array)
#15 /app/vendor/laravel/lumen-framework/src/Concerns/RoutesRequests.php(284): Laravel\\Lumen\\Application->callControllerAction(Array)
#16 /app/vendor/laravel/lumen-framework/src/Concerns/RoutesRequests.php(264): Laravel\\Lumen\\Application->callActionOnArrayBasedRoute(Array)
#17 /app/vendor/laravel/lumen-framework/src/Routing/Pipeline.php(48): Laravel\\Lumen\\Application->Laravel\\Lumen\\Concerns\\{closure}(Object(Laravel\\Lumen\\Http\\Request))
#18 /app/app/Http/Middleware/Authenticate.php(35): Laravel\\Lumen\\Routing\\Pipeline->Laravel\\Lumen\\Routing\\{closure}(Object(Laravel\\Lumen\\Http\\Request))
#19 /app/vendor/illuminate/pipeline/Pipeline.php(183): App\\Http\\Middleware\\Authenticate->handle(Object(Laravel\\Lumen\\Http\\Request), Object(Closure))
#20 /app/vendor/laravel/lumen-framework/src/Routing/Pipeline.php(30): Illuminate\\Pipeline\\Pipeline->Illuminate\\Pipeline\\{closure}(Object(Laravel\\Lumen\\Http\\Request))
#21 /app/vendor/illuminate/pipeline/Pipeline.php(119): Laravel\\Lumen\\Routing\\Pipeline->Laravel\\Lumen\\Routing\\{closure}(Object(Laravel\\Lumen\\Http\\Request))
#22 /app/vendor/laravel/lumen-framework/src/Concerns/RoutesRequests.php(428): Illuminate\\Pipeline\\Pipeline->then(Object(Closure))
#23 /app/vendor/laravel/lumen-framework/src/Concerns/RoutesRequests.php(263): Laravel\\Lumen\\Application->sendThroughPipeline(Array, Object(Closure))
#24 /app/vendor/laravel/lumen-framework/src/Concerns/RoutesRequests.php(171): Laravel\\Lumen\\Application->handleFoundRoute(Array)
#25 /app/vendor/laravel/lumen-framework/src/Routing/Pipeline.php(48): Laravel\\Lumen\\Application->Laravel\\Lumen\\Concerns\\{closure}(Object(Laravel\\Lumen\\Http\\Request))
#26 /app/app/Http/Middleware/CorsMiddleware.php(12): Laravel\\Lumen\\Routing\\Pipeline->Laravel\\Lumen\\Routing\\{closure}(Object(Laravel\\Lumen\\Http\\Request))
#27 /app/vendor/illuminate/pipeline/Pipeline.php(183): App\\Http\\Middleware\\CorsMiddleware->handle(Object(Laravel\\Lumen\\Http\\Request), Object(Closure))
#28 /app/vendor/laravel/lumen-framework/src/Routing/Pipeline.php(30): Illuminate\\Pipeline\\Pipeline->Illuminate\\Pipeline\\{closure}(Object(Laravel\\Lumen\\Http\\Request))
#29 /app/vendor/illuminate/pipeline/Pipeline.php(119): Laravel\\Lumen\\Routing\\Pipeline->Laravel\\Lumen\\Routing\\{closure}(Object(Laravel\\Lumen\\Http\\Request))
#30 /app/vendor/laravel/lumen-framework/src/Concerns/RoutesRequests.php(428): Illuminate\\Pipeline\\Pipeline->then(Object(Closure))
#31 /app/vendor/laravel/lumen-framework/src/Concerns/RoutesRequests.php(167): Laravel\\Lumen\\Application->sendThroughPipeline(Array, Object(Closure))
#32 /app/vendor/laravel/lumen-framework/src/Concerns/RoutesRequests.php(112): Laravel\\Lumen\\Application->dispatch(NULL)
#33 /app/public/index.php(5): Laravel\\Lumen\\Application->run()
#34 {main}
"} 
[2026-04-27 00:49:41] local.ERROR: SQLSTATE[42P01]: Undefined table: 7 ERROR:  relation "notifications" does not exist
LINE 2:              FROM notifications
                          ^ (Connection: pgsql, SQL: SELECT id, type, data, read_at, created_at
             FROM notifications
             WHERE notifiable_type = App\Models\User AND notifiable_id = 00000000-0000-0000-0000-000000000002::uuid
             ORDER BY read_at IS NOT NULL, created_at DESC
             LIMIT 50) {"exception":"[object] (Illuminate\\Database\\QueryException(code: 42P01): SQLSTATE[42P01]: Undefined table: 7 ERROR:  relation \"notifications\" does not exist
LINE 2:              FROM notifications
                          ^ (Connection: pgsql, SQL: SELECT id, type, data, read_at, created_at
             FROM notifications
             WHERE notifiable_type = App\\Models\\User AND notifiable_id = 00000000-0000-0000-0000-000000000002::uuid
             ORDER BY read_at IS NOT NULL, created_at DESC
             LIMIT 50) at /app/vendor/illuminate/database/Connection.php:829)
[stacktrace]
#0 /app/vendor/illuminate/database/Connection.php(783): Illuminate\\Database\\Connection->runQueryCallback('SELECT id, type...', Array, Object(Closure))
#1 /app/vendor/illuminate/database/Connection.php(414): Illuminate\\Database\\Connection->run('SELECT id, type...', Array, Object(Closure))
#2 /app/vendor/illuminate/database/DatabaseManager.php(509): Illuminate\\Database\\Connection->select('SELECT id, type...', Array)
#3 /app/vendor/illuminate/support/Facades/Facade.php(355): Illuminate\\Database\\DatabaseManager->__call('select', Array)
#4 /app/app/Http/Controllers/NotificationController.php(17): Illuminate\\Support\\Facades\\Facade::__callStatic('select', Array)
#5 /app/vendor/illuminate/container/BoundMethod.php(36): App\\Http\\Controllers\\NotificationController->index(Object(Laravel\\Lumen\\Http\\Request))
#6 /app/vendor/illuminate/container/Util.php(41): Illuminate\\Container\\BoundMethod::Illuminate\\Container\\{closure}()
#7 /app/vendor/illuminate/container/BoundMethod.php(93): Illuminate\\Container\\Util::unwrapIfClosure(Object(Closure))
#8 /app/vendor/illuminate/container/BoundMethod.php(35): Illuminate\\Container\\BoundMethod::callBoundMethod(Object(Laravel\\Lumen\\Application), Array, Object(Closure))
#9 /app/vendor/illuminate/container/Container.php(662): Illuminate\\Container\\BoundMethod::call(Object(Laravel\\Lumen\\Application), Array, Array, NULL)
#10 /app/vendor/laravel/lumen-framework/src/Concerns/RoutesRequests.php(391): Illuminate\\Container\\Container->call(Array, Array)
#11 /app/vendor/laravel/lumen-framework/src/Concerns/RoutesRequests.php(356): Laravel\\Lumen\\Application->callControllerCallable(Array, Array)
#12 /app/vendor/laravel/lumen-framework/src/Concerns/RoutesRequests.php(331): Laravel\\Lumen\\Application->callLumenController(Object(App\\Http\\Controllers\\NotificationController), 'index', Array)
#13 /app/vendor/laravel/lumen-framework/src/Concerns/RoutesRequests.php(284): Laravel\\Lumen\\Application->callControllerAction(Array)
#14 /app/vendor/laravel/lumen-framework/src/Concerns/RoutesRequests.php(264): Laravel\\Lumen\\Application->callActionOnArrayBasedRoute(Array)
#15 /app/vendor/laravel/lumen-framework/src/Routing/Pipeline.php(48): Laravel\\Lumen\\Application->Laravel\\Lumen\\Concerns\\{closure}(Object(Laravel\\Lumen\\Http\\Request))
#16 /app/app/Http/Middleware/Authenticate.php(35): Laravel\\Lumen\\Routing\\Pipeline->Laravel\\Lumen\\Routing\\{closure}(Object(Laravel\\Lumen\\Http\\Request))
#17 /app/vendor/illuminate/pipeline/Pipeline.php(183): App\\Http\\Middleware\\Authenticate->handle(Object(Laravel\\Lumen\\Http\\Request), Object(Closure))
#18 /app/vendor/laravel/lumen-framework/src/Routing/Pipeline.php(30): Illuminate\\Pipeline\\Pipeline->Illuminate\\Pipeline\\{closure}(Object(Laravel\\Lumen\\Http\\Request))
#19 /app/vendor/illuminate/pipeline/Pipeline.php(119): Laravel\\Lumen\\Routing\\Pipeline->Laravel\\Lumen\\Routing\\{closure}(Object(Laravel\\Lumen\\Http\\Request))
#20 /app/vendor/laravel/lumen-framework/src/Concerns/RoutesRequests.php(428): Illuminate\\Pipeline\\Pipeline->then(Object(Closure))
#21 /app/vendor/laravel/lumen-framework/src/Concerns/RoutesRequests.php(263): Laravel\\Lumen\\Application->sendThroughPipeline(Array, Object(Closure))
#22 /app/vendor/laravel/lumen-framework/src/Concerns/RoutesRequests.php(171): Laravel\\Lumen\\Application->handleFoundRoute(Array)
#23 /app/vendor/laravel/lumen-framework/src/Routing/Pipeline.php(48): Laravel\\Lumen\\Application->Laravel\\Lumen\\Concerns\\{closure}(Object(Laravel\\Lumen\\Http\\Request))
#24 /app/app/Http/Middleware/CorsMiddleware.php(12): Laravel\\Lumen\\Routing\\Pipeline->Laravel\\Lumen\\Routing\\{closure}(Object(Laravel\\Lumen\\Http\\Request))
#25 /app/vendor/illuminate/pipeline/Pipeline.php(183): App\\Http\\Middleware\\CorsMiddleware->handle(Object(Laravel\\Lumen\\Http\\Request), Object(Closure))
#26 /app/vendor/laravel/lumen-framework/src/Routing/Pipeline.php(30): Illuminate\\Pipeline\\Pipeline->Illuminate\\Pipeline\\{closure}(Object(Laravel\\Lumen\\Http\\Request))
#27 /app/vendor/illuminate/pipeline/Pipeline.php(119): Laravel\\Lumen\\Routing\\Pipeline->Laravel\\Lumen\\Routing\\{closure}(Object(Laravel\\Lumen\\Http\\Request))
#28 /app/vendor/laravel/lumen-framework/src/Concerns/RoutesRequests.php(428): Illuminate\\Pipeline\\Pipeline->then(Object(Closure))
#29 /app/vendor/laravel/lumen-framework/src/Concerns/RoutesRequests.php(167): Laravel\\Lumen\\Application->sendThroughPipeline(Array, Object(Closure))
#30 /app/vendor/laravel/lumen-framework/src/Concerns/RoutesRequests.php(112): Laravel\\Lumen\\Application->dispatch(NULL)
#31 /app/public/index.php(5): Laravel\\Lumen\\Application->run()
#32 {main}

[previous exception] [object] (PDOException(code: 42P01): SQLSTATE[42P01]: Undefined table: 7 ERROR:  relation \"notifications\" does not exist
LINE 2:              FROM notifications
                          ^ at /app/vendor/illuminate/database/Connection.php:428)
[stacktrace]
#0 /app/vendor/illuminate/database/Connection.php(428): PDOStatement->execute()
#1 /app/vendor/illuminate/database/Connection.php(816): Illuminate\\Database\\Connection->Illuminate\\Database\\{closure}('SELECT id, type...', Array)
#2 /app/vendor/illuminate/database/Connection.php(783): Illuminate\\Database\\Connection->runQueryCallback('SELECT id, type...', Array, Object(Closure))
#3 /app/vendor/illuminate/database/Connection.php(414): Illuminate\\Database\\Connection->run('SELECT id, type...', Array, Object(Closure))
#4 /app/vendor/illuminate/database/DatabaseManager.php(509): Illuminate\\Database\\Connection->select('SELECT id, type...', Array)
#5 /app/vendor/illuminate/support/Facades/Facade.php(355): Illuminate\\Database\\DatabaseManager->__call('select', Array)
#6 /app/app/Http/Controllers/NotificationController.php(17): Illuminate\\Support\\Facades\\Facade::__callStatic('select', Array)
#7 /app/vendor/illuminate/container/BoundMethod.php(36): App\\Http\\Controllers\\NotificationController->index(Object(Laravel\\Lumen\\Http\\Request))
#8 /app/vendor/illuminate/container/Util.php(41): Illuminate\\Container\\BoundMethod::Illuminate\\Container\\{closure}()
#9 /app/vendor/illuminate/container/BoundMethod.php(93): Illuminate\\Container\\Util::unwrapIfClosure(Object(Closure))
#10 /app/vendor/illuminate/container/BoundMethod.php(35): Illuminate\\Container\\BoundMethod::callBoundMethod(Object(Laravel\\Lumen\\Application), Array, Object(Closure))
#11 /app/vendor/illuminate/container/Container.php(662): Illuminate\\Container\\BoundMethod::call(Object(Laravel\\Lumen\\Application), Array, Array, NULL)
#12 /app/vendor/laravel/lumen-framework/src/Concerns/RoutesRequests.php(391): Illuminate\\Container\\Container->call(Array, Array)
#13 /app/vendor/laravel/lumen-framework/src/Concerns/RoutesRequests.php(356): Laravel\\Lumen\\Application->callControllerCallable(Array, Array)
#14 /app/vendor/laravel/lumen-framework/src/Concerns/RoutesRequests.php(331): Laravel\\Lumen\\Application->callLumenController(Object(App\\Http\\Controllers\\NotificationController), 'index', Array)
#15 /app/vendor/laravel/lumen-framework/src/Concerns/RoutesRequests.php(284): Laravel\\Lumen\\Application->callControllerAction(Array)
#16 /app/vendor/laravel/lumen-framework/src/Concerns/RoutesRequests.php(264): Laravel\\Lumen\\Application->callActionOnArrayBasedRoute(Array)
#17 /app/vendor/laravel/lumen-framework/src/Routing/Pipeline.php(48): Laravel\\Lumen\\Application->Laravel\\Lumen\\Concerns\\{closure}(Object(Laravel\\Lumen\\Http\\Request))
#18 /app/app/Http/Middleware/Authenticate.php(35): Laravel\\Lumen\\Routing\\Pipeline->Laravel\\Lumen\\Routing\\{closure}(Object(Laravel\\Lumen\\Http\\Request))
#19 /app/vendor/illuminate/pipeline/Pipeline.php(183): App\\Http\\Middleware\\Authenticate->handle(Object(Laravel\\Lumen\\Http\\Request), Object(Closure))
#20 /app/vendor/laravel/lumen-framework/src/Routing/Pipeline.php(30): Illuminate\\Pipeline\\Pipeline->Illuminate\\Pipeline\\{closure}(Object(Laravel\\Lumen\\Http\\Request))
#21 /app/vendor/illuminate/pipeline/Pipeline.php(119): Laravel\\Lumen\\Routing\\Pipeline->Laravel\\Lumen\\Routing\\{closure}(Object(Laravel\\Lumen\\Http\\Request))
#22 /app/vendor/laravel/lumen-framework/src/Concerns/RoutesRequests.php(428): Illuminate\\Pipeline\\Pipeline->then(Object(Closure))
#23 /app/vendor/laravel/lumen-framework/src/Concerns/RoutesRequests.php(263): Laravel\\Lumen\\Application->sendThroughPipeline(Array, Object(Closure))
#24 /app/vendor/laravel/lumen-framework/src/Concerns/RoutesRequests.php(171): Laravel\\Lumen\\Application->handleFoundRoute(Array)
#25 /app/vendor/laravel/lumen-framework/src/Routing/Pipeline.php(48): Laravel\\Lumen\\Application->Laravel\\Lumen\\Concerns\\{closure}(Object(Laravel\\Lumen\\Http\\Request))
#26 /app/app/Http/Middleware/CorsMiddleware.php(12): Laravel\\Lumen\\Routing\\Pipeline->Laravel\\Lumen\\Routing\\{closure}(Object(Laravel\\Lumen\\Http\\Request))
#27 /app/vendor/illuminate/pipeline/Pipeline.php(183): App\\Http\\Middleware\\CorsMiddleware->handle(Object(Laravel\\Lumen\\Http\\Request), Object(Closure))
#28 /app/vendor/laravel/lumen-framework/src/Routing/Pipeline.php(30): Illuminate\\Pipeline\\Pipeline->Illuminate\\Pipeline\\{closure}(Object(Laravel\\Lumen\\Http\\Request))
#29 /app/vendor/illuminate/pipeline/Pipeline.php(119): Laravel\\Lumen\\Routing\\Pipeline->Laravel\\Lumen\\Routing\\{closure}(Object(Laravel\\Lumen\\Http\\Request))
#30 /app/vendor/laravel/lumen-framework/src/Concerns/RoutesRequests.php(428): Illuminate\\Pipeline\\Pipeline->then(Object(Closure))
#31 /app/vendor/laravel/lumen-framework/src/Concerns/RoutesRequests.php(167): Laravel\\Lumen\\Application->sendThroughPipeline(Array, Object(Closure))
#32 /app/vendor/laravel/lumen-framework/src/Concerns/RoutesRequests.php(112): Laravel\\Lumen\\Application->dispatch(NULL)
#33 /app/public/index.php(5): Laravel\\Lumen\\Application->run()
#34 {main}
"} 
[2026-04-27 00:49:41] local.ERROR: SQLSTATE[42P01]: Undefined table: 7 ERROR:  relation "notifications" does not exist
LINE 2:              FROM notifications
                          ^ (Connection: pgsql, SQL: SELECT id, type, data, read_at, created_at
             FROM notifications
             WHERE notifiable_type = App\Models\User AND notifiable_id = 00000000-0000-0000-0000-000000000002::uuid
             ORDER BY read_at IS NOT NULL, created_at DESC
             LIMIT 50) {"exception":"[object] (Illuminate\\Database\\QueryException(code: 42P01): SQLSTATE[42P01]: Undefined table: 7 ERROR:  relation \"notifications\" does not exist
LINE 2:              FROM notifications
                          ^ (Connection: pgsql, SQL: SELECT id, type, data, read_at, created_at
             FROM notifications
             WHERE notifiable_type = App\\Models\\User AND notifiable_id = 00000000-0000-0000-0000-000000000002::uuid
             ORDER BY read_at IS NOT NULL, created_at DESC
             LIMIT 50) at /app/vendor/illuminate/database/Connection.php:829)
[stacktrace]
#0 /app/vendor/illuminate/database/Connection.php(783): Illuminate\\Database\\Connection->runQueryCallback('SELECT id, type...', Array, Object(Closure))
#1 /app/vendor/illuminate/database/Connection.php(414): Illuminate\\Database\\Connection->run('SELECT id, type...', Array, Object(Closure))
#2 /app/vendor/illuminate/database/DatabaseManager.php(509): Illuminate\\Database\\Connection->select('SELECT id, type...', Array)
#3 /app/vendor/illuminate/support/Facades/Facade.php(355): Illuminate\\Database\\DatabaseManager->__call('select', Array)
#4 /app/app/Http/Controllers/NotificationController.php(17): Illuminate\\Support\\Facades\\Facade::__callStatic('select', Array)
#5 /app/vendor/illuminate/container/BoundMethod.php(36): App\\Http\\Controllers\\NotificationController->index(Object(Laravel\\Lumen\\Http\\Request))
#6 /app/vendor/illuminate/container/Util.php(41): Illuminate\\Container\\BoundMethod::Illuminate\\Container\\{closure}()
#7 /app/vendor/illuminate/container/BoundMethod.php(93): Illuminate\\Container\\Util::unwrapIfClosure(Object(Closure))
#8 /app/vendor/illuminate/container/BoundMethod.php(35): Illuminate\\Container\\BoundMethod::callBoundMethod(Object(Laravel\\Lumen\\Application), Array, Object(Closure))
#9 /app/vendor/illuminate/container/Container.php(662): Illuminate\\Container\\BoundMethod::call(Object(Laravel\\Lumen\\Application), Array, Array, NULL)
#10 /app/vendor/laravel/lumen-framework/src/Concerns/RoutesRequests.php(391): Illuminate\\Container\\Container->call(Array, Array)
#11 /app/vendor/laravel/lumen-framework/src/Concerns/RoutesRequests.php(356): Laravel\\Lumen\\Application->callControllerCallable(Array, Array)
#12 /app/vendor/laravel/lumen-framework/src/Concerns/RoutesRequests.php(331): Laravel\\Lumen\\Application->callLumenController(Object(App\\Http\\Controllers\\NotificationController), 'index', Array)
#13 /app/vendor/laravel/lumen-framework/src/Concerns/RoutesRequests.php(284): Laravel\\Lumen\\Application->callControllerAction(Array)
#14 /app/vendor/laravel/lumen-framework/src/Concerns/RoutesRequests.php(264): Laravel\\Lumen\\Application->callActionOnArrayBasedRoute(Array)
#15 /app/vendor/laravel/lumen-framework/src/Routing/Pipeline.php(48): Laravel\\Lumen\\Application->Laravel\\Lumen\\Concerns\\{closure}(Object(Laravel\\Lumen\\Http\\Request))
#16 /app/app/Http/Middleware/Authenticate.php(35): Laravel\\Lumen\\Routing\\Pipeline->Laravel\\Lumen\\Routing\\{closure}(Object(Laravel\\Lumen\\Http\\Request))
#17 /app/vendor/illuminate/pipeline/Pipeline.php(183): App\\Http\\Middleware\\Authenticate->handle(Object(Laravel\\Lumen\\Http\\Request), Object(Closure))
#18 /app/vendor/laravel/lumen-framework/src/Routing/Pipeline.php(30): Illuminate\\Pipeline\\Pipeline->Illuminate\\Pipeline\\{closure}(Object(Laravel\\Lumen\\Http\\Request))
#19 /app/vendor/illuminate/pipeline/Pipeline.php(119): Laravel\\Lumen\\Routing\\Pipeline->Laravel\\Lumen\\Routing\\{closure}(Object(Laravel\\Lumen\\Http\\Request))
#20 /app/vendor/laravel/lumen-framework/src/Concerns/RoutesRequests.php(428): Illuminate\\Pipeline\\Pipeline->then(Object(Closure))
#21 /app/vendor/laravel/lumen-framework/src/Concerns/RoutesRequests.php(263): Laravel\\Lumen\\Application->sendThroughPipeline(Array, Object(Closure))
#22 /app/vendor/laravel/lumen-framework/src/Concerns/RoutesRequests.php(171): Laravel\\Lumen\\Application->handleFoundRoute(Array)
#23 /app/vendor/laravel/lumen-framework/src/Routing/Pipeline.php(48): Laravel\\Lumen\\Application->Laravel\\Lumen\\Concerns\\{closure}(Object(Laravel\\Lumen\\Http\\Request))
#24 /app/app/Http/Middleware/CorsMiddleware.php(12): Laravel\\Lumen\\Routing\\Pipeline->Laravel\\Lumen\\Routing\\{closure}(Object(Laravel\\Lumen\\Http\\Request))
#25 /app/vendor/illuminate/pipeline/Pipeline.php(183): App\\Http\\Middleware\\CorsMiddleware->handle(Object(Laravel\\Lumen\\Http\\Request), Object(Closure))
#26 /app/vendor/laravel/lumen-framework/src/Routing/Pipeline.php(30): Illuminate\\Pipeline\\Pipeline->Illuminate\\Pipeline\\{closure}(Object(Laravel\\Lumen\\Http\\Request))
#27 /app/vendor/illuminate/pipeline/Pipeline.php(119): Laravel\\Lumen\\Routing\\Pipeline->Laravel\\Lumen\\Routing\\{closure}(Object(Laravel\\Lumen\\Http\\Request))
#28 /app/vendor/laravel/lumen-framework/src/Concerns/RoutesRequests.php(428): Illuminate\\Pipeline\\Pipeline->then(Object(Closure))
#29 /app/vendor/laravel/lumen-framework/src/Concerns/RoutesRequests.php(167): Laravel\\Lumen\\Application->sendThroughPipeline(Array, Object(Closure))
#30 /app/vendor/laravel/lumen-framework/src/Concerns/RoutesRequests.php(112): Laravel\\Lumen\\Application->dispatch(NULL)
#31 /app/public/index.php(5): Laravel\\Lumen\\Application->run()
#32 {main}

[previous exception] [object] (PDOException(code: 42P01): SQLSTATE[42P01]: Undefined table: 7 ERROR:  relation \"notifications\" does not exist
LINE 2:              FROM notifications
                          ^ at /app/vendor/illuminate/database/Connection.php:428)
[stacktrace]
#0 /app/vendor/illuminate/database/Connection.php(428): PDOStatement->execute()
#1 /app/vendor/illuminate/database/Connection.php(816): Illuminate\\Database\\Connection->Illuminate\\Database\\{closure}('SELECT id, type...', Array)
#2 /app/vendor/illuminate/database/Connection.php(783): Illuminate\\Database\\Connection->runQueryCallback('SELECT id, type...', Array, Object(Closure))
#3 /app/vendor/illuminate/database/Connection.php(414): Illuminate\\Database\\Connection->run('SELECT id, type...', Array, Object(Closure))
#4 /app/vendor/illuminate/database/DatabaseManager.php(509): Illuminate\\Database\\Connection->select('SELECT id, type...', Array)
#5 /app/vendor/illuminate/support/Facades/Facade.php(355): Illuminate\\Database\\DatabaseManager->__call('select', Array)
#6 /app/app/Http/Controllers/NotificationController.php(17): Illuminate\\Support\\Facades\\Facade::__callStatic('select', Array)
#7 /app/vendor/illuminate/container/BoundMethod.php(36): App\\Http\\Controllers\\NotificationController->index(Object(Laravel\\Lumen\\Http\\Request))
#8 /app/vendor/illuminate/container/Util.php(41): Illuminate\\Container\\BoundMethod::Illuminate\\Container\\{closure}()
#9 /app/vendor/illuminate/container/BoundMethod.php(93): Illuminate\\Container\\Util::unwrapIfClosure(Object(Closure))
#10 /app/vendor/illuminate/container/BoundMethod.php(35): Illuminate\\Container\\BoundMethod::callBoundMethod(Object(Laravel\\Lumen\\Application), Array, Object(Closure))
#11 /app/vendor/illuminate/container/Container.php(662): Illuminate\\Container\\BoundMethod::call(Object(Laravel\\Lumen\\Application), Array, Array, NULL)
#12 /app/vendor/laravel/lumen-framework/src/Concerns/RoutesRequests.php(391): Illuminate\\Container\\Container->call(Array, Array)
#13 /app/vendor/laravel/lumen-framework/src/Concerns/RoutesRequests.php(356): Laravel\\Lumen\\Application->callControllerCallable(Array, Array)
#14 /app/vendor/laravel/lumen-framework/src/Concerns/RoutesRequests.php(331): Laravel\\Lumen\\Application->callLumenController(Object(App\\Http\\Controllers\\NotificationController), 'index', Array)
#15 /app/vendor/laravel/lumen-framework/src/Concerns/RoutesRequests.php(284): Laravel\\Lumen\\Application->callControllerAction(Array)
#16 /app/vendor/laravel/lumen-framework/src/Concerns/RoutesRequests.php(264): Laravel\\Lumen\\Application->callActionOnArrayBasedRoute(Array)
#17 /app/vendor/laravel/lumen-framework/src/Routing/Pipeline.php(48): Laravel\\Lumen\\Application->Laravel\\Lumen\\Concerns\\{closure}(Object(Laravel\\Lumen\\Http\\Request))
#18 /app/app/Http/Middleware/Authenticate.php(35): Laravel\\Lumen\\Routing\\Pipeline->Laravel\\Lumen\\Routing\\{closure}(Object(Laravel\\Lumen\\Http\\Request))
#19 /app/vendor/illuminate/pipeline/Pipeline.php(183): App\\Http\\Middleware\\Authenticate->handle(Object(Laravel\\Lumen\\Http\\Request), Object(Closure))
#20 /app/vendor/laravel/lumen-framework/src/Routing/Pipeline.php(30): Illuminate\\Pipeline\\Pipeline->Illuminate\\Pipeline\\{closure}(Object(Laravel\\Lumen\\Http\\Request))
#21 /app/vendor/illuminate/pipeline/Pipeline.php(119): Laravel\\Lumen\\Routing\\Pipeline->Laravel\\Lumen\\Routing\\{closure}(Object(Laravel\\Lumen\\Http\\Request))
#22 /app/vendor/laravel/lumen-framework/src/Concerns/RoutesRequests.php(428): Illuminate\\Pipeline\\Pipeline->then(Object(Closure))
#23 /app/vendor/laravel/lumen-framework/src/Concerns/RoutesRequests.php(263): Laravel\\Lumen\\Application->sendThroughPipeline(Array, Object(Closure))
#24 /app/vendor/laravel/lumen-framework/src/Concerns/RoutesRequests.php(171): Laravel\\Lumen\\Application->handleFoundRoute(Array)
#25 /app/vendor/laravel/lumen-framework/src/Routing/Pipeline.php(48): Laravel\\Lumen\\Application->Laravel\\Lumen\\Concerns\\{closure}(Object(Laravel\\Lumen\\Http\\Request))
#26 /app/app/Http/Middleware/CorsMiddleware.php(12): Laravel\\Lumen\\Routing\\Pipeline->Laravel\\Lumen\\Routing\\{closure}(Object(Laravel\\Lumen\\Http\\Request))
#27 /app/vendor/illuminate/pipeline/Pipeline.php(183): App\\Http\\Middleware\\CorsMiddleware->handle(Object(Laravel\\Lumen\\Http\\Request), Object(Closure))
#28 /app/vendor/laravel/lumen-framework/src/Routing/Pipeline.php(30): Illuminate\\Pipeline\\Pipeline->Illuminate\\Pipeline\\{closure}(Object(Laravel\\Lumen\\Http\\Request))
#29 /app/vendor/illuminate/pipeline/Pipeline.php(119): Laravel\\Lumen\\Routing\\Pipeline->Laravel\\Lumen\\Routing\\{closure}(Object(Laravel\\Lumen\\Http\\Request))
#30 /app/vendor/laravel/lumen-framework/src/Concerns/RoutesRequests.php(428): Illuminate\\Pipeline\\Pipeline->then(Object(Closure))
#31 /app/vendor/laravel/lumen-framework/src/Concerns/RoutesRequests.php(167): Laravel\\Lumen\\Application->sendThroughPipeline(Array, Object(Closure))
#32 /app/vendor/laravel/lumen-framework/src/Concerns/RoutesRequests.php(112): Laravel\\Lumen\\Application->dispatch(NULL)
#33 /app/public/index.php(5): Laravel\\Lumen\\Application->run()
#34 {main}
"} 
[2026-04-27 00:50:03] local.ERROR: SQLSTATE[42P01]: Undefined table: 7 ERROR:  relation "notifications" does not exist
LINE 2:              FROM notifications
                          ^ (Connection: pgsql, SQL: SELECT id, type, data, read_at, created_at
             FROM notifications
             WHERE notifiable_type = App\Models\User AND notifiable_id = 00000000-0000-0000-0000-000000000001::uuid
             ORDER BY read_at IS NOT NULL, created_at DESC
             LIMIT 50) {"exception":"[object] (Illuminate\\Database\\QueryException(code: 42P01): SQLSTATE[42P01]: Undefined table: 7 ERROR:  relation \"notifications\" does not exist
LINE 2:              FROM notifications
                          ^ (Connection: pgsql, SQL: SELECT id, type, data, read_at, created_at
             FROM notifications
             WHERE notifiable_type = App\\Models\\User AND notifiable_id = 00000000-0000-0000-0000-000000000001::uuid
             ORDER BY read_at IS NOT NULL, created_at DESC
             LIMIT 50) at /app/vendor/illuminate/database/Connection.php:829)
[stacktrace]
#0 /app/vendor/illuminate/database/Connection.php(783): Illuminate\\Database\\Connection->runQueryCallback('SELECT id, type...', Array, Object(Closure))
#1 /app/vendor/illuminate/database/Connection.php(414): Illuminate\\Database\\Connection->run('SELECT id, type...', Array, Object(Closure))
#2 /app/vendor/illuminate/database/DatabaseManager.php(509): Illuminate\\Database\\Connection->select('SELECT id, type...', Array)
#3 /app/vendor/illuminate/support/Facades/Facade.php(355): Illuminate\\Database\\DatabaseManager->__call('select', Array)
#4 /app/app/Http/Controllers/NotificationController.php(17): Illuminate\\Support\\Facades\\Facade::__callStatic('select', Array)
#5 /app/vendor/illuminate/container/BoundMethod.php(36): App\\Http\\Controllers\\NotificationController->index(Object(Laravel\\Lumen\\Http\\Request))
#6 /app/vendor/illuminate/container/Util.php(41): Illuminate\\Container\\BoundMethod::Illuminate\\Container\\{closure}()
#7 /app/vendor/illuminate/container/BoundMethod.php(93): Illuminate\\Container\\Util::unwrapIfClosure(Object(Closure))
#8 /app/vendor/illuminate/container/BoundMethod.php(35): Illuminate\\Container\\BoundMethod::callBoundMethod(Object(Laravel\\Lumen\\Application), Array, Object(Closure))
#9 /app/vendor/illuminate/container/Container.php(662): Illuminate\\Container\\BoundMethod::call(Object(Laravel\\Lumen\\Application), Array, Array, NULL)
#10 /app/vendor/laravel/lumen-framework/src/Concerns/RoutesRequests.php(391): Illuminate\\Container\\Container->call(Array, Array)
#11 /app/vendor/laravel/lumen-framework/src/Concerns/RoutesRequests.php(356): Laravel\\Lumen\\Application->callControllerCallable(Array, Array)
#12 /app/vendor/laravel/lumen-framework/src/Concerns/RoutesRequests.php(331): Laravel\\Lumen\\Application->callLumenController(Object(App\\Http\\Controllers\\NotificationController), 'index', Array)
#13 /app/vendor/laravel/lumen-framework/src/Concerns/RoutesRequests.php(284): Laravel\\Lumen\\Application->callControllerAction(Array)
#14 /app/vendor/laravel/lumen-framework/src/Concerns/RoutesRequests.php(264): Laravel\\Lumen\\Application->callActionOnArrayBasedRoute(Array)
#15 /app/vendor/laravel/lumen-framework/src/Routing/Pipeline.php(48): Laravel\\Lumen\\Application->Laravel\\Lumen\\Concerns\\{closure}(Object(Laravel\\Lumen\\Http\\Request))
#16 /app/app/Http/Middleware/Authenticate.php(35): Laravel\\Lumen\\Routing\\Pipeline->Laravel\\Lumen\\Routing\\{closure}(Object(Laravel\\Lumen\\Http\\Request))
#17 /app/vendor/illuminate/pipeline/Pipeline.php(183): App\\Http\\Middleware\\Authenticate->handle(Object(Laravel\\Lumen\\Http\\Request), Object(Closure))
#18 /app/vendor/laravel/lumen-framework/src/Routing/Pipeline.php(30): Illuminate\\Pipeline\\Pipeline->Illuminate\\Pipeline\\{closure}(Object(Laravel\\Lumen\\Http\\Request))
#19 /app/vendor/illuminate/pipeline/Pipeline.php(119): Laravel\\Lumen\\Routing\\Pipeline->Laravel\\Lumen\\Routing\\{closure}(Object(Laravel\\Lumen\\Http\\Request))
#20 /app/vendor/laravel/lumen-framework/src/Concerns/RoutesRequests.php(428): Illuminate\\Pipeline\\Pipeline->then(Object(Closure))
#21 /app/vendor/laravel/lumen-framework/src/Concerns/RoutesRequests.php(263): Laravel\\Lumen\\Application->sendThroughPipeline(Array, Object(Closure))
#22 /app/vendor/laravel/lumen-framework/src/Concerns/RoutesRequests.php(171): Laravel\\Lumen\\Application->handleFoundRoute(Array)
#23 /app/vendor/laravel/lumen-framework/src/Routing/Pipeline.php(48): Laravel\\Lumen\\Application->Laravel\\Lumen\\Concerns\\{closure}(Object(Laravel\\Lumen\\Http\\Request))
#24 /app/app/Http/Middleware/CorsMiddleware.php(12): Laravel\\Lumen\\Routing\\Pipeline->Laravel\\Lumen\\Routing\\{closure}(Object(Laravel\\Lumen\\Http\\Request))
#25 /app/vendor/illuminate/pipeline/Pipeline.php(183): App\\Http\\Middleware\\CorsMiddleware->handle(Object(Laravel\\Lumen\\Http\\Request), Object(Closure))
#26 /app/vendor/laravel/lumen-framework/src/Routing/Pipeline.php(30): Illuminate\\Pipeline\\Pipeline->Illuminate\\Pipeline\\{closure}(Object(Laravel\\Lumen\\Http\\Request))
#27 /app/vendor/illuminate/pipeline/Pipeline.php(119): Laravel\\Lumen\\Routing\\Pipeline->Laravel\\Lumen\\Routing\\{closure}(Object(Laravel\\Lumen\\Http\\Request))
#28 /app/vendor/laravel/lumen-framework/src/Concerns/RoutesRequests.php(428): Illuminate\\Pipeline\\Pipeline->then(Object(Closure))
#29 /app/vendor/laravel/lumen-framework/src/Concerns/RoutesRequests.php(167): Laravel\\Lumen\\Application->sendThroughPipeline(Array, Object(Closure))
#30 /app/vendor/laravel/lumen-framework/src/Concerns/RoutesRequests.php(112): Laravel\\Lumen\\Application->dispatch(NULL)
#31 /app/public/index.php(5): Laravel\\Lumen\\Application->run()
#32 {main}

[previous exception] [object] (PDOException(code: 42P01): SQLSTATE[42P01]: Undefined table: 7 ERROR:  relation \"notifications\" does not exist
LINE 2:              FROM notifications
                          ^ at /app/vendor/illuminate/database/Connection.php:428)
[stacktrace]
#0 /app/vendor/illuminate/database/Connection.php(428): PDOStatement->execute()
#1 /app/vendor/illuminate/database/Connection.php(816): Illuminate\\Database\\Connection->Illuminate\\Database\\{closure}('SELECT id, type...', Array)
#2 /app/vendor/illuminate/database/Connection.php(783): Illuminate\\Database\\Connection->runQueryCallback('SELECT id, type...', Array, Object(Closure))
#3 /app/vendor/illuminate/database/Connection.php(414): Illuminate\\Database\\Connection->run('SELECT id, type...', Array, Object(Closure))
#4 /app/vendor/illuminate/database/DatabaseManager.php(509): Illuminate\\Database\\Connection->select('SELECT id, type...', Array)
#5 /app/vendor/illuminate/support/Facades/Facade.php(355): Illuminate\\Database\\DatabaseManager->__call('select', Array)
#6 /app/app/Http/Controllers/NotificationController.php(17): Illuminate\\Support\\Facades\\Facade::__callStatic('select', Array)
#7 /app/vendor/illuminate/container/BoundMethod.php(36): App\\Http\\Controllers\\NotificationController->index(Object(Laravel\\Lumen\\Http\\Request))
#8 /app/vendor/illuminate/container/Util.php(41): Illuminate\\Container\\BoundMethod::Illuminate\\Container\\{closure}()
#9 /app/vendor/illuminate/container/BoundMethod.php(93): Illuminate\\Container\\Util::unwrapIfClosure(Object(Closure))
#10 /app/vendor/illuminate/container/BoundMethod.php(35): Illuminate\\Container\\BoundMethod::callBoundMethod(Object(Laravel\\Lumen\\Application), Array, Object(Closure))
#11 /app/vendor/illuminate/container/Container.php(662): Illuminate\\Container\\BoundMethod::call(Object(Laravel\\Lumen\\Application), Array, Array, NULL)
#12 /app/vendor/laravel/lumen-framework/src/Concerns/RoutesRequests.php(391): Illuminate\\Container\\Container->call(Array, Array)
#13 /app/vendor/laravel/lumen-framework/src/Concerns/RoutesRequests.php(356): Laravel\\Lumen\\Application->callControllerCallable(Array, Array)
#14 /app/vendor/laravel/lumen-framework/src/Concerns/RoutesRequests.php(331): Laravel\\Lumen\\Application->callLumenController(Object(App\\Http\\Controllers\\NotificationController), 'index', Array)
#15 /app/vendor/laravel/lumen-framework/src/Concerns/RoutesRequests.php(284): Laravel\\Lumen\\Application->callControllerAction(Array)
#16 /app/vendor/laravel/lumen-framework/src/Concerns/RoutesRequests.php(264): Laravel\\Lumen\\Application->callActionOnArrayBasedRoute(Array)
#17 /app/vendor/laravel/lumen-framework/src/Routing/Pipeline.php(48): Laravel\\Lumen\\Application->Laravel\\Lumen\\Concerns\\{closure}(Object(Laravel\\Lumen\\Http\\Request))
#18 /app/app/Http/Middleware/Authenticate.php(35): Laravel\\Lumen\\Routing\\Pipeline->Laravel\\Lumen\\Routing\\{closure}(Object(Laravel\\Lumen\\Http\\Request))
#19 /app/vendor/illuminate/pipeline/Pipeline.php(183): App\\Http\\Middleware\\Authenticate->handle(Object(Laravel\\Lumen\\Http\\Request), Object(Closure))
#20 /app/vendor/laravel/lumen-framework/src/Routing/Pipeline.php(30): Illuminate\\Pipeline\\Pipeline->Illuminate\\Pipeline\\{closure}(Object(Laravel\\Lumen\\Http\\Request))
#21 /app/vendor/illuminate/pipeline/Pipeline.php(119): Laravel\\Lumen\\Routing\\Pipeline->Laravel\\Lumen\\Routing\\{closure}(Object(Laravel\\Lumen\\Http\\Request))
#22 /app/vendor/laravel/lumen-framework/src/Concerns/RoutesRequests.php(428): Illuminate\\Pipeline\\Pipeline->then(Object(Closure))
#23 /app/vendor/laravel/lumen-framework/src/Concerns/RoutesRequests.php(263): Laravel\\Lumen\\Application->sendThroughPipeline(Array, Object(Closure))
#24 /app/vendor/laravel/lumen-framework/src/Concerns/RoutesRequests.php(171): Laravel\\Lumen\\Application->handleFoundRoute(Array)
#25 /app/vendor/laravel/lumen-framework/src/Routing/Pipeline.php(48): Laravel\\Lumen\\Application->Laravel\\Lumen\\Concerns\\{closure}(Object(Laravel\\Lumen\\Http\\Request))
#26 /app/app/Http/Middleware/CorsMiddleware.php(12): Laravel\\Lumen\\Routing\\Pipeline->Laravel\\Lumen\\Routing\\{closure}(Object(Laravel\\Lumen\\Http\\Request))
#27 /app/vendor/illuminate/pipeline/Pipeline.php(183): App\\Http\\Middleware\\CorsMiddleware->handle(Object(Laravel\\Lumen\\Http\\Request), Object(Closure))
#28 /app/vendor/laravel/lumen-framework/src/Routing/Pipeline.php(30): Illuminate\\Pipeline\\Pipeline->Illuminate\\Pipeline\\{closure}(Object(Laravel\\Lumen\\Http\\Request))
#29 /app/vendor/illuminate/pipeline/Pipeline.php(119): Laravel\\Lumen\\Routing\\Pipeline->Laravel\\Lumen\\Routing\\{closure}(Object(Laravel\\Lumen\\Http\\Request))
#30 /app/vendor/laravel/lumen-framework/src/Concerns/RoutesRequests.php(428): Illuminate\\Pipeline\\Pipeline->then(Object(Closure))
#31 /app/vendor/laravel/lumen-framework/src/Concerns/RoutesRequests.php(167): Laravel\\Lumen\\Application->sendThroughPipeline(Array, Object(Closure))
#32 /app/vendor/laravel/lumen-framework/src/Concerns/RoutesRequests.php(112): Laravel\\Lumen\\Application->dispatch(NULL)
#33 /app/public/index.php(5): Laravel\\Lumen\\Application->run()
#34 {main}
"} 
[2026-04-27 00:50:03] local.ERROR: SQLSTATE[42P01]: Undefined table: 7 ERROR:  relation "notifications" does not exist
LINE 2:              FROM notifications
                          ^ (Connection: pgsql, SQL: SELECT id, type, data, read_at, created_at
             FROM notifications
             WHERE notifiable_type = App\Models\User AND notifiable_id = 00000000-0000-0000-0000-000000000001::uuid
             ORDER BY read_at IS NOT NULL, created_at DESC
             LIMIT 50) {"exception":"[object] (Illuminate\\Database\\QueryException(code: 42P01): SQLSTATE[42P01]: Undefined table: 7 ERROR:  relation \"notifications\" does not exist
LINE 2:              FROM notifications
                          ^ (Connection: pgsql, SQL: SELECT id, type, data, read_at, created_at
             FROM notifications
             WHERE notifiable_type = App\\Models\\User AND notifiable_id = 00000000-0000-0000-0000-000000000001::uuid
             ORDER BY read_at IS NOT NULL, created_at DESC
             LIMIT 50) at /app/vendor/illuminate/database/Connection.php:829)
[stacktrace]
#0 /app/vendor/illuminate/database/Connection.php(783): Illuminate\\Database\\Connection->runQueryCallback('SELECT id, type...', Array, Object(Closure))
#1 /app/vendor/illuminate/database/Connection.php(414): Illuminate\\Database\\Connection->run('SELECT id, type...', Array, Object(Closure))
#2 /app/vendor/illuminate/database/DatabaseManager.php(509): Illuminate\\Database\\Connection->select('SELECT id, type...', Array)
#3 /app/vendor/illuminate/support/Facades/Facade.php(355): Illuminate\\Database\\DatabaseManager->__call('select', Array)
#4 /app/app/Http/Controllers/NotificationController.php(17): Illuminate\\Support\\Facades\\Facade::__callStatic('select', Array)
#5 /app/vendor/illuminate/container/BoundMethod.php(36): App\\Http\\Controllers\\NotificationController->index(Object(Laravel\\Lumen\\Http\\Request))
#6 /app/vendor/illuminate/container/Util.php(41): Illuminate\\Container\\BoundMethod::Illuminate\\Container\\{closure}()
#7 /app/vendor/illuminate/container/BoundMethod.php(93): Illuminate\\Container\\Util::unwrapIfClosure(Object(Closure))
#8 /app/vendor/illuminate/container/BoundMethod.php(35): Illuminate\\Container\\BoundMethod::callBoundMethod(Object(Laravel\\Lumen\\Application), Array, Object(Closure))
#9 /app/vendor/illuminate/container/Container.php(662): Illuminate\\Container\\BoundMethod::call(Object(Laravel\\Lumen\\Application), Array, Array, NULL)
#10 /app/vendor/laravel/lumen-framework/src/Concerns/RoutesRequests.php(391): Illuminate\\Container\\Container->call(Array, Array)
#11 /app/vendor/laravel/lumen-framework/src/Concerns/RoutesRequests.php(356): Laravel\\Lumen\\Application->callControllerCallable(Array, Array)
#12 /app/vendor/laravel/lumen-framework/src/Concerns/RoutesRequests.php(331): Laravel\\Lumen\\Application->callLumenController(Object(App\\Http\\Controllers\\NotificationController), 'index', Array)
#13 /app/vendor/laravel/lumen-framework/src/Concerns/RoutesRequests.php(284): Laravel\\Lumen\\Application->callControllerAction(Array)
#14 /app/vendor/laravel/lumen-framework/src/Concerns/RoutesRequests.php(264): Laravel\\Lumen\\Application->callActionOnArrayBasedRoute(Array)
#15 /app/vendor/laravel/lumen-framework/src/Routing/Pipeline.php(48): Laravel\\Lumen\\Application->Laravel\\Lumen\\Concerns\\{closure}(Object(Laravel\\Lumen\\Http\\Request))
#16 /app/app/Http/Middleware/Authenticate.php(35): Laravel\\Lumen\\Routing\\Pipeline->Laravel\\Lumen\\Routing\\{closure}(Object(Laravel\\Lumen\\Http\\Request))
#17 /app/vendor/illuminate/pipeline/Pipeline.php(183): App\\Http\\Middleware\\Authenticate->handle(Object(Laravel\\Lumen\\Http\\Request), Object(Closure))
#18 /app/vendor/laravel/lumen-framework/src/Routing/Pipeline.php(30): Illuminate\\Pipeline\\Pipeline->Illuminate\\Pipeline\\{closure}(Object(Laravel\\Lumen\\Http\\Request))
#19 /app/vendor/illuminate/pipeline/Pipeline.php(119): Laravel\\Lumen\\Routing\\Pipeline->Laravel\\Lumen\\Routing\\{closure}(Object(Laravel\\Lumen\\Http\\Request))
#20 /app/vendor/laravel/lumen-framework/src/Concerns/RoutesRequests.php(428): Illuminate\\Pipeline\\Pipeline->then(Object(Closure))
#21 /app/vendor/laravel/lumen-framework/src/Concerns/RoutesRequests.php(263): Laravel\\Lumen\\Application->sendThroughPipeline(Array, Object(Closure))
#22 /app/vendor/laravel/lumen-framework/src/Concerns/RoutesRequests.php(171): Laravel\\Lumen\\Application->handleFoundRoute(Array)
#23 /app/vendor/laravel/lumen-framework/src/Routing/Pipeline.php(48): Laravel\\Lumen\\Application->Laravel\\Lumen\\Concerns\\{closure}(Object(Laravel\\Lumen\\Http\\Request))
#24 /app/app/Http/Middleware/CorsMiddleware.php(12): Laravel\\Lumen\\Routing\\Pipeline->Laravel\\Lumen\\Routing\\{closure}(Object(Laravel\\Lumen\\Http\\Request))
#25 /app/vendor/illuminate/pipeline/Pipeline.php(183): App\\Http\\Middleware\\CorsMiddleware->handle(Object(Laravel\\Lumen\\Http\\Request), Object(Closure))
#26 /app/vendor/laravel/lumen-framework/src/Routing/Pipeline.php(30): Illuminate\\Pipeline\\Pipeline->Illuminate\\Pipeline\\{closure}(Object(Laravel\\Lumen\\Http\\Request))
#27 /app/vendor/illuminate/pipeline/Pipeline.php(119): Laravel\\Lumen\\Routing\\Pipeline->Laravel\\Lumen\\Routing\\{closure}(Object(Laravel\\Lumen\\Http\\Request))
#28 /app/vendor/laravel/lumen-framework/src/Concerns/RoutesRequests.php(428): Illuminate\\Pipeline\\Pipeline->then(Object(Closure))
#29 /app/vendor/laravel/lumen-framework/src/Concerns/RoutesRequests.php(167): Laravel\\Lumen\\Application->sendThroughPipeline(Array, Object(Closure))
#30 /app/vendor/laravel/lumen-framework/src/Concerns/RoutesRequests.php(112): Laravel\\Lumen\\Application->dispatch(NULL)
#31 /app/public/index.php(5): Laravel\\Lumen\\Application->run()
#32 {main}

[previous exception] [object] (PDOException(code: 42P01): SQLSTATE[42P01]: Undefined table: 7 ERROR:  relation \"notifications\" does not exist
LINE 2:              FROM notifications
                          ^ at /app/vendor/illuminate/database/Connection.php:428)
[stacktrace]
#0 /app/vendor/illuminate/database/Connection.php(428): PDOStatement->execute()
#1 /app/vendor/illuminate/database/Connection.php(816): Illuminate\\Database\\Connection->Illuminate\\Database\\{closure}('SELECT id, type...', Array)
#2 /app/vendor/illuminate/database/Connection.php(783): Illuminate\\Database\\Connection->runQueryCallback('SELECT id, type...', Array, Object(Closure))
#3 /app/vendor/illuminate/database/Connection.php(414): Illuminate\\Database\\Connection->run('SELECT id, type...', Array, Object(Closure))
#4 /app/vendor/illuminate/database/DatabaseManager.php(509): Illuminate\\Database\\Connection->select('SELECT id, type...', Array)
#5 /app/vendor/illuminate/support/Facades/Facade.php(355): Illuminate\\Database\\DatabaseManager->__call('select', Array)
#6 /app/app/Http/Controllers/NotificationController.php(17): Illuminate\\Support\\Facades\\Facade::__callStatic('select', Array)
#7 /app/vendor/illuminate/container/BoundMethod.php(36): App\\Http\\Controllers\\NotificationController->index(Object(Laravel\\Lumen\\Http\\Request))
#8 /app/vendor/illuminate/container/Util.php(41): Illuminate\\Container\\BoundMethod::Illuminate\\Container\\{closure}()
#9 /app/vendor/illuminate/container/BoundMethod.php(93): Illuminate\\Container\\Util::unwrapIfClosure(Object(Closure))
#10 /app/vendor/illuminate/container/BoundMethod.php(35): Illuminate\\Container\\BoundMethod::callBoundMethod(Object(Laravel\\Lumen\\Application), Array, Object(Closure))
#11 /app/vendor/illuminate/container/Container.php(662): Illuminate\\Container\\BoundMethod::call(Object(Laravel\\Lumen\\Application), Array, Array, NULL)
#12 /app/vendor/laravel/lumen-framework/src/Concerns/RoutesRequests.php(391): Illuminate\\Container\\Container->call(Array, Array)
#13 /app/vendor/laravel/lumen-framework/src/Concerns/RoutesRequests.php(356): Laravel\\Lumen\\Application->callControllerCallable(Array, Array)
#14 /app/vendor/laravel/lumen-framework/src/Concerns/RoutesRequests.php(331): Laravel\\Lumen\\Application->callLumenController(Object(App\\Http\\Controllers\\NotificationController), 'index', Array)
#15 /app/vendor/laravel/lumen-framework/src/Concerns/RoutesRequests.php(284): Laravel\\Lumen\\Application->callControllerAction(Array)
#16 /app/vendor/laravel/lumen-framework/src/Concerns/RoutesRequests.php(264): Laravel\\Lumen\\Application->callActionOnArrayBasedRoute(Array)
#17 /app/vendor/laravel/lumen-framework/src/Routing/Pipeline.php(48): Laravel\\Lumen\\Application->Laravel\\Lumen\\Concerns\\{closure}(Object(Laravel\\Lumen\\Http\\Request))
#18 /app/app/Http/Middleware/Authenticate.php(35): Laravel\\Lumen\\Routing\\Pipeline->Laravel\\Lumen\\Routing\\{closure}(Object(Laravel\\Lumen\\Http\\Request))
#19 /app/vendor/illuminate/pipeline/Pipeline.php(183): App\\Http\\Middleware\\Authenticate->handle(Object(Laravel\\Lumen\\Http\\Request), Object(Closure))
#20 /app/vendor/laravel/lumen-framework/src/Routing/Pipeline.php(30): Illuminate\\Pipeline\\Pipeline->Illuminate\\Pipeline\\{closure}(Object(Laravel\\Lumen\\Http\\Request))
#21 /app/vendor/illuminate/pipeline/Pipeline.php(119): Laravel\\Lumen\\Routing\\Pipeline->Laravel\\Lumen\\Routing\\{closure}(Object(Laravel\\Lumen\\Http\\Request))
#22 /app/vendor/laravel/lumen-framework/src/Concerns/RoutesRequests.php(428): Illuminate\\Pipeline\\Pipeline->then(Object(Closure))
#23 /app/vendor/laravel/lumen-framework/src/Concerns/RoutesRequests.php(263): Laravel\\Lumen\\Application->sendThroughPipeline(Array, Object(Closure))
#24 /app/vendor/laravel/lumen-framework/src/Concerns/RoutesRequests.php(171): Laravel\\Lumen\\Application->handleFoundRoute(Array)
#25 /app/vendor/laravel/lumen-framework/src/Routing/Pipeline.php(48): Laravel\\Lumen\\Application->Laravel\\Lumen\\Concerns\\{closure}(Object(Laravel\\Lumen\\Http\\Request))
#26 /app/app/Http/Middleware/CorsMiddleware.php(12): Laravel\\Lumen\\Routing\\Pipeline->Laravel\\Lumen\\Routing\\{closure}(Object(Laravel\\Lumen\\Http\\Request))
#27 /app/vendor/illuminate/pipeline/Pipeline.php(183): App\\Http\\Middleware\\CorsMiddleware->handle(Object(Laravel\\Lumen\\Http\\Request), Object(Closure))
#28 /app/vendor/laravel/lumen-framework/src/Routing/Pipeline.php(30): Illuminate\\Pipeline\\Pipeline->Illuminate\\Pipeline\\{closure}(Object(Laravel\\Lumen\\Http\\Request))
#29 /app/vendor/illuminate/pipeline/Pipeline.php(119): Laravel\\Lumen\\Routing\\Pipeline->Laravel\\Lumen\\Routing\\{closure}(Object(Laravel\\Lumen\\Http\\Request))
#30 /app/vendor/laravel/lumen-framework/src/Concerns/RoutesRequests.php(428): Illuminate\\Pipeline\\Pipeline->then(Object(Closure))
#31 /app/vendor/laravel/lumen-framework/src/Concerns/RoutesRequests.php(167): Laravel\\Lumen\\Application->sendThroughPipeline(Array, Object(Closure))
#32 /app/vendor/laravel/lumen-framework/src/Concerns/RoutesRequests.php(112): Laravel\\Lumen\\Application->dispatch(NULL)
#33 /app/public/index.php(5): Laravel\\Lumen\\Application->run()
#34 {main}
"} 
[2026-04-27 00:50:10] local.ERROR: SQLSTATE[42P01]: Undefined table: 7 ERROR:  relation "notifications" does not exist
LINE 2:              FROM notifications
                          ^ (Connection: pgsql, SQL: SELECT id, type, data, read_at, created_at
             FROM notifications
             WHERE notifiable_type = App\Models\User AND notifiable_id = 00000000-0000-0000-0000-000000000099::uuid
             ORDER BY read_at IS NOT NULL, created_at DESC
             LIMIT 50) {"exception":"[object] (Illuminate\\Database\\QueryException(code: 42P01): SQLSTATE[42P01]: Undefined table: 7 ERROR:  relation \"notifications\" does not exist
LINE 2:              FROM notifications
                          ^ (Connection: pgsql, SQL: SELECT id, type, data, read_at, created_at
             FROM notifications
             WHERE notifiable_type = App\\Models\\User AND notifiable_id = 00000000-0000-0000-0000-000000000099::uuid
             ORDER BY read_at IS NOT NULL, created_at DESC
             LIMIT 50) at /app/vendor/illuminate/database/Connection.php:829)
[stacktrace]
#0 /app/vendor/illuminate/database/Connection.php(783): Illuminate\\Database\\Connection->runQueryCallback('SELECT id, type...', Array, Object(Closure))
#1 /app/vendor/illuminate/database/Connection.php(414): Illuminate\\Database\\Connection->run('SELECT id, type...', Array, Object(Closure))
#2 /app/vendor/illuminate/database/DatabaseManager.php(509): Illuminate\\Database\\Connection->select('SELECT id, type...', Array)
#3 /app/vendor/illuminate/support/Facades/Facade.php(355): Illuminate\\Database\\DatabaseManager->__call('select', Array)
#4 /app/app/Http/Controllers/NotificationController.php(17): Illuminate\\Support\\Facades\\Facade::__callStatic('select', Array)
#5 /app/vendor/illuminate/container/BoundMethod.php(36): App\\Http\\Controllers\\NotificationController->index(Object(Laravel\\Lumen\\Http\\Request))
#6 /app/vendor/illuminate/container/Util.php(41): Illuminate\\Container\\BoundMethod::Illuminate\\Container\\{closure}()
#7 /app/vendor/illuminate/container/BoundMethod.php(93): Illuminate\\Container\\Util::unwrapIfClosure(Object(Closure))
#8 /app/vendor/illuminate/container/BoundMethod.php(35): Illuminate\\Container\\BoundMethod::callBoundMethod(Object(Laravel\\Lumen\\Application), Array, Object(Closure))
#9 /app/vendor/illuminate/container/Container.php(662): Illuminate\\Container\\BoundMethod::call(Object(Laravel\\Lumen\\Application), Array, Array, NULL)
#10 /app/vendor/laravel/lumen-framework/src/Concerns/RoutesRequests.php(391): Illuminate\\Container\\Container->call(Array, Array)
#11 /app/vendor/laravel/lumen-framework/src/Concerns/RoutesRequests.php(356): Laravel\\Lumen\\Application->callControllerCallable(Array, Array)
#12 /app/vendor/laravel/lumen-framework/src/Concerns/RoutesRequests.php(331): Laravel\\Lumen\\Application->callLumenController(Object(App\\Http\\Controllers\\NotificationController), 'index', Array)
#13 /app/vendor/laravel/lumen-framework/src/Concerns/RoutesRequests.php(284): Laravel\\Lumen\\Application->callControllerAction(Array)
#14 /app/vendor/laravel/lumen-framework/src/Concerns/RoutesRequests.php(264): Laravel\\Lumen\\Application->callActionOnArrayBasedRoute(Array)
#15 /app/vendor/laravel/lumen-framework/src/Routing/Pipeline.php(48): Laravel\\Lumen\\Application->Laravel\\Lumen\\Concerns\\{closure}(Object(Laravel\\Lumen\\Http\\Request))
#16 /app/app/Http/Middleware/Authenticate.php(35): Laravel\\Lumen\\Routing\\Pipeline->Laravel\\Lumen\\Routing\\{closure}(Object(Laravel\\Lumen\\Http\\Request))
#17 /app/vendor/illuminate/pipeline/Pipeline.php(183): App\\Http\\Middleware\\Authenticate->handle(Object(Laravel\\Lumen\\Http\\Request), Object(Closure))
#18 /app/vendor/laravel/lumen-framework/src/Routing/Pipeline.php(30): Illuminate\\Pipeline\\Pipeline->Illuminate\\Pipeline\\{closure}(Object(Laravel\\Lumen\\Http\\Request))
#19 /app/vendor/illuminate/pipeline/Pipeline.php(119): Laravel\\Lumen\\Routing\\Pipeline->Laravel\\Lumen\\Routing\\{closure}(Object(Laravel\\Lumen\\Http\\Request))
#20 /app/vendor/laravel/lumen-framework/src/Concerns/RoutesRequests.php(428): Illuminate\\Pipeline\\Pipeline->then(Object(Closure))
#21 /app/vendor/laravel/lumen-framework/src/Concerns/RoutesRequests.php(263): Laravel\\Lumen\\Application->sendThroughPipeline(Array, Object(Closure))
#22 /app/vendor/laravel/lumen-framework/src/Concerns/RoutesRequests.php(171): Laravel\\Lumen\\Application->handleFoundRoute(Array)
#23 /app/vendor/laravel/lumen-framework/src/Routing/Pipeline.php(48): Laravel\\Lumen\\Application->Laravel\\Lumen\\Concerns\\{closure}(Object(Laravel\\Lumen\\Http\\Request))
#24 /app/app/Http/Middleware/CorsMiddleware.php(12): Laravel\\Lumen\\Routing\\Pipeline->Laravel\\Lumen\\Routing\\{closure}(Object(Laravel\\Lumen\\Http\\Request))
#25 /app/vendor/illuminate/pipeline/Pipeline.php(183): App\\Http\\Middleware\\CorsMiddleware->handle(Object(Laravel\\Lumen\\Http\\Request), Object(Closure))
#26 /app/vendor/laravel/lumen-framework/src/Routing/Pipeline.php(30): Illuminate\\Pipeline\\Pipeline->Illuminate\\Pipeline\\{closure}(Object(Laravel\\Lumen\\Http\\Request))
#27 /app/vendor/illuminate/pipeline/Pipeline.php(119): Laravel\\Lumen\\Routing\\Pipeline->Laravel\\Lumen\\Routing\\{closure}(Object(Laravel\\Lumen\\Http\\Request))
#28 /app/vendor/laravel/lumen-framework/src/Concerns/RoutesRequests.php(428): Illuminate\\Pipeline\\Pipeline->then(Object(Closure))
#29 /app/vendor/laravel/lumen-framework/src/Concerns/RoutesRequests.php(167): Laravel\\Lumen\\Application->sendThroughPipeline(Array, Object(Closure))
#30 /app/vendor/laravel/lumen-framework/src/Concerns/RoutesRequests.php(112): Laravel\\Lumen\\Application->dispatch(NULL)
#31 /app/public/index.php(5): Laravel\\Lumen\\Application->run()
#32 {main}

[previous exception] [object] (PDOException(code: 42P01): SQLSTATE[42P01]: Undefined table: 7 ERROR:  relation \"notifications\" does not exist
LINE 2:              FROM notifications
                          ^ at /app/vendor/illuminate/database/Connection.php:428)
[stacktrace]
#0 /app/vendor/illuminate/database/Connection.php(428): PDOStatement->execute()
#1 /app/vendor/illuminate/database/Connection.php(816): Illuminate\\Database\\Connection->Illuminate\\Database\\{closure}('SELECT id, type...', Array)
#2 /app/vendor/illuminate/database/Connection.php(783): Illuminate\\Database\\Connection->runQueryCallback('SELECT id, type...', Array, Object(Closure))
#3 /app/vendor/illuminate/database/Connection.php(414): Illuminate\\Database\\Connection->run('SELECT id, type...', Array, Object(Closure))
#4 /app/vendor/illuminate/database/DatabaseManager.php(509): Illuminate\\Database\\Connection->select('SELECT id, type...', Array)
#5 /app/vendor/illuminate/support/Facades/Facade.php(355): Illuminate\\Database\\DatabaseManager->__call('select', Array)
#6 /app/app/Http/Controllers/NotificationController.php(17): Illuminate\\Support\\Facades\\Facade::__callStatic('select', Array)
#7 /app/vendor/illuminate/container/BoundMethod.php(36): App\\Http\\Controllers\\NotificationController->index(Object(Laravel\\Lumen\\Http\\Request))
#8 /app/vendor/illuminate/container/Util.php(41): Illuminate\\Container\\BoundMethod::Illuminate\\Container\\{closure}()
#9 /app/vendor/illuminate/container/BoundMethod.php(93): Illuminate\\Container\\Util::unwrapIfClosure(Object(Closure))
#10 /app/vendor/illuminate/container/BoundMethod.php(35): Illuminate\\Container\\BoundMethod::callBoundMethod(Object(Laravel\\Lumen\\Application), Array, Object(Closure))
#11 /app/vendor/illuminate/container/Container.php(662): Illuminate\\Container\\BoundMethod::call(Object(Laravel\\Lumen\\Application), Array, Array, NULL)
#12 /app/vendor/laravel/lumen-framework/src/Concerns/RoutesRequests.php(391): Illuminate\\Container\\Container->call(Array, Array)
#13 /app/vendor/laravel/lumen-framework/src/Concerns/RoutesRequests.php(356): Laravel\\Lumen\\Application->callControllerCallable(Array, Array)
#14 /app/vendor/laravel/lumen-framework/src/Concerns/RoutesRequests.php(331): Laravel\\Lumen\\Application->callLumenController(Object(App\\Http\\Controllers\\NotificationController), 'index', Array)
#15 /app/vendor/laravel/lumen-framework/src/Concerns/RoutesRequests.php(284): Laravel\\Lumen\\Application->callControllerAction(Array)
#16 /app/vendor/laravel/lumen-framework/src/Concerns/RoutesRequests.php(264): Laravel\\Lumen\\Application->callActionOnArrayBasedRoute(Array)
#17 /app/vendor/laravel/lumen-framework/src/Routing/Pipeline.php(48): Laravel\\Lumen\\Application->Laravel\\Lumen\\Concerns\\{closure}(Object(Laravel\\Lumen\\Http\\Request))
#18 /app/app/Http/Middleware/Authenticate.php(35): Laravel\\Lumen\\Routing\\Pipeline->Laravel\\Lumen\\Routing\\{closure}(Object(Laravel\\Lumen\\Http\\Request))
#19 /app/vendor/illuminate/pipeline/Pipeline.php(183): App\\Http\\Middleware\\Authenticate->handle(Object(Laravel\\Lumen\\Http\\Request), Object(Closure))
#20 /app/vendor/laravel/lumen-framework/src/Routing/Pipeline.php(30): Illuminate\\Pipeline\\Pipeline->Illuminate\\Pipeline\\{closure}(Object(Laravel\\Lumen\\Http\\Request))
#21 /app/vendor/illuminate/pipeline/Pipeline.php(119): Laravel\\Lumen\\Routing\\Pipeline->Laravel\\Lumen\\Routing\\{closure}(Object(Laravel\\Lumen\\Http\\Request))
#22 /app/vendor/laravel/lumen-framework/src/Concerns/RoutesRequests.php(428): Illuminate\\Pipeline\\Pipeline->then(Object(Closure))
#23 /app/vendor/laravel/lumen-framework/src/Concerns/RoutesRequests.php(263): Laravel\\Lumen\\Application->sendThroughPipeline(Array, Object(Closure))
#24 /app/vendor/laravel/lumen-framework/src/Concerns/RoutesRequests.php(171): Laravel\\Lumen\\Application->handleFoundRoute(Array)
#25 /app/vendor/laravel/lumen-framework/src/Routing/Pipeline.php(48): Laravel\\Lumen\\Application->Laravel\\Lumen\\Concerns\\{closure}(Object(Laravel\\Lumen\\Http\\Request))
#26 /app/app/Http/Middleware/CorsMiddleware.php(12): Laravel\\Lumen\\Routing\\Pipeline->Laravel\\Lumen\\Routing\\{closure}(Object(Laravel\\Lumen\\Http\\Request))
#27 /app/vendor/illuminate/pipeline/Pipeline.php(183): App\\Http\\Middleware\\CorsMiddleware->handle(Object(Laravel\\Lumen\\Http\\Request), Object(Closure))
#28 /app/vendor/laravel/lumen-framework/src/Routing/Pipeline.php(30): Illuminate\\Pipeline\\Pipeline->Illuminate\\Pipeline\\{closure}(Object(Laravel\\Lumen\\Http\\Request))
#29 /app/vendor/illuminate/pipeline/Pipeline.php(119): Laravel\\Lumen\\Routing\\Pipeline->Laravel\\Lumen\\Routing\\{closure}(Object(Laravel\\Lumen\\Http\\Request))
#30 /app/vendor/laravel/lumen-framework/src/Concerns/RoutesRequests.php(428): Illuminate\\Pipeline\\Pipeline->then(Object(Closure))
#31 /app/vendor/laravel/lumen-framework/src/Concerns/RoutesRequests.php(167): Laravel\\Lumen\\Application->sendThroughPipeline(Array, Object(Closure))
#32 /app/vendor/laravel/lumen-framework/src/Concerns/RoutesRequests.php(112): Laravel\\Lumen\\Application->dispatch(NULL)
#33 /app/public/index.php(5): Laravel\\Lumen\\Application->run()
#34 {main}
"} 
[2026-04-27 00:50:11] local.ERROR: SQLSTATE[42P01]: Undefined table: 7 ERROR:  relation "notifications" does not exist
LINE 2:              FROM notifications
                          ^ (Connection: pgsql, SQL: SELECT id, type, data, read_at, created_at
             FROM notifications
             WHERE notifiable_type = App\Models\User AND notifiable_id = 00000000-0000-0000-0000-000000000099::uuid
             ORDER BY read_at IS NOT NULL, created_at DESC
             LIMIT 50) {"exception":"[object] (Illuminate\\Database\\QueryException(code: 42P01): SQLSTATE[42P01]: Undefined table: 7 ERROR:  relation \"notifications\" does not exist
LINE 2:              FROM notifications
                          ^ (Connection: pgsql, SQL: SELECT id, type, data, read_at, created_at
             FROM notifications
             WHERE notifiable_type = App\\Models\\User AND notifiable_id = 00000000-0000-0000-0000-000000000099::uuid
             ORDER BY read_at IS NOT NULL, created_at DESC
             LIMIT 50) at /app/vendor/illuminate/database/Connection.php:829)
[stacktrace]
#0 /app/vendor/illuminate/database/Connection.php(783): Illuminate\\Database\\Connection->runQueryCallback('SELECT id, type...', Array, Object(Closure))
#1 /app/vendor/illuminate/database/Connection.php(414): Illuminate\\Database\\Connection->run('SELECT id, type...', Array, Object(Closure))
#2 /app/vendor/illuminate/database/DatabaseManager.php(509): Illuminate\\Database\\Connection->select('SELECT id, type...', Array)
#3 /app/vendor/illuminate/support/Facades/Facade.php(355): Illuminate\\Database\\DatabaseManager->__call('select', Array)
#4 /app/app/Http/Controllers/NotificationController.php(17): Illuminate\\Support\\Facades\\Facade::__callStatic('select', Array)
#5 /app/vendor/illuminate/container/BoundMethod.php(36): App\\Http\\Controllers\\NotificationController->index(Object(Laravel\\Lumen\\Http\\Request))
#6 /app/vendor/illuminate/container/Util.php(41): Illuminate\\Container\\BoundMethod::Illuminate\\Container\\{closure}()
#7 /app/vendor/illuminate/container/BoundMethod.php(93): Illuminate\\Container\\Util::unwrapIfClosure(Object(Closure))
#8 /app/vendor/illuminate/container/BoundMethod.php(35): Illuminate\\Container\\BoundMethod::callBoundMethod(Object(Laravel\\Lumen\\Application), Array, Object(Closure))
#9 /app/vendor/illuminate/container/Container.php(662): Illuminate\\Container\\BoundMethod::call(Object(Laravel\\Lumen\\Application), Array, Array, NULL)
#10 /app/vendor/laravel/lumen-framework/src/Concerns/RoutesRequests.php(391): Illuminate\\Container\\Container->call(Array, Array)
#11 /app/vendor/laravel/lumen-framework/src/Concerns/RoutesRequests.php(356): Laravel\\Lumen\\Application->callControllerCallable(Array, Array)
#12 /app/vendor/laravel/lumen-framework/src/Concerns/RoutesRequests.php(331): Laravel\\Lumen\\Application->callLumenController(Object(App\\Http\\Controllers\\NotificationController), 'index', Array)
#13 /app/vendor/laravel/lumen-framework/src/Concerns/RoutesRequests.php(284): Laravel\\Lumen\\Application->callControllerAction(Array)
#14 /app/vendor/laravel/lumen-framework/src/Concerns/RoutesRequests.php(264): Laravel\\Lumen\\Application->callActionOnArrayBasedRoute(Array)
#15 /app/vendor/laravel/lumen-framework/src/Routing/Pipeline.php(48): Laravel\\Lumen\\Application->Laravel\\Lumen\\Concerns\\{closure}(Object(Laravel\\Lumen\\Http\\Request))
#16 /app/app/Http/Middleware/Authenticate.php(35): Laravel\\Lumen\\Routing\\Pipeline->Laravel\\Lumen\\Routing\\{closure}(Object(Laravel\\Lumen\\Http\\Request))
#17 /app/vendor/illuminate/pipeline/Pipeline.php(183): App\\Http\\Middleware\\Authenticate->handle(Object(Laravel\\Lumen\\Http\\Request), Object(Closure))
#18 /app/vendor/laravel/lumen-framework/src/Routing/Pipeline.php(30): Illuminate\\Pipeline\\Pipeline->Illuminate\\Pipeline\\{closure}(Object(Laravel\\Lumen\\Http\\Request))
#19 /app/vendor/illuminate/pipeline/Pipeline.php(119): Laravel\\Lumen\\Routing\\Pipeline->Laravel\\Lumen\\Routing\\{closure}(Object(Laravel\\Lumen\\Http\\Request))
#20 /app/vendor/laravel/lumen-framework/src/Concerns/RoutesRequests.php(428): Illuminate\\Pipeline\\Pipeline->then(Object(Closure))
#21 /app/vendor/laravel/lumen-framework/src/Concerns/RoutesRequests.php(263): Laravel\\Lumen\\Application->sendThroughPipeline(Array, Object(Closure))
#22 /app/vendor/laravel/lumen-framework/src/Concerns/RoutesRequests.php(171): Laravel\\Lumen\\Application->handleFoundRoute(Array)
#23 /app/vendor/laravel/lumen-framework/src/Routing/Pipeline.php(48): Laravel\\Lumen\\Application->Laravel\\Lumen\\Concerns\\{closure}(Object(Laravel\\Lumen\\Http\\Request))
#24 /app/app/Http/Middleware/CorsMiddleware.php(12): Laravel\\Lumen\\Routing\\Pipeline->Laravel\\Lumen\\Routing\\{closure}(Object(Laravel\\Lumen\\Http\\Request))
#25 /app/vendor/illuminate/pipeline/Pipeline.php(183): App\\Http\\Middleware\\CorsMiddleware->handle(Object(Laravel\\Lumen\\Http\\Request), Object(Closure))
#26 /app/vendor/laravel/lumen-framework/src/Routing/Pipeline.php(30): Illuminate\\Pipeline\\Pipeline->Illuminate\\Pipeline\\{closure}(Object(Laravel\\Lumen\\Http\\Request))
#27 /app/vendor/illuminate/pipeline/Pipeline.php(119): Laravel\\Lumen\\Routing\\Pipeline->Laravel\\Lumen\\Routing\\{closure}(Object(Laravel\\Lumen\\Http\\Request))
#28 /app/vendor/laravel/lumen-framework/src/Concerns/RoutesRequests.php(428): Illuminate\\Pipeline\\Pipeline->then(Object(Closure))
#29 /app/vendor/laravel/lumen-framework/src/Concerns/RoutesRequests.php(167): Laravel\\Lumen\\Application->sendThroughPipeline(Array, Object(Closure))
#30 /app/vendor/laravel/lumen-framework/src/Concerns/RoutesRequests.php(112): Laravel\\Lumen\\Application->dispatch(NULL)
#31 /app/public/index.php(5): Laravel\\Lumen\\Application->run()
#32 {main}

[previous exception] [object] (PDOException(code: 42P01): SQLSTATE[42P01]: Undefined table: 7 ERROR:  relation \"notifications\" does not exist
LINE 2:              FROM notifications
                          ^ at /app/vendor/illuminate/database/Connection.php:428)
[stacktrace]
#0 /app/vendor/illuminate/database/Connection.php(428): PDOStatement->execute()
#1 /app/vendor/illuminate/database/Connection.php(816): Illuminate\\Database\\Connection->Illuminate\\Database\\{closure}('SELECT id, type...', Array)
#2 /app/vendor/illuminate/database/Connection.php(783): Illuminate\\Database\\Connection->runQueryCallback('SELECT id, type...', Array, Object(Closure))
#3 /app/vendor/illuminate/database/Connection.php(414): Illuminate\\Database\\Connection->run('SELECT id, type...', Array, Object(Closure))
#4 /app/vendor/illuminate/database/DatabaseManager.php(509): Illuminate\\Database\\Connection->select('SELECT id, type...', Array)
#5 /app/vendor/illuminate/support/Facades/Facade.php(355): Illuminate\\Database\\DatabaseManager->__call('select', Array)
#6 /app/app/Http/Controllers/NotificationController.php(17): Illuminate\\Support\\Facades\\Facade::__callStatic('select', Array)
#7 /app/vendor/illuminate/container/BoundMethod.php(36): App\\Http\\Controllers\\NotificationController->index(Object(Laravel\\Lumen\\Http\\Request))
#8 /app/vendor/illuminate/container/Util.php(41): Illuminate\\Container\\BoundMethod::Illuminate\\Container\\{closure}()
#9 /app/vendor/illuminate/container/BoundMethod.php(93): Illuminate\\Container\\Util::unwrapIfClosure(Object(Closure))
#10 /app/vendor/illuminate/container/BoundMethod.php(35): Illuminate\\Container\\BoundMethod::callBoundMethod(Object(Laravel\\Lumen\\Application), Array, Object(Closure))
#11 /app/vendor/illuminate/container/Container.php(662): Illuminate\\Container\\BoundMethod::call(Object(Laravel\\Lumen\\Application), Array, Array, NULL)
#12 /app/vendor/laravel/lumen-framework/src/Concerns/RoutesRequests.php(391): Illuminate\\Container\\Container->call(Array, Array)
#13 /app/vendor/laravel/lumen-framework/src/Concerns/RoutesRequests.php(356): Laravel\\Lumen\\Application->callControllerCallable(Array, Array)
#14 /app/vendor/laravel/lumen-framework/src/Concerns/RoutesRequests.php(331): Laravel\\Lumen\\Application->callLumenController(Object(App\\Http\\Controllers\\NotificationController), 'index', Array)
#15 /app/vendor/laravel/lumen-framework/src/Concerns/RoutesRequests.php(284): Laravel\\Lumen\\Application->callControllerAction(Array)
#16 /app/vendor/laravel/lumen-framework/src/Concerns/RoutesRequests.php(264): Laravel\\Lumen\\Application->callActionOnArrayBasedRoute(Array)
#17 /app/vendor/laravel/lumen-framework/src/Routing/Pipeline.php(48): Laravel\\Lumen\\Application->Laravel\\Lumen\\Concerns\\{closure}(Object(Laravel\\Lumen\\Http\\Request))
#18 /app/app/Http/Middleware/Authenticate.php(35): Laravel\\Lumen\\Routing\\Pipeline->Laravel\\Lumen\\Routing\\{closure}(Object(Laravel\\Lumen\\Http\\Request))
#19 /app/vendor/illuminate/pipeline/Pipeline.php(183): App\\Http\\Middleware\\Authenticate->handle(Object(Laravel\\Lumen\\Http\\Request), Object(Closure))
#20 /app/vendor/laravel/lumen-framework/src/Routing/Pipeline.php(30): Illuminate\\Pipeline\\Pipeline->Illuminate\\Pipeline\\{closure}(Object(Laravel\\Lumen\\Http\\Request))
#21 /app/vendor/illuminate/pipeline/Pipeline.php(119): Laravel\\Lumen\\Routing\\Pipeline->Laravel\\Lumen\\Routing\\{closure}(Object(Laravel\\Lumen\\Http\\Request))
#22 /app/vendor/laravel/lumen-framework/src/Concerns/RoutesRequests.php(428): Illuminate\\Pipeline\\Pipeline->then(Object(Closure))
#23 /app/vendor/laravel/lumen-framework/src/Concerns/RoutesRequests.php(263): Laravel\\Lumen\\Application->sendThroughPipeline(Array, Object(Closure))
#24 /app/vendor/laravel/lumen-framework/src/Concerns/RoutesRequests.php(171): Laravel\\Lumen\\Application->handleFoundRoute(Array)
#25 /app/vendor/laravel/lumen-framework/src/Routing/Pipeline.php(48): Laravel\\Lumen\\Application->Laravel\\Lumen\\Concerns\\{closure}(Object(Laravel\\Lumen\\Http\\Request))
#26 /app/app/Http/Middleware/CorsMiddleware.php(12): Laravel\\Lumen\\Routing\\Pipeline->Laravel\\Lumen\\Routing\\{closure}(Object(Laravel\\Lumen\\Http\\Request))
#27 /app/vendor/illuminate/pipeline/Pipeline.php(183): App\\Http\\Middleware\\CorsMiddleware->handle(Object(Laravel\\Lumen\\Http\\Request), Object(Closure))
#28 /app/vendor/laravel/lumen-framework/src/Routing/Pipeline.php(30): Illuminate\\Pipeline\\Pipeline->Illuminate\\Pipeline\\{closure}(Object(Laravel\\Lumen\\Http\\Request))
#29 /app/vendor/illuminate/pipeline/Pipeline.php(119): Laravel\\Lumen\\Routing\\Pipeline->Laravel\\Lumen\\Routing\\{closure}(Object(Laravel\\Lumen\\Http\\Request))
#30 /app/vendor/laravel/lumen-framework/src/Concerns/RoutesRequests.php(428): Illuminate\\Pipeline\\Pipeline->then(Object(Closure))
#31 /app/vendor/laravel/lumen-framework/src/Concerns/RoutesRequests.php(167): Laravel\\Lumen\\Application->sendThroughPipeline(Array, Object(Closure))
#32 /app/vendor/laravel/lumen-framework/src/Concerns/RoutesRequests.php(112): Laravel\\Lumen\\Application->dispatch(NULL)
#33 /app/public/index.php(5): Laravel\\Lumen\\Application->run()
#34 {main}
"} 
[2026-04-27 00:50:19] local.ERROR: SQLSTATE[42P01]: Undefined table: 7 ERROR:  relation "notifications" does not exist
LINE 2:              FROM notifications
                          ^ (Connection: pgsql, SQL: SELECT id, type, data, read_at, created_at
             FROM notifications
             WHERE notifiable_type = App\Models\User AND notifiable_id = 00000000-0000-0000-0000-000000000002::uuid
             ORDER BY read_at IS NOT NULL, created_at DESC
             LIMIT 50) {"exception":"[object] (Illuminate\\Database\\QueryException(code: 42P01): SQLSTATE[42P01]: Undefined table: 7 ERROR:  relation \"notifications\" does not exist
LINE 2:              FROM notifications
                          ^ (Connection: pgsql, SQL: SELECT id, type, data, read_at, created_at
             FROM notifications
             WHERE notifiable_type = App\\Models\\User AND notifiable_id = 00000000-0000-0000-0000-000000000002::uuid
             ORDER BY read_at IS NOT NULL, created_at DESC
             LIMIT 50) at /app/vendor/illuminate/database/Connection.php:829)
[stacktrace]
#0 /app/vendor/illuminate/database/Connection.php(783): Illuminate\\Database\\Connection->runQueryCallback('SELECT id, type...', Array, Object(Closure))
#1 /app/vendor/illuminate/database/Connection.php(414): Illuminate\\Database\\Connection->run('SELECT id, type...', Array, Object(Closure))
#2 /app/vendor/illuminate/database/DatabaseManager.php(509): Illuminate\\Database\\Connection->select('SELECT id, type...', Array)
#3 /app/vendor/illuminate/support/Facades/Facade.php(355): Illuminate\\Database\\DatabaseManager->__call('select', Array)
#4 /app/app/Http/Controllers/NotificationController.php(17): Illuminate\\Support\\Facades\\Facade::__callStatic('select', Array)
#5 /app/vendor/illuminate/container/BoundMethod.php(36): App\\Http\\Controllers\\NotificationController->index(Object(Laravel\\Lumen\\Http\\Request))
#6 /app/vendor/illuminate/container/Util.php(41): Illuminate\\Container\\BoundMethod::Illuminate\\Container\\{closure}()
#7 /app/vendor/illuminate/container/BoundMethod.php(93): Illuminate\\Container\\Util::unwrapIfClosure(Object(Closure))
#8 /app/vendor/illuminate/container/BoundMethod.php(35): Illuminate\\Container\\BoundMethod::callBoundMethod(Object(Laravel\\Lumen\\Application), Array, Object(Closure))
#9 /app/vendor/illuminate/container/Container.php(662): Illuminate\\Container\\BoundMethod::call(Object(Laravel\\Lumen\\Application), Array, Array, NULL)
#10 /app/vendor/laravel/lumen-framework/src/Concerns/RoutesRequests.php(391): Illuminate\\Container\\Container->call(Array, Array)
#11 /app/vendor/laravel/lumen-framework/src/Concerns/RoutesRequests.php(356): Laravel\\Lumen\\Application->callControllerCallable(Array, Array)
#12 /app/vendor/laravel/lumen-framework/src/Concerns/RoutesRequests.php(331): Laravel\\Lumen\\Application->callLumenController(Object(App\\Http\\Controllers\\NotificationController), 'index', Array)
#13 /app/vendor/laravel/lumen-framework/src/Concerns/RoutesRequests.php(284): Laravel\\Lumen\\Application->callControllerAction(Array)
#14 /app/vendor/laravel/lumen-framework/src/Concerns/RoutesRequests.php(264): Laravel\\Lumen\\Application->callActionOnArrayBasedRoute(Array)
#15 /app/vendor/laravel/lumen-framework/src/Routing/Pipeline.php(48): Laravel\\Lumen\\Application->Laravel\\Lumen\\Concerns\\{closure}(Object(Laravel\\Lumen\\Http\\Request))
#16 /app/app/Http/Middleware/Authenticate.php(35): Laravel\\Lumen\\Routing\\Pipeline->Laravel\\Lumen\\Routing\\{closure}(Object(Laravel\\Lumen\\Http\\Request))
#17 /app/vendor/illuminate/pipeline/Pipeline.php(183): App\\Http\\Middleware\\Authenticate->handle(Object(Laravel\\Lumen\\Http\\Request), Object(Closure))
#18 /app/vendor/laravel/lumen-framework/src/Routing/Pipeline.php(30): Illuminate\\Pipeline\\Pipeline->Illuminate\\Pipeline\\{closure}(Object(Laravel\\Lumen\\Http\\Request))
#19 /app/vendor/illuminate/pipeline/Pipeline.php(119): Laravel\\Lumen\\Routing\\Pipeline->Laravel\\Lumen\\Routing\\{closure}(Object(Laravel\\Lumen\\Http\\Request))
#20 /app/vendor/laravel/lumen-framework/src/Concerns/RoutesRequests.php(428): Illuminate\\Pipeline\\Pipeline->then(Object(Closure))
#21 /app/vendor/laravel/lumen-framework/src/Concerns/RoutesRequests.php(263): Laravel\\Lumen\\Application->sendThroughPipeline(Array, Object(Closure))
#22 /app/vendor/laravel/lumen-framework/src/Concerns/RoutesRequests.php(171): Laravel\\Lumen\\Application->handleFoundRoute(Array)
#23 /app/vendor/laravel/lumen-framework/src/Routing/Pipeline.php(48): Laravel\\Lumen\\Application->Laravel\\Lumen\\Concerns\\{closure}(Object(Laravel\\Lumen\\Http\\Request))
#24 /app/app/Http/Middleware/CorsMiddleware.php(12): Laravel\\Lumen\\Routing\\Pipeline->Laravel\\Lumen\\Routing\\{closure}(Object(Laravel\\Lumen\\Http\\Request))
#25 /app/vendor/illuminate/pipeline/Pipeline.php(183): App\\Http\\Middleware\\CorsMiddleware->handle(Object(Laravel\\Lumen\\Http\\Request), Object(Closure))
#26 /app/vendor/laravel/lumen-framework/src/Routing/Pipeline.php(30): Illuminate\\Pipeline\\Pipeline->Illuminate\\Pipeline\\{closure}(Object(Laravel\\Lumen\\Http\\Request))
#27 /app/vendor/illuminate/pipeline/Pipeline.php(119): Laravel\\Lumen\\Routing\\Pipeline->Laravel\\Lumen\\Routing\\{closure}(Object(Laravel\\Lumen\\Http\\Request))
#28 /app/vendor/laravel/lumen-framework/src/Concerns/RoutesRequests.php(428): Illuminate\\Pipeline\\Pipeline->then(Object(Closure))
#29 /app/vendor/laravel/lumen-framework/src/Concerns/RoutesRequests.php(167): Laravel\\Lumen\\Application->sendThroughPipeline(Array, Object(Closure))
#30 /app/vendor/laravel/lumen-framework/src/Concerns/RoutesRequests.php(112): Laravel\\Lumen\\Application->dispatch(NULL)
#31 /app/public/index.php(5): Laravel\\Lumen\\Application->run()
#32 {main}

[previous exception] [object] (PDOException(code: 42P01): SQLSTATE[42P01]: Undefined table: 7 ERROR:  relation \"notifications\" does not exist
LINE 2:              FROM notifications
                          ^ at /app/vendor/illuminate/database/Connection.php:428)
[stacktrace]
#0 /app/vendor/illuminate/database/Connection.php(428): PDOStatement->execute()
#1 /app/vendor/illuminate/database/Connection.php(816): Illuminate\\Database\\Connection->Illuminate\\Database\\{closure}('SELECT id, type...', Array)
#2 /app/vendor/illuminate/database/Connection.php(783): Illuminate\\Database\\Connection->runQueryCallback('SELECT id, type...', Array, Object(Closure))
#3 /app/vendor/illuminate/database/Connection.php(414): Illuminate\\Database\\Connection->run('SELECT id, type...', Array, Object(Closure))
#4 /app/vendor/illuminate/database/DatabaseManager.php(509): Illuminate\\Database\\Connection->select('SELECT id, type...', Array)
#5 /app/vendor/illuminate/support/Facades/Facade.php(355): Illuminate\\Database\\DatabaseManager->__call('select', Array)
#6 /app/app/Http/Controllers/NotificationController.php(17): Illuminate\\Support\\Facades\\Facade::__callStatic('select', Array)
#7 /app/vendor/illuminate/container/BoundMethod.php(36): App\\Http\\Controllers\\NotificationController->index(Object(Laravel\\Lumen\\Http\\Request))
#8 /app/vendor/illuminate/container/Util.php(41): Illuminate\\Container\\BoundMethod::Illuminate\\Container\\{closure}()
#9 /app/vendor/illuminate/container/BoundMethod.php(93): Illuminate\\Container\\Util::unwrapIfClosure(Object(Closure))
#10 /app/vendor/illuminate/container/BoundMethod.php(35): Illuminate\\Container\\BoundMethod::callBoundMethod(Object(Laravel\\Lumen\\Application), Array, Object(Closure))
#11 /app/vendor/illuminate/container/Container.php(662): Illuminate\\Container\\BoundMethod::call(Object(Laravel\\Lumen\\Application), Array, Array, NULL)
#12 /app/vendor/laravel/lumen-framework/src/Concerns/RoutesRequests.php(391): Illuminate\\Container\\Container->call(Array, Array)
#13 /app/vendor/laravel/lumen-framework/src/Concerns/RoutesRequests.php(356): Laravel\\Lumen\\Application->callControllerCallable(Array, Array)
#14 /app/vendor/laravel/lumen-framework/src/Concerns/RoutesRequests.php(331): Laravel\\Lumen\\Application->callLumenController(Object(App\\Http\\Controllers\\NotificationController), 'index', Array)
#15 /app/vendor/laravel/lumen-framework/src/Concerns/RoutesRequests.php(284): Laravel\\Lumen\\Application->callControllerAction(Array)
#16 /app/vendor/laravel/lumen-framework/src/Concerns/RoutesRequests.php(264): Laravel\\Lumen\\Application->callActionOnArrayBasedRoute(Array)
#17 /app/vendor/laravel/lumen-framework/src/Routing/Pipeline.php(48): Laravel\\Lumen\\Application->Laravel\\Lumen\\Concerns\\{closure}(Object(Laravel\\Lumen\\Http\\Request))
#18 /app/app/Http/Middleware/Authenticate.php(35): Laravel\\Lumen\\Routing\\Pipeline->Laravel\\Lumen\\Routing\\{closure}(Object(Laravel\\Lumen\\Http\\Request))
#19 /app/vendor/illuminate/pipeline/Pipeline.php(183): App\\Http\\Middleware\\Authenticate->handle(Object(Laravel\\Lumen\\Http\\Request), Object(Closure))
#20 /app/vendor/laravel/lumen-framework/src/Routing/Pipeline.php(30): Illuminate\\Pipeline\\Pipeline->Illuminate\\Pipeline\\{closure}(Object(Laravel\\Lumen\\Http\\Request))
#21 /app/vendor/illuminate/pipeline/Pipeline.php(119): Laravel\\Lumen\\Routing\\Pipeline->Laravel\\Lumen\\Routing\\{closure}(Object(Laravel\\Lumen\\Http\\Request))
#22 /app/vendor/laravel/lumen-framework/src/Concerns/RoutesRequests.php(428): Illuminate\\Pipeline\\Pipeline->then(Object(Closure))
#23 /app/vendor/laravel/lumen-framework/src/Concerns/RoutesRequests.php(263): Laravel\\Lumen\\Application->sendThroughPipeline(Array, Object(Closure))
#24 /app/vendor/laravel/lumen-framework/src/Concerns/RoutesRequests.php(171): Laravel\\Lumen\\Application->handleFoundRoute(Array)
#25 /app/vendor/laravel/lumen-framework/src/Routing/Pipeline.php(48): Laravel\\Lumen\\Application->Laravel\\Lumen\\Concerns\\{closure}(Object(Laravel\\Lumen\\Http\\Request))
#26 /app/app/Http/Middleware/CorsMiddleware.php(12): Laravel\\Lumen\\Routing\\Pipeline->Laravel\\Lumen\\Routing\\{closure}(Object(Laravel\\Lumen\\Http\\Request))
#27 /app/vendor/illuminate/pipeline/Pipeline.php(183): App\\Http\\Middleware\\CorsMiddleware->handle(Object(Laravel\\Lumen\\Http\\Request), Object(Closure))
#28 /app/vendor/laravel/lumen-framework/src/Routing/Pipeline.php(30): Illuminate\\Pipeline\\Pipeline->Illuminate\\Pipeline\\{closure}(Object(Laravel\\Lumen\\Http\\Request))
#29 /app/vendor/illuminate/pipeline/Pipeline.php(119): Laravel\\Lumen\\Routing\\Pipeline->Laravel\\Lumen\\Routing\\{closure}(Object(Laravel\\Lumen\\Http\\Request))
#30 /app/vendor/laravel/lumen-framework/src/Concerns/RoutesRequests.php(428): Illuminate\\Pipeline\\Pipeline->then(Object(Closure))
#31 /app/vendor/laravel/lumen-framework/src/Concerns/RoutesRequests.php(167): Laravel\\Lumen\\Application->sendThroughPipeline(Array, Object(Closure))
#32 /app/vendor/laravel/lumen-framework/src/Concerns/RoutesRequests.php(112): Laravel\\Lumen\\Application->dispatch(NULL)
#33 /app/public/index.php(5): Laravel\\Lumen\\Application->run()
#34 {main}
"} 
[2026-04-27 00:50:19] local.ERROR: SQLSTATE[42P01]: Undefined table: 7 ERROR:  relation "notifications" does not exist
LINE 2:              FROM notifications
                          ^ (Connection: pgsql, SQL: SELECT id, type, data, read_at, created_at
             FROM notifications
             WHERE notifiable_type = App\Models\User AND notifiable_id = 00000000-0000-0000-0000-000000000002::uuid
             ORDER BY read_at IS NOT NULL, created_at DESC
             LIMIT 50) {"exception":"[object] (Illuminate\\Database\\QueryException(code: 42P01): SQLSTATE[42P01]: Undefined table: 7 ERROR:  relation \"notifications\" does not exist
LINE 2:              FROM notifications
                          ^ (Connection: pgsql, SQL: SELECT id, type, data, read_at, created_at
             FROM notifications
             WHERE notifiable_type = App\\Models\\User AND notifiable_id = 00000000-0000-0000-0000-000000000002::uuid
             ORDER BY read_at IS NOT NULL, created_at DESC
             LIMIT 50) at /app/vendor/illuminate/database/Connection.php:829)
[stacktrace]
#0 /app/vendor/illuminate/database/Connection.php(783): Illuminate\\Database\\Connection->runQueryCallback('SELECT id, type...', Array, Object(Closure))
#1 /app/vendor/illuminate/database/Connection.php(414): Illuminate\\Database\\Connection->run('SELECT id, type...', Array, Object(Closure))
#2 /app/vendor/illuminate/database/DatabaseManager.php(509): Illuminate\\Database\\Connection->select('SELECT id, type...', Array)
#3 /app/vendor/illuminate/support/Facades/Facade.php(355): Illuminate\\Database\\DatabaseManager->__call('select', Array)
#4 /app/app/Http/Controllers/NotificationController.php(17): Illuminate\\Support\\Facades\\Facade::__callStatic('select', Array)
#5 /app/vendor/illuminate/container/BoundMethod.php(36): App\\Http\\Controllers\\NotificationController->index(Object(Laravel\\Lumen\\Http\\Request))
#6 /app/vendor/illuminate/container/Util.php(41): Illuminate\\Container\\BoundMethod::Illuminate\\Container\\{closure}()
#7 /app/vendor/illuminate/container/BoundMethod.php(93): Illuminate\\Container\\Util::unwrapIfClosure(Object(Closure))
#8 /app/vendor/illuminate/container/BoundMethod.php(35): Illuminate\\Container\\BoundMethod::callBoundMethod(Object(Laravel\\Lumen\\Application), Array, Object(Closure))
#9 /app/vendor/illuminate/container/Container.php(662): Illuminate\\Container\\BoundMethod::call(Object(Laravel\\Lumen\\Application), Array, Array, NULL)
#10 /app/vendor/laravel/lumen-framework/src/Concerns/RoutesRequests.php(391): Illuminate\\Container\\Container->call(Array, Array)
#11 /app/vendor/laravel/lumen-framework/src/Concerns/RoutesRequests.php(356): Laravel\\Lumen\\Application->callControllerCallable(Array, Array)
#12 /app/vendor/laravel/lumen-framework/src/Concerns/RoutesRequests.php(331): Laravel\\Lumen\\Application->callLumenController(Object(App\\Http\\Controllers\\NotificationController), 'index', Array)
#13 /app/vendor/laravel/lumen-framework/src/Concerns/RoutesRequests.php(284): Laravel\\Lumen\\Application->callControllerAction(Array)
#14 /app/vendor/laravel/lumen-framework/src/Concerns/RoutesRequests.php(264): Laravel\\Lumen\\Application->callActionOnArrayBasedRoute(Array)
#15 /app/vendor/laravel/lumen-framework/src/Routing/Pipeline.php(48): Laravel\\Lumen\\Application->Laravel\\Lumen\\Concerns\\{closure}(Object(Laravel\\Lumen\\Http\\Request))
#16 /app/app/Http/Middleware/Authenticate.php(35): Laravel\\Lumen\\Routing\\Pipeline->Laravel\\Lumen\\Routing\\{closure}(Object(Laravel\\Lumen\\Http\\Request))
#17 /app/vendor/illuminate/pipeline/Pipeline.php(183): App\\Http\\Middleware\\Authenticate->handle(Object(Laravel\\Lumen\\Http\\Request), Object(Closure))
#18 /app/vendor/laravel/lumen-framework/src/Routing/Pipeline.php(30): Illuminate\\Pipeline\\Pipeline->Illuminate\\Pipeline\\{closure}(Object(Laravel\\Lumen\\Http\\Request))
#19 /app/vendor/illuminate/pipeline/Pipeline.php(119): Laravel\\Lumen\\Routing\\Pipeline->Laravel\\Lumen\\Routing\\{closure}(Object(Laravel\\Lumen\\Http\\Request))
#20 /app/vendor/laravel/lumen-framework/src/Concerns/RoutesRequests.php(428): Illuminate\\Pipeline\\Pipeline->then(Object(Closure))
#21 /app/vendor/laravel/lumen-framework/src/Concerns/RoutesRequests.php(263): Laravel\\Lumen\\Application->sendThroughPipeline(Array, Object(Closure))
#22 /app/vendor/laravel/lumen-framework/src/Concerns/RoutesRequests.php(171): Laravel\\Lumen\\Application->handleFoundRoute(Array)
#23 /app/vendor/laravel/lumen-framework/src/Routing/Pipeline.php(48): Laravel\\Lumen\\Application->Laravel\\Lumen\\Concerns\\{closure}(Object(Laravel\\Lumen\\Http\\Request))
#24 /app/app/Http/Middleware/CorsMiddleware.php(12): Laravel\\Lumen\\Routing\\Pipeline->Laravel\\Lumen\\Routing\\{closure}(Object(Laravel\\Lumen\\Http\\Request))
#25 /app/vendor/illuminate/pipeline/Pipeline.php(183): App\\Http\\Middleware\\CorsMiddleware->handle(Object(Laravel\\Lumen\\Http\\Request), Object(Closure))
#26 /app/vendor/laravel/lumen-framework/src/Routing/Pipeline.php(30): Illuminate\\Pipeline\\Pipeline->Illuminate\\Pipeline\\{closure}(Object(Laravel\\Lumen\\Http\\Request))
#27 /app/vendor/illuminate/pipeline/Pipeline.php(119): Laravel\\Lumen\\Routing\\Pipeline->Laravel\\Lumen\\Routing\\{closure}(Object(Laravel\\Lumen\\Http\\Request))
#28 /app/vendor/laravel/lumen-framework/src/Concerns/RoutesRequests.php(428): Illuminate\\Pipeline\\Pipeline->then(Object(Closure))
#29 /app/vendor/laravel/lumen-framework/src/Concerns/RoutesRequests.php(167): Laravel\\Lumen\\Application->sendThroughPipeline(Array, Object(Closure))
#30 /app/vendor/laravel/lumen-framework/src/Concerns/RoutesRequests.php(112): Laravel\\Lumen\\Application->dispatch(NULL)
#31 /app/public/index.php(5): Laravel\\Lumen\\Application->run()
#32 {main}

[previous exception] [object] (PDOException(code: 42P01): SQLSTATE[42P01]: Undefined table: 7 ERROR:  relation \"notifications\" does not exist
LINE 2:              FROM notifications
                          ^ at /app/vendor/illuminate/database/Connection.php:428)
[stacktrace]
#0 /app/vendor/illuminate/database/Connection.php(428): PDOStatement->execute()
#1 /app/vendor/illuminate/database/Connection.php(816): Illuminate\\Database\\Connection->Illuminate\\Database\\{closure}('SELECT id, type...', Array)
#2 /app/vendor/illuminate/database/Connection.php(783): Illuminate\\Database\\Connection->runQueryCallback('SELECT id, type...', Array, Object(Closure))
#3 /app/vendor/illuminate/database/Connection.php(414): Illuminate\\Database\\Connection->run('SELECT id, type...', Array, Object(Closure))
#4 /app/vendor/illuminate/database/DatabaseManager.php(509): Illuminate\\Database\\Connection->select('SELECT id, type...', Array)
#5 /app/vendor/illuminate/support/Facades/Facade.php(355): Illuminate\\Database\\DatabaseManager->__call('select', Array)
#6 /app/app/Http/Controllers/NotificationController.php(17): Illuminate\\Support\\Facades\\Facade::__callStatic('select', Array)
#7 /app/vendor/illuminate/container/BoundMethod.php(36): App\\Http\\Controllers\\NotificationController->index(Object(Laravel\\Lumen\\Http\\Request))
#8 /app/vendor/illuminate/container/Util.php(41): Illuminate\\Container\\BoundMethod::Illuminate\\Container\\{closure}()
#9 /app/vendor/illuminate/container/BoundMethod.php(93): Illuminate\\Container\\Util::unwrapIfClosure(Object(Closure))
#10 /app/vendor/illuminate/container/BoundMethod.php(35): Illuminate\\Container\\BoundMethod::callBoundMethod(Object(Laravel\\Lumen\\Application), Array, Object(Closure))
#11 /app/vendor/illuminate/container/Container.php(662): Illuminate\\Container\\BoundMethod::call(Object(Laravel\\Lumen\\Application), Array, Array, NULL)
#12 /app/vendor/laravel/lumen-framework/src/Concerns/RoutesRequests.php(391): Illuminate\\Container\\Container->call(Array, Array)
#13 /app/vendor/laravel/lumen-framework/src/Concerns/RoutesRequests.php(356): Laravel\\Lumen\\Application->callControllerCallable(Array, Array)
#14 /app/vendor/laravel/lumen-framework/src/Concerns/RoutesRequests.php(331): Laravel\\Lumen\\Application->callLumenController(Object(App\\Http\\Controllers\\NotificationController), 'index', Array)
#15 /app/vendor/laravel/lumen-framework/src/Concerns/RoutesRequests.php(284): Laravel\\Lumen\\Application->callControllerAction(Array)
#16 /app/vendor/laravel/lumen-framework/src/Concerns/RoutesRequests.php(264): Laravel\\Lumen\\Application->callActionOnArrayBasedRoute(Array)
#17 /app/vendor/laravel/lumen-framework/src/Routing/Pipeline.php(48): Laravel\\Lumen\\Application->Laravel\\Lumen\\Concerns\\{closure}(Object(Laravel\\Lumen\\Http\\Request))
#18 /app/app/Http/Middleware/Authenticate.php(35): Laravel\\Lumen\\Routing\\Pipeline->Laravel\\Lumen\\Routing\\{closure}(Object(Laravel\\Lumen\\Http\\Request))
#19 /app/vendor/illuminate/pipeline/Pipeline.php(183): App\\Http\\Middleware\\Authenticate->handle(Object(Laravel\\Lumen\\Http\\Request), Object(Closure))
#20 /app/vendor/laravel/lumen-framework/src/Routing/Pipeline.php(30): Illuminate\\Pipeline\\Pipeline->Illuminate\\Pipeline\\{closure}(Object(Laravel\\Lumen\\Http\\Request))
#21 /app/vendor/illuminate/pipeline/Pipeline.php(119): Laravel\\Lumen\\Routing\\Pipeline->Laravel\\Lumen\\Routing\\{closure}(Object(Laravel\\Lumen\\Http\\Request))
#22 /app/vendor/laravel/lumen-framework/src/Concerns/RoutesRequests.php(428): Illuminate\\Pipeline\\Pipeline->then(Object(Closure))
#23 /app/vendor/laravel/lumen-framework/src/Concerns/RoutesRequests.php(263): Laravel\\Lumen\\Application->sendThroughPipeline(Array, Object(Closure))
#24 /app/vendor/laravel/lumen-framework/src/Concerns/RoutesRequests.php(171): Laravel\\Lumen\\Application->handleFoundRoute(Array)
#25 /app/vendor/laravel/lumen-framework/src/Routing/Pipeline.php(48): Laravel\\Lumen\\Application->Laravel\\Lumen\\Concerns\\{closure}(Object(Laravel\\Lumen\\Http\\Request))
#26 /app/app/Http/Middleware/CorsMiddleware.php(12): Laravel\\Lumen\\Routing\\Pipeline->Laravel\\Lumen\\Routing\\{closure}(Object(Laravel\\Lumen\\Http\\Request))
#27 /app/vendor/illuminate/pipeline/Pipeline.php(183): App\\Http\\Middleware\\CorsMiddleware->handle(Object(Laravel\\Lumen\\Http\\Request), Object(Closure))
#28 /app/vendor/laravel/lumen-framework/src/Routing/Pipeline.php(30): Illuminate\\Pipeline\\Pipeline->Illuminate\\Pipeline\\{closure}(Object(Laravel\\Lumen\\Http\\Request))
#29 /app/vendor/illuminate/pipeline/Pipeline.php(119): Laravel\\Lumen\\Routing\\Pipeline->Laravel\\Lumen\\Routing\\{closure}(Object(Laravel\\Lumen\\Http\\Request))
#30 /app/vendor/laravel/lumen-framework/src/Concerns/RoutesRequests.php(428): Illuminate\\Pipeline\\Pipeline->then(Object(Closure))
#31 /app/vendor/laravel/lumen-framework/src/Concerns/RoutesRequests.php(167): Laravel\\Lumen\\Application->sendThroughPipeline(Array, Object(Closure))
#32 /app/vendor/laravel/lumen-framework/src/Concerns/RoutesRequests.php(112): Laravel\\Lumen\\Application->dispatch(NULL)
#33 /app/public/index.php(5): Laravel\\Lumen\\Application->run()
#34 {main}
"} 
[2026-04-27 00:50:39] local.ERROR: SQLSTATE[42P01]: Undefined table: 7 ERROR:  relation "notifications" does not exist
LINE 2:              FROM notifications
                          ^ (Connection: pgsql, SQL: SELECT id, type, data, read_at, created_at
             FROM notifications
             WHERE notifiable_type = App\Models\User AND notifiable_id = 00000000-0000-0000-0000-000000000099::uuid
             ORDER BY read_at IS NOT NULL, created_at DESC
             LIMIT 50) {"exception":"[object] (Illuminate\\Database\\QueryException(code: 42P01): SQLSTATE[42P01]: Undefined table: 7 ERROR:  relation \"notifications\" does not exist
LINE 2:              FROM notifications
                          ^ (Connection: pgsql, SQL: SELECT id, type, data, read_at, created_at
             FROM notifications
             WHERE notifiable_type = App\\Models\\User AND notifiable_id = 00000000-0000-0000-0000-000000000099::uuid
             ORDER BY read_at IS NOT NULL, created_at DESC
             LIMIT 50) at /app/vendor/illuminate/database/Connection.php:829)
[stacktrace]
#0 /app/vendor/illuminate/database/Connection.php(783): Illuminate\\Database\\Connection->runQueryCallback('SELECT id, type...', Array, Object(Closure))
#1 /app/vendor/illuminate/database/Connection.php(414): Illuminate\\Database\\Connection->run('SELECT id, type...', Array, Object(Closure))
#2 /app/vendor/illuminate/database/DatabaseManager.php(509): Illuminate\\Database\\Connection->select('SELECT id, type...', Array)
#3 /app/vendor/illuminate/support/Facades/Facade.php(355): Illuminate\\Database\\DatabaseManager->__call('select', Array)
#4 /app/app/Http/Controllers/NotificationController.php(17): Illuminate\\Support\\Facades\\Facade::__callStatic('select', Array)
#5 /app/vendor/illuminate/container/BoundMethod.php(36): App\\Http\\Controllers\\NotificationController->index(Object(Laravel\\Lumen\\Http\\Request))
#6 /app/vendor/illuminate/container/Util.php(41): Illuminate\\Container\\BoundMethod::Illuminate\\Container\\{closure}()
#7 /app/vendor/illuminate/container/BoundMethod.php(93): Illuminate\\Container\\Util::unwrapIfClosure(Object(Closure))
#8 /app/vendor/illuminate/container/BoundMethod.php(35): Illuminate\\Container\\BoundMethod::callBoundMethod(Object(Laravel\\Lumen\\Application), Array, Object(Closure))
#9 /app/vendor/illuminate/container/Container.php(662): Illuminate\\Container\\BoundMethod::call(Object(Laravel\\Lumen\\Application), Array, Array, NULL)
#10 /app/vendor/laravel/lumen-framework/src/Concerns/RoutesRequests.php(391): Illuminate\\Container\\Container->call(Array, Array)
#11 /app/vendor/laravel/lumen-framework/src/Concerns/RoutesRequests.php(356): Laravel\\Lumen\\Application->callControllerCallable(Array, Array)
#12 /app/vendor/laravel/lumen-framework/src/Concerns/RoutesRequests.php(331): Laravel\\Lumen\\Application->callLumenController(Object(App\\Http\\Controllers\\NotificationController), 'index', Array)
#13 /app/vendor/laravel/lumen-framework/src/Concerns/RoutesRequests.php(284): Laravel\\Lumen\\Application->callControllerAction(Array)
#14 /app/vendor/laravel/lumen-framework/src/Concerns/RoutesRequests.php(264): Laravel\\Lumen\\Application->callActionOnArrayBasedRoute(Array)
#15 /app/vendor/laravel/lumen-framework/src/Routing/Pipeline.php(48): Laravel\\Lumen\\Application->Laravel\\Lumen\\Concerns\\{closure}(Object(Laravel\\Lumen\\Http\\Request))
#16 /app/app/Http/Middleware/Authenticate.php(35): Laravel\\Lumen\\Routing\\Pipeline->Laravel\\Lumen\\Routing\\{closure}(Object(Laravel\\Lumen\\Http\\Request))
#17 /app/vendor/illuminate/pipeline/Pipeline.php(183): App\\Http\\Middleware\\Authenticate->handle(Object(Laravel\\Lumen\\Http\\Request), Object(Closure))
#18 /app/vendor/laravel/lumen-framework/src/Routing/Pipeline.php(30): Illuminate\\Pipeline\\Pipeline->Illuminate\\Pipeline\\{closure}(Object(Laravel\\Lumen\\Http\\Request))
#19 /app/vendor/illuminate/pipeline/Pipeline.php(119): Laravel\\Lumen\\Routing\\Pipeline->Laravel\\Lumen\\Routing\\{closure}(Object(Laravel\\Lumen\\Http\\Request))
#20 /app/vendor/laravel/lumen-framework/src/Concerns/RoutesRequests.php(428): Illuminate\\Pipeline\\Pipeline->then(Object(Closure))
#21 /app/vendor/laravel/lumen-framework/src/Concerns/RoutesRequests.php(263): Laravel\\Lumen\\Application->sendThroughPipeline(Array, Object(Closure))
#22 /app/vendor/laravel/lumen-framework/src/Concerns/RoutesRequests.php(171): Laravel\\Lumen\\Application->handleFoundRoute(Array)
#23 /app/vendor/laravel/lumen-framework/src/Routing/Pipeline.php(48): Laravel\\Lumen\\Application->Laravel\\Lumen\\Concerns\\{closure}(Object(Laravel\\Lumen\\Http\\Request))
#24 /app/app/Http/Middleware/CorsMiddleware.php(12): Laravel\\Lumen\\Routing\\Pipeline->Laravel\\Lumen\\Routing\\{closure}(Object(Laravel\\Lumen\\Http\\Request))
#25 /app/vendor/illuminate/pipeline/Pipeline.php(183): App\\Http\\Middleware\\CorsMiddleware->handle(Object(Laravel\\Lumen\\Http\\Request), Object(Closure))
#26 /app/vendor/laravel/lumen-framework/src/Routing/Pipeline.php(30): Illuminate\\Pipeline\\Pipeline->Illuminate\\Pipeline\\{closure}(Object(Laravel\\Lumen\\Http\\Request))
#27 /app/vendor/illuminate/pipeline/Pipeline.php(119): Laravel\\Lumen\\Routing\\Pipeline->Laravel\\Lumen\\Routing\\{closure}(Object(Laravel\\Lumen\\Http\\Request))
#28 /app/vendor/laravel/lumen-framework/src/Concerns/RoutesRequests.php(428): Illuminate\\Pipeline\\Pipeline->then(Object(Closure))
#29 /app/vendor/laravel/lumen-framework/src/Concerns/RoutesRequests.php(167): Laravel\\Lumen\\Application->sendThroughPipeline(Array, Object(Closure))
#30 /app/vendor/laravel/lumen-framework/src/Concerns/RoutesRequests.php(112): Laravel\\Lumen\\Application->dispatch(NULL)
#31 /app/public/index.php(5): Laravel\\Lumen\\Application->run()
#32 {main}

[previous exception] [object] (PDOException(code: 42P01): SQLSTATE[42P01]: Undefined table: 7 ERROR:  relation \"notifications\" does not exist
LINE 2:              FROM notifications
                          ^ at /app/vendor/illuminate/database/Connection.php:428)
[stacktrace]
#0 /app/vendor/illuminate/database/Connection.php(428): PDOStatement->execute()
#1 /app/vendor/illuminate/database/Connection.php(816): Illuminate\\Database\\Connection->Illuminate\\Database\\{closure}('SELECT id, type...', Array)
#2 /app/vendor/illuminate/database/Connection.php(783): Illuminate\\Database\\Connection->runQueryCallback('SELECT id, type...', Array, Object(Closure))
#3 /app/vendor/illuminate/database/Connection.php(414): Illuminate\\Database\\Connection->run('SELECT id, type...', Array, Object(Closure))
#4 /app/vendor/illuminate/database/DatabaseManager.php(509): Illuminate\\Database\\Connection->select('SELECT id, type...', Array)
#5 /app/vendor/illuminate/support/Facades/Facade.php(355): Illuminate\\Database\\DatabaseManager->__call('select', Array)
#6 /app/app/Http/Controllers/NotificationController.php(17): Illuminate\\Support\\Facades\\Facade::__callStatic('select', Array)
#7 /app/vendor/illuminate/container/BoundMethod.php(36): App\\Http\\Controllers\\NotificationController->index(Object(Laravel\\Lumen\\Http\\Request))
#8 /app/vendor/illuminate/container/Util.php(41): Illuminate\\Container\\BoundMethod::Illuminate\\Container\\{closure}()
#9 /app/vendor/illuminate/container/BoundMethod.php(93): Illuminate\\Container\\Util::unwrapIfClosure(Object(Closure))
#10 /app/vendor/illuminate/container/BoundMethod.php(35): Illuminate\\Container\\BoundMethod::callBoundMethod(Object(Laravel\\Lumen\\Application), Array, Object(Closure))
#11 /app/vendor/illuminate/container/Container.php(662): Illuminate\\Container\\BoundMethod::call(Object(Laravel\\Lumen\\Application), Array, Array, NULL)
#12 /app/vendor/laravel/lumen-framework/src/Concerns/RoutesRequests.php(391): Illuminate\\Container\\Container->call(Array, Array)
#13 /app/vendor/laravel/lumen-framework/src/Concerns/RoutesRequests.php(356): Laravel\\Lumen\\Application->callControllerCallable(Array, Array)
#14 /app/vendor/laravel/lumen-framework/src/Concerns/RoutesRequests.php(331): Laravel\\Lumen\\Application->callLumenController(Object(App\\Http\\Controllers\\NotificationController), 'index', Array)
#15 /app/vendor/laravel/lumen-framework/src/Concerns/RoutesRequests.php(284): Laravel\\Lumen\\Application->callControllerAction(Array)
#16 /app/vendor/laravel/lumen-framework/src/Concerns/RoutesRequests.php(264): Laravel\\Lumen\\Application->callActionOnArrayBasedRoute(Array)
#17 /app/vendor/laravel/lumen-framework/src/Routing/Pipeline.php(48): Laravel\\Lumen\\Application->Laravel\\Lumen\\Concerns\\{closure}(Object(Laravel\\Lumen\\Http\\Request))
#18 /app/app/Http/Middleware/Authenticate.php(35): Laravel\\Lumen\\Routing\\Pipeline->Laravel\\Lumen\\Routing\\{closure}(Object(Laravel\\Lumen\\Http\\Request))
#19 /app/vendor/illuminate/pipeline/Pipeline.php(183): App\\Http\\Middleware\\Authenticate->handle(Object(Laravel\\Lumen\\Http\\Request), Object(Closure))
#20 /app/vendor/laravel/lumen-framework/src/Routing/Pipeline.php(30): Illuminate\\Pipeline\\Pipeline->Illuminate\\Pipeline\\{closure}(Object(Laravel\\Lumen\\Http\\Request))
#21 /app/vendor/illuminate/pipeline/Pipeline.php(119): Laravel\\Lumen\\Routing\\Pipeline->Laravel\\Lumen\\Routing\\{closure}(Object(Laravel\\Lumen\\Http\\Request))
#22 /app/vendor/laravel/lumen-framework/src/Concerns/RoutesRequests.php(428): Illuminate\\Pipeline\\Pipeline->then(Object(Closure))
#23 /app/vendor/laravel/lumen-framework/src/Concerns/RoutesRequests.php(263): Laravel\\Lumen\\Application->sendThroughPipeline(Array, Object(Closure))
#24 /app/vendor/laravel/lumen-framework/src/Concerns/RoutesRequests.php(171): Laravel\\Lumen\\Application->handleFoundRoute(Array)
#25 /app/vendor/laravel/lumen-framework/src/Routing/Pipeline.php(48): Laravel\\Lumen\\Application->Laravel\\Lumen\\Concerns\\{closure}(Object(Laravel\\Lumen\\Http\\Request))
#26 /app/app/Http/Middleware/CorsMiddleware.php(12): Laravel\\Lumen\\Routing\\Pipeline->Laravel\\Lumen\\Routing\\{closure}(Object(Laravel\\Lumen\\Http\\Request))
#27 /app/vendor/illuminate/pipeline/Pipeline.php(183): App\\Http\\Middleware\\CorsMiddleware->handle(Object(Laravel\\Lumen\\Http\\Request), Object(Closure))
#28 /app/vendor/laravel/lumen-framework/src/Routing/Pipeline.php(30): Illuminate\\Pipeline\\Pipeline->Illuminate\\Pipeline\\{closure}(Object(Laravel\\Lumen\\Http\\Request))
#29 /app/vendor/illuminate/pipeline/Pipeline.php(119): Laravel\\Lumen\\Routing\\Pipeline->Laravel\\Lumen\\Routing\\{closure}(Object(Laravel\\Lumen\\Http\\Request))
#30 /app/vendor/laravel/lumen-framework/src/Concerns/RoutesRequests.php(428): Illuminate\\Pipeline\\Pipeline->then(Object(Closure))
#31 /app/vendor/laravel/lumen-framework/src/Concerns/RoutesRequests.php(167): Laravel\\Lumen\\Application->sendThroughPipeline(Array, Object(Closure))
#32 /app/vendor/laravel/lumen-framework/src/Concerns/RoutesRequests.php(112): Laravel\\Lumen\\Application->dispatch(NULL)
#33 /app/public/index.php(5): Laravel\\Lumen\\Application->run()
#34 {main}
"} 
[2026-04-27 00:50:43] local.ERROR: SQLSTATE[42P01]: Undefined table: 7 ERROR:  relation "notifications" does not exist
LINE 2:              FROM notifications
                          ^ (Connection: pgsql, SQL: SELECT id, type, data, read_at, created_at
             FROM notifications
             WHERE notifiable_type = App\Models\User AND notifiable_id = 00000000-0000-0000-0000-000000000001::uuid
             ORDER BY read_at IS NOT NULL, created_at DESC
             LIMIT 50) {"exception":"[object] (Illuminate\\Database\\QueryException(code: 42P01): SQLSTATE[42P01]: Undefined table: 7 ERROR:  relation \"notifications\" does not exist
LINE 2:              FROM notifications
                          ^ (Connection: pgsql, SQL: SELECT id, type, data, read_at, created_at
             FROM notifications
             WHERE notifiable_type = App\\Models\\User AND notifiable_id = 00000000-0000-0000-0000-000000000001::uuid
             ORDER BY read_at IS NOT NULL, created_at DESC
             LIMIT 50) at /app/vendor/illuminate/database/Connection.php:829)
[stacktrace]
#0 /app/vendor/illuminate/database/Connection.php(783): Illuminate\\Database\\Connection->runQueryCallback('SELECT id, type...', Array, Object(Closure))
#1 /app/vendor/illuminate/database/Connection.php(414): Illuminate\\Database\\Connection->run('SELECT id, type...', Array, Object(Closure))
#2 /app/vendor/illuminate/database/DatabaseManager.php(509): Illuminate\\Database\\Connection->select('SELECT id, type...', Array)
#3 /app/vendor/illuminate/support/Facades/Facade.php(355): Illuminate\\Database\\DatabaseManager->__call('select', Array)
#4 /app/app/Http/Controllers/NotificationController.php(17): Illuminate\\Support\\Facades\\Facade::__callStatic('select', Array)
#5 /app/vendor/illuminate/container/BoundMethod.php(36): App\\Http\\Controllers\\NotificationController->index(Object(Laravel\\Lumen\\Http\\Request))
#6 /app/vendor/illuminate/container/Util.php(41): Illuminate\\Container\\BoundMethod::Illuminate\\Container\\{closure}()
#7 /app/vendor/illuminate/container/BoundMethod.php(93): Illuminate\\Container\\Util::unwrapIfClosure(Object(Closure))
#8 /app/vendor/illuminate/container/BoundMethod.php(35): Illuminate\\Container\\BoundMethod::callBoundMethod(Object(Laravel\\Lumen\\Application), Array, Object(Closure))
#9 /app/vendor/illuminate/container/Container.php(662): Illuminate\\Container\\BoundMethod::call(Object(Laravel\\Lumen\\Application), Array, Array, NULL)
#10 /app/vendor/laravel/lumen-framework/src/Concerns/RoutesRequests.php(391): Illuminate\\Container\\Container->call(Array, Array)
#11 /app/vendor/laravel/lumen-framework/src/Concerns/RoutesRequests.php(356): Laravel\\Lumen\\Application->callControllerCallable(Array, Array)
#12 /app/vendor/laravel/lumen-framework/src/Concerns/RoutesRequests.php(331): Laravel\\Lumen\\Application->callLumenController(Object(App\\Http\\Controllers\\NotificationController), 'index', Array)
#13 /app/vendor/laravel/lumen-framework/src/Concerns/RoutesRequests.php(284): Laravel\\Lumen\\Application->callControllerAction(Array)
#14 /app/vendor/laravel/lumen-framework/src/Concerns/RoutesRequests.php(264): Laravel\\Lumen\\Application->callActionOnArrayBasedRoute(Array)
#15 /app/vendor/laravel/lumen-framework/src/Routing/Pipeline.php(48): Laravel\\Lumen\\Application->Laravel\\Lumen\\Concerns\\{closure}(Object(Laravel\\Lumen\\Http\\Request))
#16 /app/app/Http/Middleware/Authenticate.php(35): Laravel\\Lumen\\Routing\\Pipeline->Laravel\\Lumen\\Routing\\{closure}(Object(Laravel\\Lumen\\Http\\Request))
#17 /app/vendor/illuminate/pipeline/Pipeline.php(183): App\\Http\\Middleware\\Authenticate->handle(Object(Laravel\\Lumen\\Http\\Request), Object(Closure))
#18 /app/vendor/laravel/lumen-framework/src/Routing/Pipeline.php(30): Illuminate\\Pipeline\\Pipeline->Illuminate\\Pipeline\\{closure}(Object(Laravel\\Lumen\\Http\\Request))
#19 /app/vendor/illuminate/pipeline/Pipeline.php(119): Laravel\\Lumen\\Routing\\Pipeline->Laravel\\Lumen\\Routing\\{closure}(Object(Laravel\\Lumen\\Http\\Request))
#20 /app/vendor/laravel/lumen-framework/src/Concerns/RoutesRequests.php(428): Illuminate\\Pipeline\\Pipeline->then(Object(Closure))
#21 /app/vendor/laravel/lumen-framework/src/Concerns/RoutesRequests.php(263): Laravel\\Lumen\\Application->sendThroughPipeline(Array, Object(Closure))
#22 /app/vendor/laravel/lumen-framework/src/Concerns/RoutesRequests.php(171): Laravel\\Lumen\\Application->handleFoundRoute(Array)
#23 /app/vendor/laravel/lumen-framework/src/Routing/Pipeline.php(48): Laravel\\Lumen\\Application->Laravel\\Lumen\\Concerns\\{closure}(Object(Laravel\\Lumen\\Http\\Request))
#24 /app/app/Http/Middleware/CorsMiddleware.php(12): Laravel\\Lumen\\Routing\\Pipeline->Laravel\\Lumen\\Routing\\{closure}(Object(Laravel\\Lumen\\Http\\Request))
#25 /app/vendor/illuminate/pipeline/Pipeline.php(183): App\\Http\\Middleware\\CorsMiddleware->handle(Object(Laravel\\Lumen\\Http\\Request), Object(Closure))
#26 /app/vendor/laravel/lumen-framework/src/Routing/Pipeline.php(30): Illuminate\\Pipeline\\Pipeline->Illuminate\\Pipeline\\{closure}(Object(Laravel\\Lumen\\Http\\Request))
#27 /app/vendor/illuminate/pipeline/Pipeline.php(119): Laravel\\Lumen\\Routing\\Pipeline->Laravel\\Lumen\\Routing\\{closure}(Object(Laravel\\Lumen\\Http\\Request))
#28 /app/vendor/laravel/lumen-framework/src/Concerns/RoutesRequests.php(428): Illuminate\\Pipeline\\Pipeline->then(Object(Closure))
#29 /app/vendor/laravel/lumen-framework/src/Concerns/RoutesRequests.php(167): Laravel\\Lumen\\Application->sendThroughPipeline(Array, Object(Closure))
#30 /app/vendor/laravel/lumen-framework/src/Concerns/RoutesRequests.php(112): Laravel\\Lumen\\Application->dispatch(NULL)
#31 /app/public/index.php(5): Laravel\\Lumen\\Application->run()
#32 {main}

[previous exception] [object] (PDOException(code: 42P01): SQLSTATE[42P01]: Undefined table: 7 ERROR:  relation \"notifications\" does not exist
LINE 2:              FROM notifications
                          ^ at /app/vendor/illuminate/database/Connection.php:428)
[stacktrace]
#0 /app/vendor/illuminate/database/Connection.php(428): PDOStatement->execute()
#1 /app/vendor/illuminate/database/Connection.php(816): Illuminate\\Database\\Connection->Illuminate\\Database\\{closure}('SELECT id, type...', Array)
#2 /app/vendor/illuminate/database/Connection.php(783): Illuminate\\Database\\Connection->runQueryCallback('SELECT id, type...', Array, Object(Closure))
#3 /app/vendor/illuminate/database/Connection.php(414): Illuminate\\Database\\Connection->run('SELECT id, type...', Array, Object(Closure))
#4 /app/vendor/illuminate/database/DatabaseManager.php(509): Illuminate\\Database\\Connection->select('SELECT id, type...', Array)
#5 /app/vendor/illuminate/support/Facades/Facade.php(355): Illuminate\\Database\\DatabaseManager->__call('select', Array)
#6 /app/app/Http/Controllers/NotificationController.php(17): Illuminate\\Support\\Facades\\Facade::__callStatic('select', Array)
#7 /app/vendor/illuminate/container/BoundMethod.php(36): App\\Http\\Controllers\\NotificationController->index(Object(Laravel\\Lumen\\Http\\Request))
#8 /app/vendor/illuminate/container/Util.php(41): Illuminate\\Container\\BoundMethod::Illuminate\\Container\\{closure}()
#9 /app/vendor/illuminate/container/BoundMethod.php(93): Illuminate\\Container\\Util::unwrapIfClosure(Object(Closure))
#10 /app/vendor/illuminate/container/BoundMethod.php(35): Illuminate\\Container\\BoundMethod::callBoundMethod(Object(Laravel\\Lumen\\Application), Array, Object(Closure))
#11 /app/vendor/illuminate/container/Container.php(662): Illuminate\\Container\\BoundMethod::call(Object(Laravel\\Lumen\\Application), Array, Array, NULL)
#12 /app/vendor/laravel/lumen-framework/src/Concerns/RoutesRequests.php(391): Illuminate\\Container\\Container->call(Array, Array)
#13 /app/vendor/laravel/lumen-framework/src/Concerns/RoutesRequests.php(356): Laravel\\Lumen\\Application->callControllerCallable(Array, Array)
#14 /app/vendor/laravel/lumen-framework/src/Concerns/RoutesRequests.php(331): Laravel\\Lumen\\Application->callLumenController(Object(App\\Http\\Controllers\\NotificationController), 'index', Array)
#15 /app/vendor/laravel/lumen-framework/src/Concerns/RoutesRequests.php(284): Laravel\\Lumen\\Application->callControllerAction(Array)
#16 /app/vendor/laravel/lumen-framework/src/Concerns/RoutesRequests.php(264): Laravel\\Lumen\\Application->callActionOnArrayBasedRoute(Array)
#17 /app/vendor/laravel/lumen-framework/src/Routing/Pipeline.php(48): Laravel\\Lumen\\Application->Laravel\\Lumen\\Concerns\\{closure}(Object(Laravel\\Lumen\\Http\\Request))
#18 /app/app/Http/Middleware/Authenticate.php(35): Laravel\\Lumen\\Routing\\Pipeline->Laravel\\Lumen\\Routing\\{closure}(Object(Laravel\\Lumen\\Http\\Request))
#19 /app/vendor/illuminate/pipeline/Pipeline.php(183): App\\Http\\Middleware\\Authenticate->handle(Object(Laravel\\Lumen\\Http\\Request), Object(Closure))
#20 /app/vendor/laravel/lumen-framework/src/Routing/Pipeline.php(30): Illuminate\\Pipeline\\Pipeline->Illuminate\\Pipeline\\{closure}(Object(Laravel\\Lumen\\Http\\Request))
#21 /app/vendor/illuminate/pipeline/Pipeline.php(119): Laravel\\Lumen\\Routing\\Pipeline->Laravel\\Lumen\\Routing\\{closure}(Object(Laravel\\Lumen\\Http\\Request))
#22 /app/vendor/laravel/lumen-framework/src/Concerns/RoutesRequests.php(428): Illuminate\\Pipeline\\Pipeline->then(Object(Closure))
#23 /app/vendor/laravel/lumen-framework/src/Concerns/RoutesRequests.php(263): Laravel\\Lumen\\Application->sendThroughPipeline(Array, Object(Closure))
#24 /app/vendor/laravel/lumen-framework/src/Concerns/RoutesRequests.php(171): Laravel\\Lumen\\Application->handleFoundRoute(Array)
#25 /app/vendor/laravel/lumen-framework/src/Routing/Pipeline.php(48): Laravel\\Lumen\\Application->Laravel\\Lumen\\Concerns\\{closure}(Object(Laravel\\Lumen\\Http\\Request))
#26 /app/app/Http/Middleware/CorsMiddleware.php(12): Laravel\\Lumen\\Routing\\Pipeline->Laravel\\Lumen\\Routing\\{closure}(Object(Laravel\\Lumen\\Http\\Request))
#27 /app/vendor/illuminate/pipeline/Pipeline.php(183): App\\Http\\Middleware\\CorsMiddleware->handle(Object(Laravel\\Lumen\\Http\\Request), Object(Closure))
#28 /app/vendor/laravel/lumen-framework/src/Routing/Pipeline.php(30): Illuminate\\Pipeline\\Pipeline->Illuminate\\Pipeline\\{closure}(Object(Laravel\\Lumen\\Http\\Request))
#29 /app/vendor/illuminate/pipeline/Pipeline.php(119): Laravel\\Lumen\\Routing\\Pipeline->Laravel\\Lumen\\Routing\\{closure}(Object(Laravel\\Lumen\\Http\\Request))
#30 /app/vendor/laravel/lumen-framework/src/Concerns/RoutesRequests.php(428): Illuminate\\Pipeline\\Pipeline->then(Object(Closure))
#31 /app/vendor/laravel/lumen-framework/src/Concerns/RoutesRequests.php(167): Laravel\\Lumen\\Application->sendThroughPipeline(Array, Object(Closure))
#32 /app/vendor/laravel/lumen-framework/src/Concerns/RoutesRequests.php(112): Laravel\\Lumen\\Application->dispatch(NULL)
#33 /app/public/index.php(5): Laravel\\Lumen\\Application->run()
#34 {main}
"} 
[2026-04-27 00:50:44] local.ERROR: SQLSTATE[42P01]: Undefined table: 7 ERROR:  relation "notifications" does not exist
LINE 2:              FROM notifications
                          ^ (Connection: pgsql, SQL: SELECT id, type, data, read_at, created_at
             FROM notifications
             WHERE notifiable_type = App\Models\User AND notifiable_id = 00000000-0000-0000-0000-000000000001::uuid
             ORDER BY read_at IS NOT NULL, created_at DESC
             LIMIT 50) {"exception":"[object] (Illuminate\\Database\\QueryException(code: 42P01): SQLSTATE[42P01]: Undefined table: 7 ERROR:  relation \"notifications\" does not exist
LINE 2:              FROM notifications
                          ^ (Connection: pgsql, SQL: SELECT id, type, data, read_at, created_at
             FROM notifications
             WHERE notifiable_type = App\\Models\\User AND notifiable_id = 00000000-0000-0000-0000-000000000001::uuid
             ORDER BY read_at IS NOT NULL, created_at DESC
             LIMIT 50) at /app/vendor/illuminate/database/Connection.php:829)
[stacktrace]
#0 /app/vendor/illuminate/database/Connection.php(783): Illuminate\\Database\\Connection->runQueryCallback('SELECT id, type...', Array, Object(Closure))
#1 /app/vendor/illuminate/database/Connection.php(414): Illuminate\\Database\\Connection->run('SELECT id, type...', Array, Object(Closure))
#2 /app/vendor/illuminate/database/DatabaseManager.php(509): Illuminate\\Database\\Connection->select('SELECT id, type...', Array)
#3 /app/vendor/illuminate/support/Facades/Facade.php(355): Illuminate\\Database\\DatabaseManager->__call('select', Array)
#4 /app/app/Http/Controllers/NotificationController.php(17): Illuminate\\Support\\Facades\\Facade::__callStatic('select', Array)
#5 /app/vendor/illuminate/container/BoundMethod.php(36): App\\Http\\Controllers\\NotificationController->index(Object(Laravel\\Lumen\\Http\\Request))
#6 /app/vendor/illuminate/container/Util.php(41): Illuminate\\Container\\BoundMethod::Illuminate\\Container\\{closure}()
#7 /app/vendor/illuminate/container/BoundMethod.php(93): Illuminate\\Container\\Util::unwrapIfClosure(Object(Closure))
#8 /app/vendor/illuminate/container/BoundMethod.php(35): Illuminate\\Container\\BoundMethod::callBoundMethod(Object(Laravel\\Lumen\\Application), Array, Object(Closure))
#9 /app/vendor/illuminate/container/Container.php(662): Illuminate\\Container\\BoundMethod::call(Object(Laravel\\Lumen\\Application), Array, Array, NULL)
#10 /app/vendor/laravel/lumen-framework/src/Concerns/RoutesRequests.php(391): Illuminate\\Container\\Container->call(Array, Array)
#11 /app/vendor/laravel/lumen-framework/src/Concerns/RoutesRequests.php(356): Laravel\\Lumen\\Application->callControllerCallable(Array, Array)
#12 /app/vendor/laravel/lumen-framework/src/Concerns/RoutesRequests.php(331): Laravel\\Lumen\\Application->callLumenController(Object(App\\Http\\Controllers\\NotificationController), 'index', Array)
#13 /app/vendor/laravel/lumen-framework/src/Concerns/RoutesRequests.php(284): Laravel\\Lumen\\Application->callControllerAction(Array)
#14 /app/vendor/laravel/lumen-framework/src/Concerns/RoutesRequests.php(264): Laravel\\Lumen\\Application->callActionOnArrayBasedRoute(Array)
#15 /app/vendor/laravel/lumen-framework/src/Routing/Pipeline.php(48): Laravel\\Lumen\\Application->Laravel\\Lumen\\Concerns\\{closure}(Object(Laravel\\Lumen\\Http\\Request))
#16 /app/app/Http/Middleware/Authenticate.php(35): Laravel\\Lumen\\Routing\\Pipeline->Laravel\\Lumen\\Routing\\{closure}(Object(Laravel\\Lumen\\Http\\Request))
#17 /app/vendor/illuminate/pipeline/Pipeline.php(183): App\\Http\\Middleware\\Authenticate->handle(Object(Laravel\\Lumen\\Http\\Request), Object(Closure))
#18 /app/vendor/laravel/lumen-framework/src/Routing/Pipeline.php(30): Illuminate\\Pipeline\\Pipeline->Illuminate\\Pipeline\\{closure}(Object(Laravel\\Lumen\\Http\\Request))
#19 /app/vendor/illuminate/pipeline/Pipeline.php(119): Laravel\\Lumen\\Routing\\Pipeline->Laravel\\Lumen\\Routing\\{closure}(Object(Laravel\\Lumen\\Http\\Request))
#20 /app/vendor/laravel/lumen-framework/src/Concerns/RoutesRequests.php(428): Illuminate\\Pipeline\\Pipeline->then(Object(Closure))
#21 /app/vendor/laravel/lumen-framework/src/Concerns/RoutesRequests.php(263): Laravel\\Lumen\\Application->sendThroughPipeline(Array, Object(Closure))
#22 /app/vendor/laravel/lumen-framework/src/Concerns/RoutesRequests.php(171): Laravel\\Lumen\\Application->handleFoundRoute(Array)
#23 /app/vendor/laravel/lumen-framework/src/Routing/Pipeline.php(48): Laravel\\Lumen\\Application->Laravel\\Lumen\\Concerns\\{closure}(Object(Laravel\\Lumen\\Http\\Request))
#24 /app/app/Http/Middleware/CorsMiddleware.php(12): Laravel\\Lumen\\Routing\\Pipeline->Laravel\\Lumen\\Routing\\{closure}(Object(Laravel\\Lumen\\Http\\Request))
#25 /app/vendor/illuminate/pipeline/Pipeline.php(183): App\\Http\\Middleware\\CorsMiddleware->handle(Object(Laravel\\Lumen\\Http\\Request), Object(Closure))
#26 /app/vendor/laravel/lumen-framework/src/Routing/Pipeline.php(30): Illuminate\\Pipeline\\Pipeline->Illuminate\\Pipeline\\{closure}(Object(Laravel\\Lumen\\Http\\Request))
#27 /app/vendor/illuminate/pipeline/Pipeline.php(119): Laravel\\Lumen\\Routing\\Pipeline->Laravel\\Lumen\\Routing\\{closure}(Object(Laravel\\Lumen\\Http\\Request))
#28 /app/vendor/laravel/lumen-framework/src/Concerns/RoutesRequests.php(428): Illuminate\\Pipeline\\Pipeline->then(Object(Closure))
#29 /app/vendor/laravel/lumen-framework/src/Concerns/RoutesRequests.php(167): Laravel\\Lumen\\Application->sendThroughPipeline(Array, Object(Closure))
#30 /app/vendor/laravel/lumen-framework/src/Concerns/RoutesRequests.php(112): Laravel\\Lumen\\Application->dispatch(NULL)
#31 /app/public/index.php(5): Laravel\\Lumen\\Application->run()
#32 {main}

[previous exception] [object] (PDOException(code: 42P01): SQLSTATE[42P01]: Undefined table: 7 ERROR:  relation \"notifications\" does not exist
LINE 2:              FROM notifications
                          ^ at /app/vendor/illuminate/database/Connection.php:428)
[stacktrace]
#0 /app/vendor/illuminate/database/Connection.php(428): PDOStatement->execute()
#1 /app/vendor/illuminate/database/Connection.php(816): Illuminate\\Database\\Connection->Illuminate\\Database\\{closure}('SELECT id, type...', Array)
#2 /app/vendor/illuminate/database/Connection.php(783): Illuminate\\Database\\Connection->runQueryCallback('SELECT id, type...', Array, Object(Closure))
#3 /app/vendor/illuminate/database/Connection.php(414): Illuminate\\Database\\Connection->run('SELECT id, type...', Array, Object(Closure))
#4 /app/vendor/illuminate/database/DatabaseManager.php(509): Illuminate\\Database\\Connection->select('SELECT id, type...', Array)
#5 /app/vendor/illuminate/support/Facades/Facade.php(355): Illuminate\\Database\\DatabaseManager->__call('select', Array)
#6 /app/app/Http/Controllers/NotificationController.php(17): Illuminate\\Support\\Facades\\Facade::__callStatic('select', Array)
#7 /app/vendor/illuminate/container/BoundMethod.php(36): App\\Http\\Controllers\\NotificationController->index(Object(Laravel\\Lumen\\Http\\Request))
#8 /app/vendor/illuminate/container/Util.php(41): Illuminate\\Container\\BoundMethod::Illuminate\\Container\\{closure}()
#9 /app/vendor/illuminate/container/BoundMethod.php(93): Illuminate\\Container\\Util::unwrapIfClosure(Object(Closure))
#10 /app/vendor/illuminate/container/BoundMethod.php(35): Illuminate\\Container\\BoundMethod::callBoundMethod(Object(Laravel\\Lumen\\Application), Array, Object(Closure))
#11 /app/vendor/illuminate/container/Container.php(662): Illuminate\\Container\\BoundMethod::call(Object(Laravel\\Lumen\\Application), Array, Array, NULL)
#12 /app/vendor/laravel/lumen-framework/src/Concerns/RoutesRequests.php(391): Illuminate\\Container\\Container->call(Array, Array)
#13 /app/vendor/laravel/lumen-framework/src/Concerns/RoutesRequests.php(356): Laravel\\Lumen\\Application->callControllerCallable(Array, Array)
#14 /app/vendor/laravel/lumen-framework/src/Concerns/RoutesRequests.php(331): Laravel\\Lumen\\Application->callLumenController(Object(App\\Http\\Controllers\\NotificationController), 'index', Array)
#15 /app/vendor/laravel/lumen-framework/src/Concerns/RoutesRequests.php(284): Laravel\\Lumen\\Application->callControllerAction(Array)
#16 /app/vendor/laravel/lumen-framework/src/Concerns/RoutesRequests.php(264): Laravel\\Lumen\\Application->callActionOnArrayBasedRoute(Array)
#17 /app/vendor/laravel/lumen-framework/src/Routing/Pipeline.php(48): Laravel\\Lumen\\Application->Laravel\\Lumen\\Concerns\\{closure}(Object(Laravel\\Lumen\\Http\\Request))
#18 /app/app/Http/Middleware/Authenticate.php(35): Laravel\\Lumen\\Routing\\Pipeline->Laravel\\Lumen\\Routing\\{closure}(Object(Laravel\\Lumen\\Http\\Request))
#19 /app/vendor/illuminate/pipeline/Pipeline.php(183): App\\Http\\Middleware\\Authenticate->handle(Object(Laravel\\Lumen\\Http\\Request), Object(Closure))
#20 /app/vendor/laravel/lumen-framework/src/Routing/Pipeline.php(30): Illuminate\\Pipeline\\Pipeline->Illuminate\\Pipeline\\{closure}(Object(Laravel\\Lumen\\Http\\Request))
#21 /app/vendor/illuminate/pipeline/Pipeline.php(119): Laravel\\Lumen\\Routing\\Pipeline->Laravel\\Lumen\\Routing\\{closure}(Object(Laravel\\Lumen\\Http\\Request))
#22 /app/vendor/laravel/lumen-framework/src/Concerns/RoutesRequests.php(428): Illuminate\\Pipeline\\Pipeline->then(Object(Closure))
#23 /app/vendor/laravel/lumen-framework/src/Concerns/RoutesRequests.php(263): Laravel\\Lumen\\Application->sendThroughPipeline(Array, Object(Closure))
#24 /app/vendor/laravel/lumen-framework/src/Concerns/RoutesRequests.php(171): Laravel\\Lumen\\Application->handleFoundRoute(Array)
#25 /app/vendor/laravel/lumen-framework/src/Routing/Pipeline.php(48): Laravel\\Lumen\\Application->Laravel\\Lumen\\Concerns\\{closure}(Object(Laravel\\Lumen\\Http\\Request))
#26 /app/app/Http/Middleware/CorsMiddleware.php(12): Laravel\\Lumen\\Routing\\Pipeline->Laravel\\Lumen\\Routing\\{closure}(Object(Laravel\\Lumen\\Http\\Request))
#27 /app/vendor/illuminate/pipeline/Pipeline.php(183): App\\Http\\Middleware\\CorsMiddleware->handle(Object(Laravel\\Lumen\\Http\\Request), Object(Closure))
#28 /app/vendor/laravel/lumen-framework/src/Routing/Pipeline.php(30): Illuminate\\Pipeline\\Pipeline->Illuminate\\Pipeline\\{closure}(Object(Laravel\\Lumen\\Http\\Request))
#29 /app/vendor/illuminate/pipeline/Pipeline.php(119): Laravel\\Lumen\\Routing\\Pipeline->Laravel\\Lumen\\Routing\\{closure}(Object(Laravel\\Lumen\\Http\\Request))
#30 /app/vendor/laravel/lumen-framework/src/Concerns/RoutesRequests.php(428): Illuminate\\Pipeline\\Pipeline->then(Object(Closure))
#31 /app/vendor/laravel/lumen-framework/src/Concerns/RoutesRequests.php(167): Laravel\\Lumen\\Application->sendThroughPipeline(Array, Object(Closure))
#32 /app/vendor/laravel/lumen-framework/src/Concerns/RoutesRequests.php(112): Laravel\\Lumen\\Application->dispatch(NULL)
#33 /app/public/index.php(5): Laravel\\Lumen\\Application->run()
#34 {main}
"} 
[2026-04-27 00:51:10] local.ERROR: SQLSTATE[42P01]: Undefined table: 7 ERROR:  relation "notifications" does not exist
LINE 2:              FROM notifications
                          ^ (Connection: pgsql, SQL: SELECT id, type, data, read_at, created_at
             FROM notifications
             WHERE notifiable_type = App\Models\User AND notifiable_id = 00000000-0000-0000-0000-000000000099::uuid
             ORDER BY read_at IS NOT NULL, created_at DESC
             LIMIT 50) {"exception":"[object] (Illuminate\\Database\\QueryException(code: 42P01): SQLSTATE[42P01]: Undefined table: 7 ERROR:  relation \"notifications\" does not exist
LINE 2:              FROM notifications
                          ^ (Connection: pgsql, SQL: SELECT id, type, data, read_at, created_at
             FROM notifications
             WHERE notifiable_type = App\\Models\\User AND notifiable_id = 00000000-0000-0000-0000-000000000099::uuid
             ORDER BY read_at IS NOT NULL, created_at DESC
             LIMIT 50) at /app/vendor/illuminate/database/Connection.php:829)
[stacktrace]
#0 /app/vendor/illuminate/database/Connection.php(783): Illuminate\\Database\\Connection->runQueryCallback('SELECT id, type...', Array, Object(Closure))
#1 /app/vendor/illuminate/database/Connection.php(414): Illuminate\\Database\\Connection->run('SELECT id, type...', Array, Object(Closure))
#2 /app/vendor/illuminate/database/DatabaseManager.php(509): Illuminate\\Database\\Connection->select('SELECT id, type...', Array)
#3 /app/vendor/illuminate/support/Facades/Facade.php(355): Illuminate\\Database\\DatabaseManager->__call('select', Array)
#4 /app/app/Http/Controllers/NotificationController.php(17): Illuminate\\Support\\Facades\\Facade::__callStatic('select', Array)
#5 /app/vendor/illuminate/container/BoundMethod.php(36): App\\Http\\Controllers\\NotificationController->index(Object(Laravel\\Lumen\\Http\\Request))
#6 /app/vendor/illuminate/container/Util.php(41): Illuminate\\Container\\BoundMethod::Illuminate\\Container\\{closure}()
#7 /app/vendor/illuminate/container/BoundMethod.php(93): Illuminate\\Container\\Util::unwrapIfClosure(Object(Closure))
#8 /app/vendor/illuminate/container/BoundMethod.php(35): Illuminate\\Container\\BoundMethod::callBoundMethod(Object(Laravel\\Lumen\\Application), Array, Object(Closure))
#9 /app/vendor/illuminate/container/Container.php(662): Illuminate\\Container\\BoundMethod::call(Object(Laravel\\Lumen\\Application), Array, Array, NULL)
#10 /app/vendor/laravel/lumen-framework/src/Concerns/RoutesRequests.php(391): Illuminate\\Container\\Container->call(Array, Array)
#11 /app/vendor/laravel/lumen-framework/src/Concerns/RoutesRequests.php(356): Laravel\\Lumen\\Application->callControllerCallable(Array, Array)
#12 /app/vendor/laravel/lumen-framework/src/Concerns/RoutesRequests.php(331): Laravel\\Lumen\\Application->callLumenController(Object(App\\Http\\Controllers\\NotificationController), 'index', Array)
#13 /app/vendor/laravel/lumen-framework/src/Concerns/RoutesRequests.php(284): Laravel\\Lumen\\Application->callControllerAction(Array)
#14 /app/vendor/laravel/lumen-framework/src/Concerns/RoutesRequests.php(264): Laravel\\Lumen\\Application->callActionOnArrayBasedRoute(Array)
#15 /app/vendor/laravel/lumen-framework/src/Routing/Pipeline.php(48): Laravel\\Lumen\\Application->Laravel\\Lumen\\Concerns\\{closure}(Object(Laravel\\Lumen\\Http\\Request))
#16 /app/app/Http/Middleware/Authenticate.php(35): Laravel\\Lumen\\Routing\\Pipeline->Laravel\\Lumen\\Routing\\{closure}(Object(Laravel\\Lumen\\Http\\Request))
#17 /app/vendor/illuminate/pipeline/Pipeline.php(183): App\\Http\\Middleware\\Authenticate->handle(Object(Laravel\\Lumen\\Http\\Request), Object(Closure))
#18 /app/vendor/laravel/lumen-framework/src/Routing/Pipeline.php(30): Illuminate\\Pipeline\\Pipeline->Illuminate\\Pipeline\\{closure}(Object(Laravel\\Lumen\\Http\\Request))
#19 /app/vendor/illuminate/pipeline/Pipeline.php(119): Laravel\\Lumen\\Routing\\Pipeline->Laravel\\Lumen\\Routing\\{closure}(Object(Laravel\\Lumen\\Http\\Request))
#20 /app/vendor/laravel/lumen-framework/src/Concerns/RoutesRequests.php(428): Illuminate\\Pipeline\\Pipeline->then(Object(Closure))
#21 /app/vendor/laravel/lumen-framework/src/Concerns/RoutesRequests.php(263): Laravel\\Lumen\\Application->sendThroughPipeline(Array, Object(Closure))
#22 /app/vendor/laravel/lumen-framework/src/Concerns/RoutesRequests.php(171): Laravel\\Lumen\\Application->handleFoundRoute(Array)
#23 /app/vendor/laravel/lumen-framework/src/Routing/Pipeline.php(48): Laravel\\Lumen\\Application->Laravel\\Lumen\\Concerns\\{closure}(Object(Laravel\\Lumen\\Http\\Request))
#24 /app/app/Http/Middleware/CorsMiddleware.php(12): Laravel\\Lumen\\Routing\\Pipeline->Laravel\\Lumen\\Routing\\{closure}(Object(Laravel\\Lumen\\Http\\Request))
#25 /app/vendor/illuminate/pipeline/Pipeline.php(183): App\\Http\\Middleware\\CorsMiddleware->handle(Object(Laravel\\Lumen\\Http\\Request), Object(Closure))
#26 /app/vendor/laravel/lumen-framework/src/Routing/Pipeline.php(30): Illuminate\\Pipeline\\Pipeline->Illuminate\\Pipeline\\{closure}(Object(Laravel\\Lumen\\Http\\Request))
#27 /app/vendor/illuminate/pipeline/Pipeline.php(119): Laravel\\Lumen\\Routing\\Pipeline->Laravel\\Lumen\\Routing\\{closure}(Object(Laravel\\Lumen\\Http\\Request))
#28 /app/vendor/laravel/lumen-framework/src/Concerns/RoutesRequests.php(428): Illuminate\\Pipeline\\Pipeline->then(Object(Closure))
#29 /app/vendor/laravel/lumen-framework/src/Concerns/RoutesRequests.php(167): Laravel\\Lumen\\Application->sendThroughPipeline(Array, Object(Closure))
#30 /app/vendor/laravel/lumen-framework/src/Concerns/RoutesRequests.php(112): Laravel\\Lumen\\Application->dispatch(NULL)
#31 /app/public/index.php(5): Laravel\\Lumen\\Application->run()
#32 {main}

[previous exception] [object] (PDOException(code: 42P01): SQLSTATE[42P01]: Undefined table: 7 ERROR:  relation \"notifications\" does not exist
LINE 2:              FROM notifications
                          ^ at /app/vendor/illuminate/database/Connection.php:428)
[stacktrace]
#0 /app/vendor/illuminate/database/Connection.php(428): PDOStatement->execute()
#1 /app/vendor/illuminate/database/Connection.php(816): Illuminate\\Database\\Connection->Illuminate\\Database\\{closure}('SELECT id, type...', Array)
#2 /app/vendor/illuminate/database/Connection.php(783): Illuminate\\Database\\Connection->runQueryCallback('SELECT id, type...', Array, Object(Closure))
#3 /app/vendor/illuminate/database/Connection.php(414): Illuminate\\Database\\Connection->run('SELECT id, type...', Array, Object(Closure))
#4 /app/vendor/illuminate/database/DatabaseManager.php(509): Illuminate\\Database\\Connection->select('SELECT id, type...', Array)
#5 /app/vendor/illuminate/support/Facades/Facade.php(355): Illuminate\\Database\\DatabaseManager->__call('select', Array)
#6 /app/app/Http/Controllers/NotificationController.php(17): Illuminate\\Support\\Facades\\Facade::__callStatic('select', Array)
#7 /app/vendor/illuminate/container/BoundMethod.php(36): App\\Http\\Controllers\\NotificationController->index(Object(Laravel\\Lumen\\Http\\Request))
#8 /app/vendor/illuminate/container/Util.php(41): Illuminate\\Container\\BoundMethod::Illuminate\\Container\\{closure}()
#9 /app/vendor/illuminate/container/BoundMethod.php(93): Illuminate\\Container\\Util::unwrapIfClosure(Object(Closure))
#10 /app/vendor/illuminate/container/BoundMethod.php(35): Illuminate\\Container\\BoundMethod::callBoundMethod(Object(Laravel\\Lumen\\Application), Array, Object(Closure))
#11 /app/vendor/illuminate/container/Container.php(662): Illuminate\\Container\\BoundMethod::call(Object(Laravel\\Lumen\\Application), Array, Array, NULL)
#12 /app/vendor/laravel/lumen-framework/src/Concerns/RoutesRequests.php(391): Illuminate\\Container\\Container->call(Array, Array)
#13 /app/vendor/laravel/lumen-framework/src/Concerns/RoutesRequests.php(356): Laravel\\Lumen\\Application->callControllerCallable(Array, Array)
#14 /app/vendor/laravel/lumen-framework/src/Concerns/RoutesRequests.php(331): Laravel\\Lumen\\Application->callLumenController(Object(App\\Http\\Controllers\\NotificationController), 'index', Array)
#15 /app/vendor/laravel/lumen-framework/src/Concerns/RoutesRequests.php(284): Laravel\\Lumen\\Application->callControllerAction(Array)
#16 /app/vendor/laravel/lumen-framework/src/Concerns/RoutesRequests.php(264): Laravel\\Lumen\\Application->callActionOnArrayBasedRoute(Array)
#17 /app/vendor/laravel/lumen-framework/src/Routing/Pipeline.php(48): Laravel\\Lumen\\Application->Laravel\\Lumen\\Concerns\\{closure}(Object(Laravel\\Lumen\\Http\\Request))
#18 /app/app/Http/Middleware/Authenticate.php(35): Laravel\\Lumen\\Routing\\Pipeline->Laravel\\Lumen\\Routing\\{closure}(Object(Laravel\\Lumen\\Http\\Request))
#19 /app/vendor/illuminate/pipeline/Pipeline.php(183): App\\Http\\Middleware\\Authenticate->handle(Object(Laravel\\Lumen\\Http\\Request), Object(Closure))
#20 /app/vendor/laravel/lumen-framework/src/Routing/Pipeline.php(30): Illuminate\\Pipeline\\Pipeline->Illuminate\\Pipeline\\{closure}(Object(Laravel\\Lumen\\Http\\Request))
#21 /app/vendor/illuminate/pipeline/Pipeline.php(119): Laravel\\Lumen\\Routing\\Pipeline->Laravel\\Lumen\\Routing\\{closure}(Object(Laravel\\Lumen\\Http\\Request))
#22 /app/vendor/laravel/lumen-framework/src/Concerns/RoutesRequests.php(428): Illuminate\\Pipeline\\Pipeline->then(Object(Closure))
#23 /app/vendor/laravel/lumen-framework/src/Concerns/RoutesRequests.php(263): Laravel\\Lumen\\Application->sendThroughPipeline(Array, Object(Closure))
#24 /app/vendor/laravel/lumen-framework/src/Concerns/RoutesRequests.php(171): Laravel\\Lumen\\Application->handleFoundRoute(Array)
#25 /app/vendor/laravel/lumen-framework/src/Routing/Pipeline.php(48): Laravel\\Lumen\\Application->Laravel\\Lumen\\Concerns\\{closure}(Object(Laravel\\Lumen\\Http\\Request))
#26 /app/app/Http/Middleware/CorsMiddleware.php(12): Laravel\\Lumen\\Routing\\Pipeline->Laravel\\Lumen\\Routing\\{closure}(Object(Laravel\\Lumen\\Http\\Request))
#27 /app/vendor/illuminate/pipeline/Pipeline.php(183): App\\Http\\Middleware\\CorsMiddleware->handle(Object(Laravel\\Lumen\\Http\\Request), Object(Closure))
#28 /app/vendor/laravel/lumen-framework/src/Routing/Pipeline.php(30): Illuminate\\Pipeline\\Pipeline->Illuminate\\Pipeline\\{closure}(Object(Laravel\\Lumen\\Http\\Request))
#29 /app/vendor/illuminate/pipeline/Pipeline.php(119): Laravel\\Lumen\\Routing\\Pipeline->Laravel\\Lumen\\Routing\\{closure}(Object(Laravel\\Lumen\\Http\\Request))
#30 /app/vendor/laravel/lumen-framework/src/Concerns/RoutesRequests.php(428): Illuminate\\Pipeline\\Pipeline->then(Object(Closure))
#31 /app/vendor/laravel/lumen-framework/src/Concerns/RoutesRequests.php(167): Laravel\\Lumen\\Application->sendThroughPipeline(Array, Object(Closure))
#32 /app/vendor/laravel/lumen-framework/src/Concerns/RoutesRequests.php(112): Laravel\\Lumen\\Application->dispatch(NULL)
#33 /app/public/index.php(5): Laravel\\Lumen\\Application->run()
#34 {main}
"} 
[2026-04-27 00:51:19] local.ERROR: SQLSTATE[42P01]: Undefined table: 7 ERROR:  relation "notifications" does not exist
LINE 2:              FROM notifications
                          ^ (Connection: pgsql, SQL: SELECT id, type, data, read_at, created_at
             FROM notifications
             WHERE notifiable_type = App\Models\User AND notifiable_id = 00000000-0000-0000-0000-000000000002::uuid
             ORDER BY read_at IS NOT NULL, created_at DESC
             LIMIT 50) {"exception":"[object] (Illuminate\\Database\\QueryException(code: 42P01): SQLSTATE[42P01]: Undefined table: 7 ERROR:  relation \"notifications\" does not exist
LINE 2:              FROM notifications
                          ^ (Connection: pgsql, SQL: SELECT id, type, data, read_at, created_at
             FROM notifications
             WHERE notifiable_type = App\\Models\\User AND notifiable_id = 00000000-0000-0000-0000-000000000002::uuid
             ORDER BY read_at IS NOT NULL, created_at DESC
             LIMIT 50) at /app/vendor/illuminate/database/Connection.php:829)
[stacktrace]
#0 /app/vendor/illuminate/database/Connection.php(783): Illuminate\\Database\\Connection->runQueryCallback('SELECT id, type...', Array, Object(Closure))
#1 /app/vendor/illuminate/database/Connection.php(414): Illuminate\\Database\\Connection->run('SELECT id, type...', Array, Object(Closure))
#2 /app/vendor/illuminate/database/DatabaseManager.php(509): Illuminate\\Database\\Connection->select('SELECT id, type...', Array)
#3 /app/vendor/illuminate/support/Facades/Facade.php(355): Illuminate\\Database\\DatabaseManager->__call('select', Array)
#4 /app/app/Http/Controllers/NotificationController.php(17): Illuminate\\Support\\Facades\\Facade::__callStatic('select', Array)
#5 /app/vendor/illuminate/container/BoundMethod.php(36): App\\Http\\Controllers\\NotificationController->index(Object(Laravel\\Lumen\\Http\\Request))
#6 /app/vendor/illuminate/container/Util.php(41): Illuminate\\Container\\BoundMethod::Illuminate\\Container\\{closure}()
#7 /app/vendor/illuminate/container/BoundMethod.php(93): Illuminate\\Container\\Util::unwrapIfClosure(Object(Closure))
#8 /app/vendor/illuminate/container/BoundMethod.php(35): Illuminate\\Container\\BoundMethod::callBoundMethod(Object(Laravel\\Lumen\\Application), Array, Object(Closure))
#9 /app/vendor/illuminate/container/Container.php(662): Illuminate\\Container\\BoundMethod::call(Object(Laravel\\Lumen\\Application), Array, Array, NULL)
#10 /app/vendor/laravel/lumen-framework/src/Concerns/RoutesRequests.php(391): Illuminate\\Container\\Container->call(Array, Array)
#11 /app/vendor/laravel/lumen-framework/src/Concerns/RoutesRequests.php(356): Laravel\\Lumen\\Application->callControllerCallable(Array, Array)
#12 /app/vendor/laravel/lumen-framework/src/Concerns/RoutesRequests.php(331): Laravel\\Lumen\\Application->callLumenController(Object(App\\Http\\Controllers\\NotificationController), 'index', Array)
#13 /app/vendor/laravel/lumen-framework/src/Concerns/RoutesRequests.php(284): Laravel\\Lumen\\Application->callControllerAction(Array)
#14 /app/vendor/laravel/lumen-framework/src/Concerns/RoutesRequests.php(264): Laravel\\Lumen\\Application->callActionOnArrayBasedRoute(Array)
#15 /app/vendor/laravel/lumen-framework/src/Routing/Pipeline.php(48): Laravel\\Lumen\\Application->Laravel\\Lumen\\Concerns\\{closure}(Object(Laravel\\Lumen\\Http\\Request))
#16 /app/app/Http/Middleware/Authenticate.php(35): Laravel\\Lumen\\Routing\\Pipeline->Laravel\\Lumen\\Routing\\{closure}(Object(Laravel\\Lumen\\Http\\Request))
#17 /app/vendor/illuminate/pipeline/Pipeline.php(183): App\\Http\\Middleware\\Authenticate->handle(Object(Laravel\\Lumen\\Http\\Request), Object(Closure))
#18 /app/vendor/laravel/lumen-framework/src/Routing/Pipeline.php(30): Illuminate\\Pipeline\\Pipeline->Illuminate\\Pipeline\\{closure}(Object(Laravel\\Lumen\\Http\\Request))
#19 /app/vendor/illuminate/pipeline/Pipeline.php(119): Laravel\\Lumen\\Routing\\Pipeline->Laravel\\Lumen\\Routing\\{closure}(Object(Laravel\\Lumen\\Http\\Request))
#20 /app/vendor/laravel/lumen-framework/src/Concerns/RoutesRequests.php(428): Illuminate\\Pipeline\\Pipeline->then(Object(Closure))
#21 /app/vendor/laravel/lumen-framework/src/Concerns/RoutesRequests.php(263): Laravel\\Lumen\\Application->sendThroughPipeline(Array, Object(Closure))
#22 /app/vendor/laravel/lumen-framework/src/Concerns/RoutesRequests.php(171): Laravel\\Lumen\\Application->handleFoundRoute(Array)
#23 /app/vendor/laravel/lumen-framework/src/Routing/Pipeline.php(48): Laravel\\Lumen\\Application->Laravel\\Lumen\\Concerns\\{closure}(Object(Laravel\\Lumen\\Http\\Request))
#24 /app/app/Http/Middleware/CorsMiddleware.php(12): Laravel\\Lumen\\Routing\\Pipeline->Laravel\\Lumen\\Routing\\{closure}(Object(Laravel\\Lumen\\Http\\Request))
#25 /app/vendor/illuminate/pipeline/Pipeline.php(183): App\\Http\\Middleware\\CorsMiddleware->handle(Object(Laravel\\Lumen\\Http\\Request), Object(Closure))
#26 /app/vendor/laravel/lumen-framework/src/Routing/Pipeline.php(30): Illuminate\\Pipeline\\Pipeline->Illuminate\\Pipeline\\{closure}(Object(Laravel\\Lumen\\Http\\Request))
#27 /app/vendor/illuminate/pipeline/Pipeline.php(119): Laravel\\Lumen\\Routing\\Pipeline->Laravel\\Lumen\\Routing\\{closure}(Object(Laravel\\Lumen\\Http\\Request))
#28 /app/vendor/laravel/lumen-framework/src/Concerns/RoutesRequests.php(428): Illuminate\\Pipeline\\Pipeline->then(Object(Closure))
#29 /app/vendor/laravel/lumen-framework/src/Concerns/RoutesRequests.php(167): Laravel\\Lumen\\Application->sendThroughPipeline(Array, Object(Closure))
#30 /app/vendor/laravel/lumen-framework/src/Concerns/RoutesRequests.php(112): Laravel\\Lumen\\Application->dispatch(NULL)
#31 /app/public/index.php(5): Laravel\\Lumen\\Application->run()
#32 {main}

[previous exception] [object] (PDOException(code: 42P01): SQLSTATE[42P01]: Undefined table: 7 ERROR:  relation \"notifications\" does not exist
LINE 2:              FROM notifications
                          ^ at /app/vendor/illuminate/database/Connection.php:428)
[stacktrace]
#0 /app/vendor/illuminate/database/Connection.php(428): PDOStatement->execute()
#1 /app/vendor/illuminate/database/Connection.php(816): Illuminate\\Database\\Connection->Illuminate\\Database\\{closure}('SELECT id, type...', Array)
#2 /app/vendor/illuminate/database/Connection.php(783): Illuminate\\Database\\Connection->runQueryCallback('SELECT id, type...', Array, Object(Closure))
#3 /app/vendor/illuminate/database/Connection.php(414): Illuminate\\Database\\Connection->run('SELECT id, type...', Array, Object(Closure))
#4 /app/vendor/illuminate/database/DatabaseManager.php(509): Illuminate\\Database\\Connection->select('SELECT id, type...', Array)
#5 /app/vendor/illuminate/support/Facades/Facade.php(355): Illuminate\\Database\\DatabaseManager->__call('select', Array)
#6 /app/app/Http/Controllers/NotificationController.php(17): Illuminate\\Support\\Facades\\Facade::__callStatic('select', Array)
#7 /app/vendor/illuminate/container/BoundMethod.php(36): App\\Http\\Controllers\\NotificationController->index(Object(Laravel\\Lumen\\Http\\Request))
#8 /app/vendor/illuminate/container/Util.php(41): Illuminate\\Container\\BoundMethod::Illuminate\\Container\\{closure}()
#9 /app/vendor/illuminate/container/BoundMethod.php(93): Illuminate\\Container\\Util::unwrapIfClosure(Object(Closure))
#10 /app/vendor/illuminate/container/BoundMethod.php(35): Illuminate\\Container\\BoundMethod::callBoundMethod(Object(Laravel\\Lumen\\Application), Array, Object(Closure))
#11 /app/vendor/illuminate/container/Container.php(662): Illuminate\\Container\\BoundMethod::call(Object(Laravel\\Lumen\\Application), Array, Array, NULL)
#12 /app/vendor/laravel/lumen-framework/src/Concerns/RoutesRequests.php(391): Illuminate\\Container\\Container->call(Array, Array)
#13 /app/vendor/laravel/lumen-framework/src/Concerns/RoutesRequests.php(356): Laravel\\Lumen\\Application->callControllerCallable(Array, Array)
#14 /app/vendor/laravel/lumen-framework/src/Concerns/RoutesRequests.php(331): Laravel\\Lumen\\Application->callLumenController(Object(App\\Http\\Controllers\\NotificationController), 'index', Array)
#15 /app/vendor/laravel/lumen-framework/src/Concerns/RoutesRequests.php(284): Laravel\\Lumen\\Application->callControllerAction(Array)
#16 /app/vendor/laravel/lumen-framework/src/Concerns/RoutesRequests.php(264): Laravel\\Lumen\\Application->callActionOnArrayBasedRoute(Array)
#17 /app/vendor/laravel/lumen-framework/src/Routing/Pipeline.php(48): Laravel\\Lumen\\Application->Laravel\\Lumen\\Concerns\\{closure}(Object(Laravel\\Lumen\\Http\\Request))
#18 /app/app/Http/Middleware/Authenticate.php(35): Laravel\\Lumen\\Routing\\Pipeline->Laravel\\Lumen\\Routing\\{closure}(Object(Laravel\\Lumen\\Http\\Request))
#19 /app/vendor/illuminate/pipeline/Pipeline.php(183): App\\Http\\Middleware\\Authenticate->handle(Object(Laravel\\Lumen\\Http\\Request), Object(Closure))
#20 /app/vendor/laravel/lumen-framework/src/Routing/Pipeline.php(30): Illuminate\\Pipeline\\Pipeline->Illuminate\\Pipeline\\{closure}(Object(Laravel\\Lumen\\Http\\Request))
#21 /app/vendor/illuminate/pipeline/Pipeline.php(119): Laravel\\Lumen\\Routing\\Pipeline->Laravel\\Lumen\\Routing\\{closure}(Object(Laravel\\Lumen\\Http\\Request))
#22 /app/vendor/laravel/lumen-framework/src/Concerns/RoutesRequests.php(428): Illuminate\\Pipeline\\Pipeline->then(Object(Closure))
#23 /app/vendor/laravel/lumen-framework/src/Concerns/RoutesRequests.php(263): Laravel\\Lumen\\Application->sendThroughPipeline(Array, Object(Closure))
#24 /app/vendor/laravel/lumen-framework/src/Concerns/RoutesRequests.php(171): Laravel\\Lumen\\Application->handleFoundRoute(Array)
#25 /app/vendor/laravel/lumen-framework/src/Routing/Pipeline.php(48): Laravel\\Lumen\\Application->Laravel\\Lumen\\Concerns\\{closure}(Object(Laravel\\Lumen\\Http\\Request))
#26 /app/app/Http/Middleware/CorsMiddleware.php(12): Laravel\\Lumen\\Routing\\Pipeline->Laravel\\Lumen\\Routing\\{closure}(Object(Laravel\\Lumen\\Http\\Request))
#27 /app/vendor/illuminate/pipeline/Pipeline.php(183): App\\Http\\Middleware\\CorsMiddleware->handle(Object(Laravel\\Lumen\\Http\\Request), Object(Closure))
#28 /app/vendor/laravel/lumen-framework/src/Routing/Pipeline.php(30): Illuminate\\Pipeline\\Pipeline->Illuminate\\Pipeline\\{closure}(Object(Laravel\\Lumen\\Http\\Request))
#29 /app/vendor/illuminate/pipeline/Pipeline.php(119): Laravel\\Lumen\\Routing\\Pipeline->Laravel\\Lumen\\Routing\\{closure}(Object(Laravel\\Lumen\\Http\\Request))
#30 /app/vendor/laravel/lumen-framework/src/Concerns/RoutesRequests.php(428): Illuminate\\Pipeline\\Pipeline->then(Object(Closure))
#31 /app/vendor/laravel/lumen-framework/src/Concerns/RoutesRequests.php(167): Laravel\\Lumen\\Application->sendThroughPipeline(Array, Object(Closure))
#32 /app/vendor/laravel/lumen-framework/src/Concerns/RoutesRequests.php(112): Laravel\\Lumen\\Application->dispatch(NULL)
#33 /app/public/index.php(5): Laravel\\Lumen\\Application->run()
#34 {main}
"} 
[2026-04-27 00:51:39] local.ERROR: SQLSTATE[42P01]: Undefined table: 7 ERROR:  relation "notifications" does not exist
LINE 2:              FROM notifications
                          ^ (Connection: pgsql, SQL: SELECT id, type, data, read_at, created_at
             FROM notifications
             WHERE notifiable_type = App\Models\User AND notifiable_id = 00000000-0000-0000-0000-000000000099::uuid
             ORDER BY read_at IS NOT NULL, created_at DESC
             LIMIT 50) {"exception":"[object] (Illuminate\\Database\\QueryException(code: 42P01): SQLSTATE[42P01]: Undefined table: 7 ERROR:  relation \"notifications\" does not exist
LINE 2:              FROM notifications
                          ^ (Connection: pgsql, SQL: SELECT id, type, data, read_at, created_at
             FROM notifications
             WHERE notifiable_type = App\\Models\\User AND notifiable_id = 00000000-0000-0000-0000-000000000099::uuid
             ORDER BY read_at IS NOT NULL, created_at DESC
             LIMIT 50) at /app/vendor/illuminate/database/Connection.php:829)
[stacktrace]
#0 /app/vendor/illuminate/database/Connection.php(783): Illuminate\\Database\\Connection->runQueryCallback('SELECT id, type...', Array, Object(Closure))
#1 /app/vendor/illuminate/database/Connection.php(414): Illuminate\\Database\\Connection->run('SELECT id, type...', Array, Object(Closure))
#2 /app/vendor/illuminate/database/DatabaseManager.php(509): Illuminate\\Database\\Connection->select('SELECT id, type...', Array)
#3 /app/vendor/illuminate/support/Facades/Facade.php(355): Illuminate\\Database\\DatabaseManager->__call('select', Array)
#4 /app/app/Http/Controllers/NotificationController.php(17): Illuminate\\Support\\Facades\\Facade::__callStatic('select', Array)
#5 /app/vendor/illuminate/container/BoundMethod.php(36): App\\Http\\Controllers\\NotificationController->index(Object(Laravel\\Lumen\\Http\\Request))
#6 /app/vendor/illuminate/container/Util.php(41): Illuminate\\Container\\BoundMethod::Illuminate\\Container\\{closure}()
#7 /app/vendor/illuminate/container/BoundMethod.php(93): Illuminate\\Container\\Util::unwrapIfClosure(Object(Closure))
#8 /app/vendor/illuminate/container/BoundMethod.php(35): Illuminate\\Container\\BoundMethod::callBoundMethod(Object(Laravel\\Lumen\\Application), Array, Object(Closure))
#9 /app/vendor/illuminate/container/Container.php(662): Illuminate\\Container\\BoundMethod::call(Object(Laravel\\Lumen\\Application), Array, Array, NULL)
#10 /app/vendor/laravel/lumen-framework/src/Concerns/RoutesRequests.php(391): Illuminate\\Container\\Container->call(Array, Array)
#11 /app/vendor/laravel/lumen-framework/src/Concerns/RoutesRequests.php(356): Laravel\\Lumen\\Application->callControllerCallable(Array, Array)
#12 /app/vendor/laravel/lumen-framework/src/Concerns/RoutesRequests.php(331): Laravel\\Lumen\\Application->callLumenController(Object(App\\Http\\Controllers\\NotificationController), 'index', Array)
#13 /app/vendor/laravel/lumen-framework/src/Concerns/RoutesRequests.php(284): Laravel\\Lumen\\Application->callControllerAction(Array)
#14 /app/vendor/laravel/lumen-framework/src/Concerns/RoutesRequests.php(264): Laravel\\Lumen\\Application->callActionOnArrayBasedRoute(Array)
#15 /app/vendor/laravel/lumen-framework/src/Routing/Pipeline.php(48): Laravel\\Lumen\\Application->Laravel\\Lumen\\Concerns\\{closure}(Object(Laravel\\Lumen\\Http\\Request))
#16 /app/app/Http/Middleware/Authenticate.php(35): Laravel\\Lumen\\Routing\\Pipeline->Laravel\\Lumen\\Routing\\{closure}(Object(Laravel\\Lumen\\Http\\Request))
#17 /app/vendor/illuminate/pipeline/Pipeline.php(183): App\\Http\\Middleware\\Authenticate->handle(Object(Laravel\\Lumen\\Http\\Request), Object(Closure))
#18 /app/vendor/laravel/lumen-framework/src/Routing/Pipeline.php(30): Illuminate\\Pipeline\\Pipeline->Illuminate\\Pipeline\\{closure}(Object(Laravel\\Lumen\\Http\\Request))
#19 /app/vendor/illuminate/pipeline/Pipeline.php(119): Laravel\\Lumen\\Routing\\Pipeline->Laravel\\Lumen\\Routing\\{closure}(Object(Laravel\\Lumen\\Http\\Request))
#20 /app/vendor/laravel/lumen-framework/src/Concerns/RoutesRequests.php(428): Illuminate\\Pipeline\\Pipeline->then(Object(Closure))
#21 /app/vendor/laravel/lumen-framework/src/Concerns/RoutesRequests.php(263): Laravel\\Lumen\\Application->sendThroughPipeline(Array, Object(Closure))
#22 /app/vendor/laravel/lumen-framework/src/Concerns/RoutesRequests.php(171): Laravel\\Lumen\\Application->handleFoundRoute(Array)
#23 /app/vendor/laravel/lumen-framework/src/Routing/Pipeline.php(48): Laravel\\Lumen\\Application->Laravel\\Lumen\\Concerns\\{closure}(Object(Laravel\\Lumen\\Http\\Request))
#24 /app/app/Http/Middleware/CorsMiddleware.php(12): Laravel\\Lumen\\Routing\\Pipeline->Laravel\\Lumen\\Routing\\{closure}(Object(Laravel\\Lumen\\Http\\Request))
#25 /app/vendor/illuminate/pipeline/Pipeline.php(183): App\\Http\\Middleware\\CorsMiddleware->handle(Object(Laravel\\Lumen\\Http\\Request), Object(Closure))
#26 /app/vendor/laravel/lumen-framework/src/Routing/Pipeline.php(30): Illuminate\\Pipeline\\Pipeline->Illuminate\\Pipeline\\{closure}(Object(Laravel\\Lumen\\Http\\Request))
#27 /app/vendor/illuminate/pipeline/Pipeline.php(119): Laravel\\Lumen\\Routing\\Pipeline->Laravel\\Lumen\\Routing\\{closure}(Object(Laravel\\Lumen\\Http\\Request))
#28 /app/vendor/laravel/lumen-framework/src/Concerns/RoutesRequests.php(428): Illuminate\\Pipeline\\Pipeline->then(Object(Closure))
#29 /app/vendor/laravel/lumen-framework/src/Concerns/RoutesRequests.php(167): Laravel\\Lumen\\Application->sendThroughPipeline(Array, Object(Closure))
#30 /app/vendor/laravel/lumen-framework/src/Concerns/RoutesRequests.php(112): Laravel\\Lumen\\Application->dispatch(NULL)
#31 /app/public/index.php(5): Laravel\\Lumen\\Application->run()
#32 {main}

[previous exception] [object] (PDOException(code: 42P01): SQLSTATE[42P01]: Undefined table: 7 ERROR:  relation \"notifications\" does not exist
LINE 2:              FROM notifications
                          ^ at /app/vendor/illuminate/database/Connection.php:428)
[stacktrace]
#0 /app/vendor/illuminate/database/Connection.php(428): PDOStatement->execute()
#1 /app/vendor/illuminate/database/Connection.php(816): Illuminate\\Database\\Connection->Illuminate\\Database\\{closure}('SELECT id, type...', Array)
#2 /app/vendor/illuminate/database/Connection.php(783): Illuminate\\Database\\Connection->runQueryCallback('SELECT id, type...', Array, Object(Closure))
#3 /app/vendor/illuminate/database/Connection.php(414): Illuminate\\Database\\Connection->run('SELECT id, type...', Array, Object(Closure))
#4 /app/vendor/illuminate/database/DatabaseManager.php(509): Illuminate\\Database\\Connection->select('SELECT id, type...', Array)
#5 /app/vendor/illuminate/support/Facades/Facade.php(355): Illuminate\\Database\\DatabaseManager->__call('select', Array)
#6 /app/app/Http/Controllers/NotificationController.php(17): Illuminate\\Support\\Facades\\Facade::__callStatic('select', Array)
#7 /app/vendor/illuminate/container/BoundMethod.php(36): App\\Http\\Controllers\\NotificationController->index(Object(Laravel\\Lumen\\Http\\Request))
#8 /app/vendor/illuminate/container/Util.php(41): Illuminate\\Container\\BoundMethod::Illuminate\\Container\\{closure}()
#9 /app/vendor/illuminate/container/BoundMethod.php(93): Illuminate\\Container\\Util::unwrapIfClosure(Object(Closure))
#10 /app/vendor/illuminate/container/BoundMethod.php(35): Illuminate\\Container\\BoundMethod::callBoundMethod(Object(Laravel\\Lumen\\Application), Array, Object(Closure))
#11 /app/vendor/illuminate/container/Container.php(662): Illuminate\\Container\\BoundMethod::call(Object(Laravel\\Lumen\\Application), Array, Array, NULL)
#12 /app/vendor/laravel/lumen-framework/src/Concerns/RoutesRequests.php(391): Illuminate\\Container\\Container->call(Array, Array)
#13 /app/vendor/laravel/lumen-framework/src/Concerns/RoutesRequests.php(356): Laravel\\Lumen\\Application->callControllerCallable(Array, Array)
#14 /app/vendor/laravel/lumen-framework/src/Concerns/RoutesRequests.php(331): Laravel\\Lumen\\Application->callLumenController(Object(App\\Http\\Controllers\\NotificationController), 'index', Array)
#15 /app/vendor/laravel/lumen-framework/src/Concerns/RoutesRequests.php(284): Laravel\\Lumen\\Application->callControllerAction(Array)
#16 /app/vendor/laravel/lumen-framework/src/Concerns/RoutesRequests.php(264): Laravel\\Lumen\\Application->callActionOnArrayBasedRoute(Array)
#17 /app/vendor/laravel/lumen-framework/src/Routing/Pipeline.php(48): Laravel\\Lumen\\Application->Laravel\\Lumen\\Concerns\\{closure}(Object(Laravel\\Lumen\\Http\\Request))
#18 /app/app/Http/Middleware/Authenticate.php(35): Laravel\\Lumen\\Routing\\Pipeline->Laravel\\Lumen\\Routing\\{closure}(Object(Laravel\\Lumen\\Http\\Request))
#19 /app/vendor/illuminate/pipeline/Pipeline.php(183): App\\Http\\Middleware\\Authenticate->handle(Object(Laravel\\Lumen\\Http\\Request), Object(Closure))
#20 /app/vendor/laravel/lumen-framework/src/Routing/Pipeline.php(30): Illuminate\\Pipeline\\Pipeline->Illuminate\\Pipeline\\{closure}(Object(Laravel\\Lumen\\Http\\Request))
#21 /app/vendor/illuminate/pipeline/Pipeline.php(119): Laravel\\Lumen\\Routing\\Pipeline->Laravel\\Lumen\\Routing\\{closure}(Object(Laravel\\Lumen\\Http\\Request))
#22 /app/vendor/laravel/lumen-framework/src/Concerns/RoutesRequests.php(428): Illuminate\\Pipeline\\Pipeline->then(Object(Closure))
#23 /app/vendor/laravel/lumen-framework/src/Concerns/RoutesRequests.php(263): Laravel\\Lumen\\Application->sendThroughPipeline(Array, Object(Closure))
#24 /app/vendor/laravel/lumen-framework/src/Concerns/RoutesRequests.php(171): Laravel\\Lumen\\Application->handleFoundRoute(Array)
#25 /app/vendor/laravel/lumen-framework/src/Routing/Pipeline.php(48): Laravel\\Lumen\\Application->Laravel\\Lumen\\Concerns\\{closure}(Object(Laravel\\Lumen\\Http\\Request))
#26 /app/app/Http/Middleware/CorsMiddleware.php(12): Laravel\\Lumen\\Routing\\Pipeline->Laravel\\Lumen\\Routing\\{closure}(Object(Laravel\\Lumen\\Http\\Request))
#27 /app/vendor/illuminate/pipeline/Pipeline.php(183): App\\Http\\Middleware\\CorsMiddleware->handle(Object(Laravel\\Lumen\\Http\\Request), Object(Closure))
#28 /app/vendor/laravel/lumen-framework/src/Routing/Pipeline.php(30): Illuminate\\Pipeline\\Pipeline->Illuminate\\Pipeline\\{closure}(Object(Laravel\\Lumen\\Http\\Request))
#29 /app/vendor/illuminate/pipeline/Pipeline.php(119): Laravel\\Lumen\\Routing\\Pipeline->Laravel\\Lumen\\Routing\\{closure}(Object(Laravel\\Lumen\\Http\\Request))
#30 /app/vendor/laravel/lumen-framework/src/Concerns/RoutesRequests.php(428): Illuminate\\Pipeline\\Pipeline->then(Object(Closure))
#31 /app/vendor/laravel/lumen-framework/src/Concerns/RoutesRequests.php(167): Laravel\\Lumen\\Application->sendThroughPipeline(Array, Object(Closure))
#32 /app/vendor/laravel/lumen-framework/src/Concerns/RoutesRequests.php(112): Laravel\\Lumen\\Application->dispatch(NULL)
#33 /app/public/index.php(5): Laravel\\Lumen\\Application->run()
#34 {main}
"} 
[2026-04-27 00:51:43] local.ERROR: SQLSTATE[42P01]: Undefined table: 7 ERROR:  relation "notifications" does not exist
LINE 2:              FROM notifications
                          ^ (Connection: pgsql, SQL: SELECT id, type, data, read_at, created_at
             FROM notifications
             WHERE notifiable_type = App\Models\User AND notifiable_id = 00000000-0000-0000-0000-000000000001::uuid
             ORDER BY read_at IS NOT NULL, created_at DESC
             LIMIT 50) {"exception":"[object] (Illuminate\\Database\\QueryException(code: 42P01): SQLSTATE[42P01]: Undefined table: 7 ERROR:  relation \"notifications\" does not exist
LINE 2:              FROM notifications
                          ^ (Connection: pgsql, SQL: SELECT id, type, data, read_at, created_at
             FROM notifications
             WHERE notifiable_type = App\\Models\\User AND notifiable_id = 00000000-0000-0000-0000-000000000001::uuid
             ORDER BY read_at IS NOT NULL, created_at DESC
             LIMIT 50) at /app/vendor/illuminate/database/Connection.php:829)
[stacktrace]
#0 /app/vendor/illuminate/database/Connection.php(783): Illuminate\\Database\\Connection->runQueryCallback('SELECT id, type...', Array, Object(Closure))
#1 /app/vendor/illuminate/database/Connection.php(414): Illuminate\\Database\\Connection->run('SELECT id, type...', Array, Object(Closure))
#2 /app/vendor/illuminate/database/DatabaseManager.php(509): Illuminate\\Database\\Connection->select('SELECT id, type...', Array)
#3 /app/vendor/illuminate/support/Facades/Facade.php(355): Illuminate\\Database\\DatabaseManager->__call('select', Array)
#4 /app/app/Http/Controllers/NotificationController.php(17): Illuminate\\Support\\Facades\\Facade::__callStatic('select', Array)
#5 /app/vendor/illuminate/container/BoundMethod.php(36): App\\Http\\Controllers\\NotificationController->index(Object(Laravel\\Lumen\\Http\\Request))
#6 /app/vendor/illuminate/container/Util.php(41): Illuminate\\Container\\BoundMethod::Illuminate\\Container\\{closure}()
#7 /app/vendor/illuminate/container/BoundMethod.php(93): Illuminate\\Container\\Util::unwrapIfClosure(Object(Closure))
#8 /app/vendor/illuminate/container/BoundMethod.php(35): Illuminate\\Container\\BoundMethod::callBoundMethod(Object(Laravel\\Lumen\\Application), Array, Object(Closure))
#9 /app/vendor/illuminate/container/Container.php(662): Illuminate\\Container\\BoundMethod::call(Object(Laravel\\Lumen\\Application), Array, Array, NULL)
#10 /app/vendor/laravel/lumen-framework/src/Concerns/RoutesRequests.php(391): Illuminate\\Container\\Container->call(Array, Array)
#11 /app/vendor/laravel/lumen-framework/src/Concerns/RoutesRequests.php(356): Laravel\\Lumen\\Application->callControllerCallable(Array, Array)
#12 /app/vendor/laravel/lumen-framework/src/Concerns/RoutesRequests.php(331): Laravel\\Lumen\\Application->callLumenController(Object(App\\Http\\Controllers\\NotificationController), 'index', Array)
#13 /app/vendor/laravel/lumen-framework/src/Concerns/RoutesRequests.php(284): Laravel\\Lumen\\Application->callControllerAction(Array)
#14 /app/vendor/laravel/lumen-framework/src/Concerns/RoutesRequests.php(264): Laravel\\Lumen\\Application->callActionOnArrayBasedRoute(Array)
#15 /app/vendor/laravel/lumen-framework/src/Routing/Pipeline.php(48): Laravel\\Lumen\\Application->Laravel\\Lumen\\Concerns\\{closure}(Object(Laravel\\Lumen\\Http\\Request))
#16 /app/app/Http/Middleware/Authenticate.php(35): Laravel\\Lumen\\Routing\\Pipeline->Laravel\\Lumen\\Routing\\{closure}(Object(Laravel\\Lumen\\Http\\Request))
#17 /app/vendor/illuminate/pipeline/Pipeline.php(183): App\\Http\\Middleware\\Authenticate->handle(Object(Laravel\\Lumen\\Http\\Request), Object(Closure))
#18 /app/vendor/laravel/lumen-framework/src/Routing/Pipeline.php(30): Illuminate\\Pipeline\\Pipeline->Illuminate\\Pipeline\\{closure}(Object(Laravel\\Lumen\\Http\\Request))
#19 /app/vendor/illuminate/pipeline/Pipeline.php(119): Laravel\\Lumen\\Routing\\Pipeline->Laravel\\Lumen\\Routing\\{closure}(Object(Laravel\\Lumen\\Http\\Request))
#20 /app/vendor/laravel/lumen-framework/src/Concerns/RoutesRequests.php(428): Illuminate\\Pipeline\\Pipeline->then(Object(Closure))
#21 /app/vendor/laravel/lumen-framework/src/Concerns/RoutesRequests.php(263): Laravel\\Lumen\\Application->sendThroughPipeline(Array, Object(Closure))
#22 /app/vendor/laravel/lumen-framework/src/Concerns/RoutesRequests.php(171): Laravel\\Lumen\\Application->handleFoundRoute(Array)
#23 /app/vendor/laravel/lumen-framework/src/Routing/Pipeline.php(48): Laravel\\Lumen\\Application->Laravel\\Lumen\\Concerns\\{closure}(Object(Laravel\\Lumen\\Http\\Request))
#24 /app/app/Http/Middleware/CorsMiddleware.php(12): Laravel\\Lumen\\Routing\\Pipeline->Laravel\\Lumen\\Routing\\{closure}(Object(Laravel\\Lumen\\Http\\Request))
#25 /app/vendor/illuminate/pipeline/Pipeline.php(183): App\\Http\\Middleware\\CorsMiddleware->handle(Object(Laravel\\Lumen\\Http\\Request), Object(Closure))
#26 /app/vendor/laravel/lumen-framework/src/Routing/Pipeline.php(30): Illuminate\\Pipeline\\Pipeline->Illuminate\\Pipeline\\{closure}(Object(Laravel\\Lumen\\Http\\Request))
#27 /app/vendor/illuminate/pipeline/Pipeline.php(119): Laravel\\Lumen\\Routing\\Pipeline->Laravel\\Lumen\\Routing\\{closure}(Object(Laravel\\Lumen\\Http\\Request))
#28 /app/vendor/laravel/lumen-framework/src/Concerns/RoutesRequests.php(428): Illuminate\\Pipeline\\Pipeline->then(Object(Closure))
#29 /app/vendor/laravel/lumen-framework/src/Concerns/RoutesRequests.php(167): Laravel\\Lumen\\Application->sendThroughPipeline(Array, Object(Closure))
#30 /app/vendor/laravel/lumen-framework/src/Concerns/RoutesRequests.php(112): Laravel\\Lumen\\Application->dispatch(NULL)
#31 /app/public/index.php(5): Laravel\\Lumen\\Application->run()
#32 {main}

[previous exception] [object] (PDOException(code: 42P01): SQLSTATE[42P01]: Undefined table: 7 ERROR:  relation \"notifications\" does not exist
LINE 2:              FROM notifications
                          ^ at /app/vendor/illuminate/database/Connection.php:428)
[stacktrace]
#0 /app/vendor/illuminate/database/Connection.php(428): PDOStatement->execute()
#1 /app/vendor/illuminate/database/Connection.php(816): Illuminate\\Database\\Connection->Illuminate\\Database\\{closure}('SELECT id, type...', Array)
#2 /app/vendor/illuminate/database/Connection.php(783): Illuminate\\Database\\Connection->runQueryCallback('SELECT id, type...', Array, Object(Closure))
#3 /app/vendor/illuminate/database/Connection.php(414): Illuminate\\Database\\Connection->run('SELECT id, type...', Array, Object(Closure))
#4 /app/vendor/illuminate/database/DatabaseManager.php(509): Illuminate\\Database\\Connection->select('SELECT id, type...', Array)
#5 /app/vendor/illuminate/support/Facades/Facade.php(355): Illuminate\\Database\\DatabaseManager->__call('select', Array)
#6 /app/app/Http/Controllers/NotificationController.php(17): Illuminate\\Support\\Facades\\Facade::__callStatic('select', Array)
#7 /app/vendor/illuminate/container/BoundMethod.php(36): App\\Http\\Controllers\\NotificationController->index(Object(Laravel\\Lumen\\Http\\Request))
#8 /app/vendor/illuminate/container/Util.php(41): Illuminate\\Container\\BoundMethod::Illuminate\\Container\\{closure}()
#9 /app/vendor/illuminate/container/BoundMethod.php(93): Illuminate\\Container\\Util::unwrapIfClosure(Object(Closure))
#10 /app/vendor/illuminate/container/BoundMethod.php(35): Illuminate\\Container\\BoundMethod::callBoundMethod(Object(Laravel\\Lumen\\Application), Array, Object(Closure))
#11 /app/vendor/illuminate/container/Container.php(662): Illuminate\\Container\\BoundMethod::call(Object(Laravel\\Lumen\\Application), Array, Array, NULL)
#12 /app/vendor/laravel/lumen-framework/src/Concerns/RoutesRequests.php(391): Illuminate\\Container\\Container->call(Array, Array)
#13 /app/vendor/laravel/lumen-framework/src/Concerns/RoutesRequests.php(356): Laravel\\Lumen\\Application->callControllerCallable(Array, Array)
#14 /app/vendor/laravel/lumen-framework/src/Concerns/RoutesRequests.php(331): Laravel\\Lumen\\Application->callLumenController(Object(App\\Http\\Controllers\\NotificationController), 'index', Array)
#15 /app/vendor/laravel/lumen-framework/src/Concerns/RoutesRequests.php(284): Laravel\\Lumen\\Application->callControllerAction(Array)
#16 /app/vendor/laravel/lumen-framework/src/Concerns/RoutesRequests.php(264): Laravel\\Lumen\\Application->callActionOnArrayBasedRoute(Array)
#17 /app/vendor/laravel/lumen-framework/src/Routing/Pipeline.php(48): Laravel\\Lumen\\Application->Laravel\\Lumen\\Concerns\\{closure}(Object(Laravel\\Lumen\\Http\\Request))
#18 /app/app/Http/Middleware/Authenticate.php(35): Laravel\\Lumen\\Routing\\Pipeline->Laravel\\Lumen\\Routing\\{closure}(Object(Laravel\\Lumen\\Http\\Request))
#19 /app/vendor/illuminate/pipeline/Pipeline.php(183): App\\Http\\Middleware\\Authenticate->handle(Object(Laravel\\Lumen\\Http\\Request), Object(Closure))
#20 /app/vendor/laravel/lumen-framework/src/Routing/Pipeline.php(30): Illuminate\\Pipeline\\Pipeline->Illuminate\\Pipeline\\{closure}(Object(Laravel\\Lumen\\Http\\Request))
#21 /app/vendor/illuminate/pipeline/Pipeline.php(119): Laravel\\Lumen\\Routing\\Pipeline->Laravel\\Lumen\\Routing\\{closure}(Object(Laravel\\Lumen\\Http\\Request))
#22 /app/vendor/laravel/lumen-framework/src/Concerns/RoutesRequests.php(428): Illuminate\\Pipeline\\Pipeline->then(Object(Closure))
#23 /app/vendor/laravel/lumen-framework/src/Concerns/RoutesRequests.php(263): Laravel\\Lumen\\Application->sendThroughPipeline(Array, Object(Closure))
#24 /app/vendor/laravel/lumen-framework/src/Concerns/RoutesRequests.php(171): Laravel\\Lumen\\Application->handleFoundRoute(Array)
#25 /app/vendor/laravel/lumen-framework/src/Routing/Pipeline.php(48): Laravel\\Lumen\\Application->Laravel\\Lumen\\Concerns\\{closure}(Object(Laravel\\Lumen\\Http\\Request))
#26 /app/app/Http/Middleware/CorsMiddleware.php(12): Laravel\\Lumen\\Routing\\Pipeline->Laravel\\Lumen\\Routing\\{closure}(Object(Laravel\\Lumen\\Http\\Request))
#27 /app/vendor/illuminate/pipeline/Pipeline.php(183): App\\Http\\Middleware\\CorsMiddleware->handle(Object(Laravel\\Lumen\\Http\\Request), Object(Closure))
#28 /app/vendor/laravel/lumen-framework/src/Routing/Pipeline.php(30): Illuminate\\Pipeline\\Pipeline->Illuminate\\Pipeline\\{closure}(Object(Laravel\\Lumen\\Http\\Request))
#29 /app/vendor/illuminate/pipeline/Pipeline.php(119): Laravel\\Lumen\\Routing\\Pipeline->Laravel\\Lumen\\Routing\\{closure}(Object(Laravel\\Lumen\\Http\\Request))
#30 /app/vendor/laravel/lumen-framework/src/Concerns/RoutesRequests.php(428): Illuminate\\Pipeline\\Pipeline->then(Object(Closure))
#31 /app/vendor/laravel/lumen-framework/src/Concerns/RoutesRequests.php(167): Laravel\\Lumen\\Application->sendThroughPipeline(Array, Object(Closure))
#32 /app/vendor/laravel/lumen-framework/src/Concerns/RoutesRequests.php(112): Laravel\\Lumen\\Application->dispatch(NULL)
#33 /app/public/index.php(5): Laravel\\Lumen\\Application->run()
#34 {main}
"} 
[2026-04-27 00:52:10] local.ERROR: SQLSTATE[42P01]: Undefined table: 7 ERROR:  relation "notifications" does not exist
LINE 2:              FROM notifications
                          ^ (Connection: pgsql, SQL: SELECT id, type, data, read_at, created_at
             FROM notifications
             WHERE notifiable_type = App\Models\User AND notifiable_id = 00000000-0000-0000-0000-000000000099::uuid
             ORDER BY read_at IS NOT NULL, created_at DESC
             LIMIT 50) {"exception":"[object] (Illuminate\\Database\\QueryException(code: 42P01): SQLSTATE[42P01]: Undefined table: 7 ERROR:  relation \"notifications\" does not exist
LINE 2:              FROM notifications
                          ^ (Connection: pgsql, SQL: SELECT id, type, data, read_at, created_at
             FROM notifications
             WHERE notifiable_type = App\\Models\\User AND notifiable_id = 00000000-0000-0000-0000-000000000099::uuid
             ORDER BY read_at IS NOT NULL, created_at DESC
             LIMIT 50) at /app/vendor/illuminate/database/Connection.php:829)
[stacktrace]
#0 /app/vendor/illuminate/database/Connection.php(783): Illuminate\\Database\\Connection->runQueryCallback('SELECT id, type...', Array, Object(Closure))
#1 /app/vendor/illuminate/database/Connection.php(414): Illuminate\\Database\\Connection->run('SELECT id, type...', Array, Object(Closure))
#2 /app/vendor/illuminate/database/DatabaseManager.php(509): Illuminate\\Database\\Connection->select('SELECT id, type...', Array)
#3 /app/vendor/illuminate/support/Facades/Facade.php(355): Illuminate\\Database\\DatabaseManager->__call('select', Array)
#4 /app/app/Http/Controllers/NotificationController.php(17): Illuminate\\Support\\Facades\\Facade::__callStatic('select', Array)
#5 /app/vendor/illuminate/container/BoundMethod.php(36): App\\Http\\Controllers\\NotificationController->index(Object(Laravel\\Lumen\\Http\\Request))
#6 /app/vendor/illuminate/container/Util.php(41): Illuminate\\Container\\BoundMethod::Illuminate\\Container\\{closure}()
#7 /app/vendor/illuminate/container/BoundMethod.php(93): Illuminate\\Container\\Util::unwrapIfClosure(Object(Closure))
#8 /app/vendor/illuminate/container/BoundMethod.php(35): Illuminate\\Container\\BoundMethod::callBoundMethod(Object(Laravel\\Lumen\\Application), Array, Object(Closure))
#9 /app/vendor/illuminate/container/Container.php(662): Illuminate\\Container\\BoundMethod::call(Object(Laravel\\Lumen\\Application), Array, Array, NULL)
#10 /app/vendor/laravel/lumen-framework/src/Concerns/RoutesRequests.php(391): Illuminate\\Container\\Container->call(Array, Array)
#11 /app/vendor/laravel/lumen-framework/src/Concerns/RoutesRequests.php(356): Laravel\\Lumen\\Application->callControllerCallable(Array, Array)
#12 /app/vendor/laravel/lumen-framework/src/Concerns/RoutesRequests.php(331): Laravel\\Lumen\\Application->callLumenController(Object(App\\Http\\Controllers\\NotificationController), 'index', Array)
#13 /app/vendor/laravel/lumen-framework/src/Concerns/RoutesRequests.php(284): Laravel\\Lumen\\Application->callControllerAction(Array)
#14 /app/vendor/laravel/lumen-framework/src/Concerns/RoutesRequests.php(264): Laravel\\Lumen\\Application->callActionOnArrayBasedRoute(Array)
#15 /app/vendor/laravel/lumen-framework/src/Routing/Pipeline.php(48): Laravel\\Lumen\\Application->Laravel\\Lumen\\Concerns\\{closure}(Object(Laravel\\Lumen\\Http\\Request))
#16 /app/app/Http/Middleware/Authenticate.php(35): Laravel\\Lumen\\Routing\\Pipeline->Laravel\\Lumen\\Routing\\{closure}(Object(Laravel\\Lumen\\Http\\Request))
#17 /app/vendor/illuminate/pipeline/Pipeline.php(183): App\\Http\\Middleware\\Authenticate->handle(Object(Laravel\\Lumen\\Http\\Request), Object(Closure))
#18 /app/vendor/laravel/lumen-framework/src/Routing/Pipeline.php(30): Illuminate\\Pipeline\\Pipeline->Illuminate\\Pipeline\\{closure}(Object(Laravel\\Lumen\\Http\\Request))
#19 /app/vendor/illuminate/pipeline/Pipeline.php(119): Laravel\\Lumen\\Routing\\Pipeline->Laravel\\Lumen\\Routing\\{closure}(Object(Laravel\\Lumen\\Http\\Request))
#20 /app/vendor/laravel/lumen-framework/src/Concerns/RoutesRequests.php(428): Illuminate\\Pipeline\\Pipeline->then(Object(Closure))
#21 /app/vendor/laravel/lumen-framework/src/Concerns/RoutesRequests.php(263): Laravel\\Lumen\\Application->sendThroughPipeline(Array, Object(Closure))
#22 /app/vendor/laravel/lumen-framework/src/Concerns/RoutesRequests.php(171): Laravel\\Lumen\\Application->handleFoundRoute(Array)
#23 /app/vendor/laravel/lumen-framework/src/Routing/Pipeline.php(48): Laravel\\Lumen\\Application->Laravel\\Lumen\\Concerns\\{closure}(Object(Laravel\\Lumen\\Http\\Request))
#24 /app/app/Http/Middleware/CorsMiddleware.php(12): Laravel\\Lumen\\Routing\\Pipeline->Laravel\\Lumen\\Routing\\{closure}(Object(Laravel\\Lumen\\Http\\Request))
#25 /app/vendor/illuminate/pipeline/Pipeline.php(183): App\\Http\\Middleware\\CorsMiddleware->handle(Object(Laravel\\Lumen\\Http\\Request), Object(Closure))
#26 /app/vendor/laravel/lumen-framework/src/Routing/Pipeline.php(30): Illuminate\\Pipeline\\Pipeline->Illuminate\\Pipeline\\{closure}(Object(Laravel\\Lumen\\Http\\Request))
#27 /app/vendor/illuminate/pipeline/Pipeline.php(119): Laravel\\Lumen\\Routing\\Pipeline->Laravel\\Lumen\\Routing\\{closure}(Object(Laravel\\Lumen\\Http\\Request))
#28 /app/vendor/laravel/lumen-framework/src/Concerns/RoutesRequests.php(428): Illuminate\\Pipeline\\Pipeline->then(Object(Closure))
#29 /app/vendor/laravel/lumen-framework/src/Concerns/RoutesRequests.php(167): Laravel\\Lumen\\Application->sendThroughPipeline(Array, Object(Closure))
#30 /app/vendor/laravel/lumen-framework/src/Concerns/RoutesRequests.php(112): Laravel\\Lumen\\Application->dispatch(NULL)
#31 /app/public/index.php(5): Laravel\\Lumen\\Application->run()
#32 {main}

[previous exception] [object] (PDOException(code: 42P01): SQLSTATE[42P01]: Undefined table: 7 ERROR:  relation \"notifications\" does not exist
LINE 2:              FROM notifications
                          ^ at /app/vendor/illuminate/database/Connection.php:428)
[stacktrace]
#0 /app/vendor/illuminate/database/Connection.php(428): PDOStatement->execute()
#1 /app/vendor/illuminate/database/Connection.php(816): Illuminate\\Database\\Connection->Illuminate\\Database\\{closure}('SELECT id, type...', Array)
#2 /app/vendor/illuminate/database/Connection.php(783): Illuminate\\Database\\Connection->runQueryCallback('SELECT id, type...', Array, Object(Closure))
#3 /app/vendor/illuminate/database/Connection.php(414): Illuminate\\Database\\Connection->run('SELECT id, type...', Array, Object(Closure))
#4 /app/vendor/illuminate/database/DatabaseManager.php(509): Illuminate\\Database\\Connection->select('SELECT id, type...', Array)
#5 /app/vendor/illuminate/support/Facades/Facade.php(355): Illuminate\\Database\\DatabaseManager->__call('select', Array)
#6 /app/app/Http/Controllers/NotificationController.php(17): Illuminate\\Support\\Facades\\Facade::__callStatic('select', Array)
#7 /app/vendor/illuminate/container/BoundMethod.php(36): App\\Http\\Controllers\\NotificationController->index(Object(Laravel\\Lumen\\Http\\Request))
#8 /app/vendor/illuminate/container/Util.php(41): Illuminate\\Container\\BoundMethod::Illuminate\\Container\\{closure}()
#9 /app/vendor/illuminate/container/BoundMethod.php(93): Illuminate\\Container\\Util::unwrapIfClosure(Object(Closure))
#10 /app/vendor/illuminate/container/BoundMethod.php(35): Illuminate\\Container\\BoundMethod::callBoundMethod(Object(Laravel\\Lumen\\Application), Array, Object(Closure))
#11 /app/vendor/illuminate/container/Container.php(662): Illuminate\\Container\\BoundMethod::call(Object(Laravel\\Lumen\\Application), Array, Array, NULL)
#12 /app/vendor/laravel/lumen-framework/src/Concerns/RoutesRequests.php(391): Illuminate\\Container\\Container->call(Array, Array)
#13 /app/vendor/laravel/lumen-framework/src/Concerns/RoutesRequests.php(356): Laravel\\Lumen\\Application->callControllerCallable(Array, Array)
#14 /app/vendor/laravel/lumen-framework/src/Concerns/RoutesRequests.php(331): Laravel\\Lumen\\Application->callLumenController(Object(App\\Http\\Controllers\\NotificationController), 'index', Array)
#15 /app/vendor/laravel/lumen-framework/src/Concerns/RoutesRequests.php(284): Laravel\\Lumen\\Application->callControllerAction(Array)
#16 /app/vendor/laravel/lumen-framework/src/Concerns/RoutesRequests.php(264): Laravel\\Lumen\\Application->callActionOnArrayBasedRoute(Array)
#17 /app/vendor/laravel/lumen-framework/src/Routing/Pipeline.php(48): Laravel\\Lumen\\Application->Laravel\\Lumen\\Concerns\\{closure}(Object(Laravel\\Lumen\\Http\\Request))
#18 /app/app/Http/Middleware/Authenticate.php(35): Laravel\\Lumen\\Routing\\Pipeline->Laravel\\Lumen\\Routing\\{closure}(Object(Laravel\\Lumen\\Http\\Request))
#19 /app/vendor/illuminate/pipeline/Pipeline.php(183): App\\Http\\Middleware\\Authenticate->handle(Object(Laravel\\Lumen\\Http\\Request), Object(Closure))
#20 /app/vendor/laravel/lumen-framework/src/Routing/Pipeline.php(30): Illuminate\\Pipeline\\Pipeline->Illuminate\\Pipeline\\{closure}(Object(Laravel\\Lumen\\Http\\Request))
#21 /app/vendor/illuminate/pipeline/Pipeline.php(119): Laravel\\Lumen\\Routing\\Pipeline->Laravel\\Lumen\\Routing\\{closure}(Object(Laravel\\Lumen\\Http\\Request))
#22 /app/vendor/laravel/lumen-framework/src/Concerns/RoutesRequests.php(428): Illuminate\\Pipeline\\Pipeline->then(Object(Closure))
#23 /app/vendor/laravel/lumen-framework/src/Concerns/RoutesRequests.php(263): Laravel\\Lumen\\Application->sendThroughPipeline(Array, Object(Closure))
#24 /app/vendor/laravel/lumen-framework/src/Concerns/RoutesRequests.php(171): Laravel\\Lumen\\Application->handleFoundRoute(Array)
#25 /app/vendor/laravel/lumen-framework/src/Routing/Pipeline.php(48): Laravel\\Lumen\\Application->Laravel\\Lumen\\Concerns\\{closure}(Object(Laravel\\Lumen\\Http\\Request))
#26 /app/app/Http/Middleware/CorsMiddleware.php(12): Laravel\\Lumen\\Routing\\Pipeline->Laravel\\Lumen\\Routing\\{closure}(Object(Laravel\\Lumen\\Http\\Request))
#27 /app/vendor/illuminate/pipeline/Pipeline.php(183): App\\Http\\Middleware\\CorsMiddleware->handle(Object(Laravel\\Lumen\\Http\\Request), Object(Closure))
#28 /app/vendor/laravel/lumen-framework/src/Routing/Pipeline.php(30): Illuminate\\Pipeline\\Pipeline->Illuminate\\Pipeline\\{closure}(Object(Laravel\\Lumen\\Http\\Request))
#29 /app/vendor/illuminate/pipeline/Pipeline.php(119): Laravel\\Lumen\\Routing\\Pipeline->Laravel\\Lumen\\Routing\\{closure}(Object(Laravel\\Lumen\\Http\\Request))
#30 /app/vendor/laravel/lumen-framework/src/Concerns/RoutesRequests.php(428): Illuminate\\Pipeline\\Pipeline->then(Object(Closure))
#31 /app/vendor/laravel/lumen-framework/src/Concerns/RoutesRequests.php(167): Laravel\\Lumen\\Application->sendThroughPipeline(Array, Object(Closure))
#32 /app/vendor/laravel/lumen-framework/src/Concerns/RoutesRequests.php(112): Laravel\\Lumen\\Application->dispatch(NULL)
#33 /app/public/index.php(5): Laravel\\Lumen\\Application->run()
#34 {main}
"} 
[2026-04-27 00:52:19] local.ERROR: SQLSTATE[42P01]: Undefined table: 7 ERROR:  relation "notifications" does not exist
LINE 2:              FROM notifications
                          ^ (Connection: pgsql, SQL: SELECT id, type, data, read_at, created_at
             FROM notifications
             WHERE notifiable_type = App\Models\User AND notifiable_id = 00000000-0000-0000-0000-000000000002::uuid
             ORDER BY read_at IS NOT NULL, created_at DESC
             LIMIT 50) {"exception":"[object] (Illuminate\\Database\\QueryException(code: 42P01): SQLSTATE[42P01]: Undefined table: 7 ERROR:  relation \"notifications\" does not exist
LINE 2:              FROM notifications
                          ^ (Connection: pgsql, SQL: SELECT id, type, data, read_at, created_at
             FROM notifications
             WHERE notifiable_type = App\\Models\\User AND notifiable_id = 00000000-0000-0000-0000-000000000002::uuid
             ORDER BY read_at IS NOT NULL, created_at DESC
             LIMIT 50) at /app/vendor/illuminate/database/Connection.php:829)
[stacktrace]
#0 /app/vendor/illuminate/database/Connection.php(783): Illuminate\\Database\\Connection->runQueryCallback('SELECT id, type...', Array, Object(Closure))
#1 /app/vendor/illuminate/database/Connection.php(414): Illuminate\\Database\\Connection->run('SELECT id, type...', Array, Object(Closure))
#2 /app/vendor/illuminate/database/DatabaseManager.php(509): Illuminate\\Database\\Connection->select('SELECT id, type...', Array)
#3 /app/vendor/illuminate/support/Facades/Facade.php(355): Illuminate\\Database\\DatabaseManager->__call('select', Array)
#4 /app/app/Http/Controllers/NotificationController.php(17): Illuminate\\Support\\Facades\\Facade::__callStatic('select', Array)
#5 /app/vendor/illuminate/container/BoundMethod.php(36): App\\Http\\Controllers\\NotificationController->index(Object(Laravel\\Lumen\\Http\\Request))
#6 /app/vendor/illuminate/container/Util.php(41): Illuminate\\Container\\BoundMethod::Illuminate\\Container\\{closure}()
#7 /app/vendor/illuminate/container/BoundMethod.php(93): Illuminate\\Container\\Util::unwrapIfClosure(Object(Closure))
#8 /app/vendor/illuminate/container/BoundMethod.php(35): Illuminate\\Container\\BoundMethod::callBoundMethod(Object(Laravel\\Lumen\\Application), Array, Object(Closure))
#9 /app/vendor/illuminate/container/Container.php(662): Illuminate\\Container\\BoundMethod::call(Object(Laravel\\Lumen\\Application), Array, Array, NULL)
#10 /app/vendor/laravel/lumen-framework/src/Concerns/RoutesRequests.php(391): Illuminate\\Container\\Container->call(Array, Array)
#11 /app/vendor/laravel/lumen-framework/src/Concerns/RoutesRequests.php(356): Laravel\\Lumen\\Application->callControllerCallable(Array, Array)
#12 /app/vendor/laravel/lumen-framework/src/Concerns/RoutesRequests.php(331): Laravel\\Lumen\\Application->callLumenController(Object(App\\Http\\Controllers\\NotificationController), 'index', Array)
#13 /app/vendor/laravel/lumen-framework/src/Concerns/RoutesRequests.php(284): Laravel\\Lumen\\Application->callControllerAction(Array)
#14 /app/vendor/laravel/lumen-framework/src/Concerns/RoutesRequests.php(264): Laravel\\Lumen\\Application->callActionOnArrayBasedRoute(Array)
#15 /app/vendor/laravel/lumen-framework/src/Routing/Pipeline.php(48): Laravel\\Lumen\\Application->Laravel\\Lumen\\Concerns\\{closure}(Object(Laravel\\Lumen\\Http\\Request))
#16 /app/app/Http/Middleware/Authenticate.php(35): Laravel\\Lumen\\Routing\\Pipeline->Laravel\\Lumen\\Routing\\{closure}(Object(Laravel\\Lumen\\Http\\Request))
#17 /app/vendor/illuminate/pipeline/Pipeline.php(183): App\\Http\\Middleware\\Authenticate->handle(Object(Laravel\\Lumen\\Http\\Request), Object(Closure))
#18 /app/vendor/laravel/lumen-framework/src/Routing/Pipeline.php(30): Illuminate\\Pipeline\\Pipeline->Illuminate\\Pipeline\\{closure}(Object(Laravel\\Lumen\\Http\\Request))
#19 /app/vendor/illuminate/pipeline/Pipeline.php(119): Laravel\\Lumen\\Routing\\Pipeline->Laravel\\Lumen\\Routing\\{closure}(Object(Laravel\\Lumen\\Http\\Request))
#20 /app/vendor/laravel/lumen-framework/src/Concerns/RoutesRequests.php(428): Illuminate\\Pipeline\\Pipeline->then(Object(Closure))
#21 /app/vendor/laravel/lumen-framework/src/Concerns/RoutesRequests.php(263): Laravel\\Lumen\\Application->sendThroughPipeline(Array, Object(Closure))
#22 /app/vendor/laravel/lumen-framework/src/Concerns/RoutesRequests.php(171): Laravel\\Lumen\\Application->handleFoundRoute(Array)
#23 /app/vendor/laravel/lumen-framework/src/Routing/Pipeline.php(48): Laravel\\Lumen\\Application->Laravel\\Lumen\\Concerns\\{closure}(Object(Laravel\\Lumen\\Http\\Request))
#24 /app/app/Http/Middleware/CorsMiddleware.php(12): Laravel\\Lumen\\Routing\\Pipeline->Laravel\\Lumen\\Routing\\{closure}(Object(Laravel\\Lumen\\Http\\Request))
#25 /app/vendor/illuminate/pipeline/Pipeline.php(183): App\\Http\\Middleware\\CorsMiddleware->handle(Object(Laravel\\Lumen\\Http\\Request), Object(Closure))
#26 /app/vendor/laravel/lumen-framework/src/Routing/Pipeline.php(30): Illuminate\\Pipeline\\Pipeline->Illuminate\\Pipeline\\{closure}(Object(Laravel\\Lumen\\Http\\Request))
#27 /app/vendor/illuminate/pipeline/Pipeline.php(119): Laravel\\Lumen\\Routing\\Pipeline->Laravel\\Lumen\\Routing\\{closure}(Object(Laravel\\Lumen\\Http\\Request))
#28 /app/vendor/laravel/lumen-framework/src/Concerns/RoutesRequests.php(428): Illuminate\\Pipeline\\Pipeline->then(Object(Closure))
#29 /app/vendor/laravel/lumen-framework/src/Concerns/RoutesRequests.php(167): Laravel\\Lumen\\Application->sendThroughPipeline(Array, Object(Closure))
#30 /app/vendor/laravel/lumen-framework/src/Concerns/RoutesRequests.php(112): Laravel\\Lumen\\Application->dispatch(NULL)
#31 /app/public/index.php(5): Laravel\\Lumen\\Application->run()
#32 {main}

[previous exception] [object] (PDOException(code: 42P01): SQLSTATE[42P01]: Undefined table: 7 ERROR:  relation \"notifications\" does not exist
LINE 2:              FROM notifications
                          ^ at /app/vendor/illuminate/database/Connection.php:428)
[stacktrace]
#0 /app/vendor/illuminate/database/Connection.php(428): PDOStatement->execute()
#1 /app/vendor/illuminate/database/Connection.php(816): Illuminate\\Database\\Connection->Illuminate\\Database\\{closure}('SELECT id, type...', Array)
#2 /app/vendor/illuminate/database/Connection.php(783): Illuminate\\Database\\Connection->runQueryCallback('SELECT id, type...', Array, Object(Closure))
#3 /app/vendor/illuminate/database/Connection.php(414): Illuminate\\Database\\Connection->run('SELECT id, type...', Array, Object(Closure))
#4 /app/vendor/illuminate/database/DatabaseManager.php(509): Illuminate\\Database\\Connection->select('SELECT id, type...', Array)
#5 /app/vendor/illuminate/support/Facades/Facade.php(355): Illuminate\\Database\\DatabaseManager->__call('select', Array)
#6 /app/app/Http/Controllers/NotificationController.php(17): Illuminate\\Support\\Facades\\Facade::__callStatic('select', Array)
#7 /app/vendor/illuminate/container/BoundMethod.php(36): App\\Http\\Controllers\\NotificationController->index(Object(Laravel\\Lumen\\Http\\Request))
#8 /app/vendor/illuminate/container/Util.php(41): Illuminate\\Container\\BoundMethod::Illuminate\\Container\\{closure}()
#9 /app/vendor/illuminate/container/BoundMethod.php(93): Illuminate\\Container\\Util::unwrapIfClosure(Object(Closure))
#10 /app/vendor/illuminate/container/BoundMethod.php(35): Illuminate\\Container\\BoundMethod::callBoundMethod(Object(Laravel\\Lumen\\Application), Array, Object(Closure))
#11 /app/vendor/illuminate/container/Container.php(662): Illuminate\\Container\\BoundMethod::call(Object(Laravel\\Lumen\\Application), Array, Array, NULL)
#12 /app/vendor/laravel/lumen-framework/src/Concerns/RoutesRequests.php(391): Illuminate\\Container\\Container->call(Array, Array)
#13 /app/vendor/laravel/lumen-framework/src/Concerns/RoutesRequests.php(356): Laravel\\Lumen\\Application->callControllerCallable(Array, Array)
#14 /app/vendor/laravel/lumen-framework/src/Concerns/RoutesRequests.php(331): Laravel\\Lumen\\Application->callLumenController(Object(App\\Http\\Controllers\\NotificationController), 'index', Array)
#15 /app/vendor/laravel/lumen-framework/src/Concerns/RoutesRequests.php(284): Laravel\\Lumen\\Application->callControllerAction(Array)
#16 /app/vendor/laravel/lumen-framework/src/Concerns/RoutesRequests.php(264): Laravel\\Lumen\\Application->callActionOnArrayBasedRoute(Array)
#17 /app/vendor/laravel/lumen-framework/src/Routing/Pipeline.php(48): Laravel\\Lumen\\Application->Laravel\\Lumen\\Concerns\\{closure}(Object(Laravel\\Lumen\\Http\\Request))
#18 /app/app/Http/Middleware/Authenticate.php(35): Laravel\\Lumen\\Routing\\Pipeline->Laravel\\Lumen\\Routing\\{closure}(Object(Laravel\\Lumen\\Http\\Request))
#19 /app/vendor/illuminate/pipeline/Pipeline.php(183): App\\Http\\Middleware\\Authenticate->handle(Object(Laravel\\Lumen\\Http\\Request), Object(Closure))
#20 /app/vendor/laravel/lumen-framework/src/Routing/Pipeline.php(30): Illuminate\\Pipeline\\Pipeline->Illuminate\\Pipeline\\{closure}(Object(Laravel\\Lumen\\Http\\Request))
#21 /app/vendor/illuminate/pipeline/Pipeline.php(119): Laravel\\Lumen\\Routing\\Pipeline->Laravel\\Lumen\\Routing\\{closure}(Object(Laravel\\Lumen\\Http\\Request))
#22 /app/vendor/laravel/lumen-framework/src/Concerns/RoutesRequests.php(428): Illuminate\\Pipeline\\Pipeline->then(Object(Closure))
#23 /app/vendor/laravel/lumen-framework/src/Concerns/RoutesRequests.php(263): Laravel\\Lumen\\Application->sendThroughPipeline(Array, Object(Closure))
#24 /app/vendor/laravel/lumen-framework/src/Concerns/RoutesRequests.php(171): Laravel\\Lumen\\Application->handleFoundRoute(Array)
#25 /app/vendor/laravel/lumen-framework/src/Routing/Pipeline.php(48): Laravel\\Lumen\\Application->Laravel\\Lumen\\Concerns\\{closure}(Object(Laravel\\Lumen\\Http\\Request))
#26 /app/app/Http/Middleware/CorsMiddleware.php(12): Laravel\\Lumen\\Routing\\Pipeline->Laravel\\Lumen\\Routing\\{closure}(Object(Laravel\\Lumen\\Http\\Request))
#27 /app/vendor/illuminate/pipeline/Pipeline.php(183): App\\Http\\Middleware\\CorsMiddleware->handle(Object(Laravel\\Lumen\\Http\\Request), Object(Closure))
#28 /app/vendor/laravel/lumen-framework/src/Routing/Pipeline.php(30): Illuminate\\Pipeline\\Pipeline->Illuminate\\Pipeline\\{closure}(Object(Laravel\\Lumen\\Http\\Request))
#29 /app/vendor/illuminate/pipeline/Pipeline.php(119): Laravel\\Lumen\\Routing\\Pipeline->Laravel\\Lumen\\Routing\\{closure}(Object(Laravel\\Lumen\\Http\\Request))
#30 /app/vendor/laravel/lumen-framework/src/Concerns/RoutesRequests.php(428): Illuminate\\Pipeline\\Pipeline->then(Object(Closure))
#31 /app/vendor/laravel/lumen-framework/src/Concerns/RoutesRequests.php(167): Laravel\\Lumen\\Application->sendThroughPipeline(Array, Object(Closure))
#32 /app/vendor/laravel/lumen-framework/src/Concerns/RoutesRequests.php(112): Laravel\\Lumen\\Application->dispatch(NULL)
#33 /app/public/index.php(5): Laravel\\Lumen\\Application->run()
#34 {main}
"} 
[2026-04-27 00:52:39] local.ERROR: SQLSTATE[42P01]: Undefined table: 7 ERROR:  relation "notifications" does not exist
LINE 2:              FROM notifications
                          ^ (Connection: pgsql, SQL: SELECT id, type, data, read_at, created_at
             FROM notifications
             WHERE notifiable_type = App\Models\User AND notifiable_id = 00000000-0000-0000-0000-000000000099::uuid
             ORDER BY read_at IS NOT NULL, created_at DESC
             LIMIT 50) {"exception":"[object] (Illuminate\\Database\\QueryException(code: 42P01): SQLSTATE[42P01]: Undefined table: 7 ERROR:  relation \"notifications\" does not exist
LINE 2:              FROM notifications
                          ^ (Connection: pgsql, SQL: SELECT id, type, data, read_at, created_at
             FROM notifications
             WHERE notifiable_type = App\\Models\\User AND notifiable_id = 00000000-0000-0000-0000-000000000099::uuid
             ORDER BY read_at IS NOT NULL, created_at DESC
             LIMIT 50) at /app/vendor/illuminate/database/Connection.php:829)
[stacktrace]
#0 /app/vendor/illuminate/database/Connection.php(783): Illuminate\\Database\\Connection->runQueryCallback('SELECT id, type...', Array, Object(Closure))
#1 /app/vendor/illuminate/database/Connection.php(414): Illuminate\\Database\\Connection->run('SELECT id, type...', Array, Object(Closure))
#2 /app/vendor/illuminate/database/DatabaseManager.php(509): Illuminate\\Database\\Connection->select('SELECT id, type...', Array)
#3 /app/vendor/illuminate/support/Facades/Facade.php(355): Illuminate\\Database\\DatabaseManager->__call('select', Array)
#4 /app/app/Http/Controllers/NotificationController.php(17): Illuminate\\Support\\Facades\\Facade::__callStatic('select', Array)
#5 /app/vendor/illuminate/container/BoundMethod.php(36): App\\Http\\Controllers\\NotificationController->index(Object(Laravel\\Lumen\\Http\\Request))
#6 /app/vendor/illuminate/container/Util.php(41): Illuminate\\Container\\BoundMethod::Illuminate\\Container\\{closure}()
#7 /app/vendor/illuminate/container/BoundMethod.php(93): Illuminate\\Container\\Util::unwrapIfClosure(Object(Closure))
#8 /app/vendor/illuminate/container/BoundMethod.php(35): Illuminate\\Container\\BoundMethod::callBoundMethod(Object(Laravel\\Lumen\\Application), Array, Object(Closure))
#9 /app/vendor/illuminate/container/Container.php(662): Illuminate\\Container\\BoundMethod::call(Object(Laravel\\Lumen\\Application), Array, Array, NULL)
#10 /app/vendor/laravel/lumen-framework/src/Concerns/RoutesRequests.php(391): Illuminate\\Container\\Container->call(Array, Array)
#11 /app/vendor/laravel/lumen-framework/src/Concerns/RoutesRequests.php(356): Laravel\\Lumen\\Application->callControllerCallable(Array, Array)
#12 /app/vendor/laravel/lumen-framework/src/Concerns/RoutesRequests.php(331): Laravel\\Lumen\\Application->callLumenController(Object(App\\Http\\Controllers\\NotificationController), 'index', Array)
#13 /app/vendor/laravel/lumen-framework/src/Concerns/RoutesRequests.php(284): Laravel\\Lumen\\Application->callControllerAction(Array)
#14 /app/vendor/laravel/lumen-framework/src/Concerns/RoutesRequests.php(264): Laravel\\Lumen\\Application->callActionOnArrayBasedRoute(Array)
#15 /app/vendor/laravel/lumen-framework/src/Routing/Pipeline.php(48): Laravel\\Lumen\\Application->Laravel\\Lumen\\Concerns\\{closure}(Object(Laravel\\Lumen\\Http\\Request))
#16 /app/app/Http/Middleware/Authenticate.php(35): Laravel\\Lumen\\Routing\\Pipeline->Laravel\\Lumen\\Routing\\{closure}(Object(Laravel\\Lumen\\Http\\Request))
#17 /app/vendor/illuminate/pipeline/Pipeline.php(183): App\\Http\\Middleware\\Authenticate->handle(Object(Laravel\\Lumen\\Http\\Request), Object(Closure))
#18 /app/vendor/laravel/lumen-framework/src/Routing/Pipeline.php(30): Illuminate\\Pipeline\\Pipeline->Illuminate\\Pipeline\\{closure}(Object(Laravel\\Lumen\\Http\\Request))
#19 /app/vendor/illuminate/pipeline/Pipeline.php(119): Laravel\\Lumen\\Routing\\Pipeline->Laravel\\Lumen\\Routing\\{closure}(Object(Laravel\\Lumen\\Http\\Request))
#20 /app/vendor/laravel/lumen-framework/src/Concerns/RoutesRequests.php(428): Illuminate\\Pipeline\\Pipeline->then(Object(Closure))
#21 /app/vendor/laravel/lumen-framework/src/Concerns/RoutesRequests.php(263): Laravel\\Lumen\\Application->sendThroughPipeline(Array, Object(Closure))
#22 /app/vendor/laravel/lumen-framework/src/Concerns/RoutesRequests.php(171): Laravel\\Lumen\\Application->handleFoundRoute(Array)
#23 /app/vendor/laravel/lumen-framework/src/Routing/Pipeline.php(48): Laravel\\Lumen\\Application->Laravel\\Lumen\\Concerns\\{closure}(Object(Laravel\\Lumen\\Http\\Request))
#24 /app/app/Http/Middleware/CorsMiddleware.php(12): Laravel\\Lumen\\Routing\\Pipeline->Laravel\\Lumen\\Routing\\{closure}(Object(Laravel\\Lumen\\Http\\Request))
#25 /app/vendor/illuminate/pipeline/Pipeline.php(183): App\\Http\\Middleware\\CorsMiddleware->handle(Object(Laravel\\Lumen\\Http\\Request), Object(Closure))
#26 /app/vendor/laravel/lumen-framework/src/Routing/Pipeline.php(30): Illuminate\\Pipeline\\Pipeline->Illuminate\\Pipeline\\{closure}(Object(Laravel\\Lumen\\Http\\Request))
#27 /app/vendor/illuminate/pipeline/Pipeline.php(119): Laravel\\Lumen\\Routing\\Pipeline->Laravel\\Lumen\\Routing\\{closure}(Object(Laravel\\Lumen\\Http\\Request))
#28 /app/vendor/laravel/lumen-framework/src/Concerns/RoutesRequests.php(428): Illuminate\\Pipeline\\Pipeline->then(Object(Closure))
#29 /app/vendor/laravel/lumen-framework/src/Concerns/RoutesRequests.php(167): Laravel\\Lumen\\Application->sendThroughPipeline(Array, Object(Closure))
#30 /app/vendor/laravel/lumen-framework/src/Concerns/RoutesRequests.php(112): Laravel\\Lumen\\Application->dispatch(NULL)
#31 /app/public/index.php(5): Laravel\\Lumen\\Application->run()
#32 {main}

[previous exception] [object] (PDOException(code: 42P01): SQLSTATE[42P01]: Undefined table: 7 ERROR:  relation \"notifications\" does not exist
LINE 2:              FROM notifications
                          ^ at /app/vendor/illuminate/database/Connection.php:428)
[stacktrace]
#0 /app/vendor/illuminate/database/Connection.php(428): PDOStatement->execute()
#1 /app/vendor/illuminate/database/Connection.php(816): Illuminate\\Database\\Connection->Illuminate\\Database\\{closure}('SELECT id, type...', Array)
#2 /app/vendor/illuminate/database/Connection.php(783): Illuminate\\Database\\Connection->runQueryCallback('SELECT id, type...', Array, Object(Closure))
#3 /app/vendor/illuminate/database/Connection.php(414): Illuminate\\Database\\Connection->run('SELECT id, type...', Array, Object(Closure))
#4 /app/vendor/illuminate/database/DatabaseManager.php(509): Illuminate\\Database\\Connection->select('SELECT id, type...', Array)
#5 /app/vendor/illuminate/support/Facades/Facade.php(355): Illuminate\\Database\\DatabaseManager->__call('select', Array)
#6 /app/app/Http/Controllers/NotificationController.php(17): Illuminate\\Support\\Facades\\Facade::__callStatic('select', Array)
#7 /app/vendor/illuminate/container/BoundMethod.php(36): App\\Http\\Controllers\\NotificationController->index(Object(Laravel\\Lumen\\Http\\Request))
#8 /app/vendor/illuminate/container/Util.php(41): Illuminate\\Container\\BoundMethod::Illuminate\\Container\\{closure}()
#9 /app/vendor/illuminate/container/BoundMethod.php(93): Illuminate\\Container\\Util::unwrapIfClosure(Object(Closure))
#10 /app/vendor/illuminate/container/BoundMethod.php(35): Illuminate\\Container\\BoundMethod::callBoundMethod(Object(Laravel\\Lumen\\Application), Array, Object(Closure))
#11 /app/vendor/illuminate/container/Container.php(662): Illuminate\\Container\\BoundMethod::call(Object(Laravel\\Lumen\\Application), Array, Array, NULL)
#12 /app/vendor/laravel/lumen-framework/src/Concerns/RoutesRequests.php(391): Illuminate\\Container\\Container->call(Array, Array)
#13 /app/vendor/laravel/lumen-framework/src/Concerns/RoutesRequests.php(356): Laravel\\Lumen\\Application->callControllerCallable(Array, Array)
#14 /app/vendor/laravel/lumen-framework/src/Concerns/RoutesRequests.php(331): Laravel\\Lumen\\Application->callLumenController(Object(App\\Http\\Controllers\\NotificationController), 'index', Array)
#15 /app/vendor/laravel/lumen-framework/src/Concerns/RoutesRequests.php(284): Laravel\\Lumen\\Application->callControllerAction(Array)
#16 /app/vendor/laravel/lumen-framework/src/Concerns/RoutesRequests.php(264): Laravel\\Lumen\\Application->callActionOnArrayBasedRoute(Array)
#17 /app/vendor/laravel/lumen-framework/src/Routing/Pipeline.php(48): Laravel\\Lumen\\Application->Laravel\\Lumen\\Concerns\\{closure}(Object(Laravel\\Lumen\\Http\\Request))
#18 /app/app/Http/Middleware/Authenticate.php(35): Laravel\\Lumen\\Routing\\Pipeline->Laravel\\Lumen\\Routing\\{closure}(Object(Laravel\\Lumen\\Http\\Request))
#19 /app/vendor/illuminate/pipeline/Pipeline.php(183): App\\Http\\Middleware\\Authenticate->handle(Object(Laravel\\Lumen\\Http\\Request), Object(Closure))
#20 /app/vendor/laravel/lumen-framework/src/Routing/Pipeline.php(30): Illuminate\\Pipeline\\Pipeline->Illuminate\\Pipeline\\{closure}(Object(Laravel\\Lumen\\Http\\Request))
#21 /app/vendor/illuminate/pipeline/Pipeline.php(119): Laravel\\Lumen\\Routing\\Pipeline->Laravel\\Lumen\\Routing\\{closure}(Object(Laravel\\Lumen\\Http\\Request))
#22 /app/vendor/laravel/lumen-framework/src/Concerns/RoutesRequests.php(428): Illuminate\\Pipeline\\Pipeline->then(Object(Closure))
#23 /app/vendor/laravel/lumen-framework/src/Concerns/RoutesRequests.php(263): Laravel\\Lumen\\Application->sendThroughPipeline(Array, Object(Closure))
#24 /app/vendor/laravel/lumen-framework/src/Concerns/RoutesRequests.php(171): Laravel\\Lumen\\Application->handleFoundRoute(Array)
#25 /app/vendor/laravel/lumen-framework/src/Routing/Pipeline.php(48): Laravel\\Lumen\\Application->Laravel\\Lumen\\Concerns\\{closure}(Object(Laravel\\Lumen\\Http\\Request))
#26 /app/app/Http/Middleware/CorsMiddleware.php(12): Laravel\\Lumen\\Routing\\Pipeline->Laravel\\Lumen\\Routing\\{closure}(Object(Laravel\\Lumen\\Http\\Request))
#27 /app/vendor/illuminate/pipeline/Pipeline.php(183): App\\Http\\Middleware\\CorsMiddleware->handle(Object(Laravel\\Lumen\\Http\\Request), Object(Closure))
#28 /app/vendor/laravel/lumen-framework/src/Routing/Pipeline.php(30): Illuminate\\Pipeline\\Pipeline->Illuminate\\Pipeline\\{closure}(Object(Laravel\\Lumen\\Http\\Request))
#29 /app/vendor/illuminate/pipeline/Pipeline.php(119): Laravel\\Lumen\\Routing\\Pipeline->Laravel\\Lumen\\Routing\\{closure}(Object(Laravel\\Lumen\\Http\\Request))
#30 /app/vendor/laravel/lumen-framework/src/Concerns/RoutesRequests.php(428): Illuminate\\Pipeline\\Pipeline->then(Object(Closure))
#31 /app/vendor/laravel/lumen-framework/src/Concerns/RoutesRequests.php(167): Laravel\\Lumen\\Application->sendThroughPipeline(Array, Object(Closure))
#32 /app/vendor/laravel/lumen-framework/src/Concerns/RoutesRequests.php(112): Laravel\\Lumen\\Application->dispatch(NULL)
#33 /app/public/index.php(5): Laravel\\Lumen\\Application->run()
#34 {main}
"} 
[2026-04-27 00:52:43] local.ERROR: SQLSTATE[42P01]: Undefined table: 7 ERROR:  relation "notifications" does not exist
LINE 2:              FROM notifications
                          ^ (Connection: pgsql, SQL: SELECT id, type, data, read_at, created_at
             FROM notifications
             WHERE notifiable_type = App\Models\User AND notifiable_id = 00000000-0000-0000-0000-000000000001::uuid
             ORDER BY read_at IS NOT NULL, created_at DESC
             LIMIT 50) {"exception":"[object] (Illuminate\\Database\\QueryException(code: 42P01): SQLSTATE[42P01]: Undefined table: 7 ERROR:  relation \"notifications\" does not exist
LINE 2:              FROM notifications
                          ^ (Connection: pgsql, SQL: SELECT id, type, data, read_at, created_at
             FROM notifications
             WHERE notifiable_type = App\\Models\\User AND notifiable_id = 00000000-0000-0000-0000-000000000001::uuid
             ORDER BY read_at IS NOT NULL, created_at DESC
             LIMIT 50) at /app/vendor/illuminate/database/Connection.php:829)
[stacktrace]
#0 /app/vendor/illuminate/database/Connection.php(783): Illuminate\\Database\\Connection->runQueryCallback('SELECT id, type...', Array, Object(Closure))
#1 /app/vendor/illuminate/database/Connection.php(414): Illuminate\\Database\\Connection->run('SELECT id, type...', Array, Object(Closure))
#2 /app/vendor/illuminate/database/DatabaseManager.php(509): Illuminate\\Database\\Connection->select('SELECT id, type...', Array)
#3 /app/vendor/illuminate/support/Facades/Facade.php(355): Illuminate\\Database\\DatabaseManager->__call('select', Array)
#4 /app/app/Http/Controllers/NotificationController.php(17): Illuminate\\Support\\Facades\\Facade::__callStatic('select', Array)
#5 /app/vendor/illuminate/container/BoundMethod.php(36): App\\Http\\Controllers\\NotificationController->index(Object(Laravel\\Lumen\\Http\\Request))
#6 /app/vendor/illuminate/container/Util.php(41): Illuminate\\Container\\BoundMethod::Illuminate\\Container\\{closure}()
#7 /app/vendor/illuminate/container/BoundMethod.php(93): Illuminate\\Container\\Util::unwrapIfClosure(Object(Closure))
#8 /app/vendor/illuminate/container/BoundMethod.php(35): Illuminate\\Container\\BoundMethod::callBoundMethod(Object(Laravel\\Lumen\\Application), Array, Object(Closure))
#9 /app/vendor/illuminate/container/Container.php(662): Illuminate\\Container\\BoundMethod::call(Object(Laravel\\Lumen\\Application), Array, Array, NULL)
#10 /app/vendor/laravel/lumen-framework/src/Concerns/RoutesRequests.php(391): Illuminate\\Container\\Container->call(Array, Array)
#11 /app/vendor/laravel/lumen-framework/src/Concerns/RoutesRequests.php(356): Laravel\\Lumen\\Application->callControllerCallable(Array, Array)
#12 /app/vendor/laravel/lumen-framework/src/Concerns/RoutesRequests.php(331): Laravel\\Lumen\\Application->callLumenController(Object(App\\Http\\Controllers\\NotificationController), 'index', Array)
#13 /app/vendor/laravel/lumen-framework/src/Concerns/RoutesRequests.php(284): Laravel\\Lumen\\Application->callControllerAction(Array)
#14 /app/vendor/laravel/lumen-framework/src/Concerns/RoutesRequests.php(264): Laravel\\Lumen\\Application->callActionOnArrayBasedRoute(Array)
#15 /app/vendor/laravel/lumen-framework/src/Routing/Pipeline.php(48): Laravel\\Lumen\\Application->Laravel\\Lumen\\Concerns\\{closure}(Object(Laravel\\Lumen\\Http\\Request))
#16 /app/app/Http/Middleware/Authenticate.php(35): Laravel\\Lumen\\Routing\\Pipeline->Laravel\\Lumen\\Routing\\{closure}(Object(Laravel\\Lumen\\Http\\Request))
#17 /app/vendor/illuminate/pipeline/Pipeline.php(183): App\\Http\\Middleware\\Authenticate->handle(Object(Laravel\\Lumen\\Http\\Request), Object(Closure))
#18 /app/vendor/laravel/lumen-framework/src/Routing/Pipeline.php(30): Illuminate\\Pipeline\\Pipeline->Illuminate\\Pipeline\\{closure}(Object(Laravel\\Lumen\\Http\\Request))
#19 /app/vendor/illuminate/pipeline/Pipeline.php(119): Laravel\\Lumen\\Routing\\Pipeline->Laravel\\Lumen\\Routing\\{closure}(Object(Laravel\\Lumen\\Http\\Request))
#20 /app/vendor/laravel/lumen-framework/src/Concerns/RoutesRequests.php(428): Illuminate\\Pipeline\\Pipeline->then(Object(Closure))
#21 /app/vendor/laravel/lumen-framework/src/Concerns/RoutesRequests.php(263): Laravel\\Lumen\\Application->sendThroughPipeline(Array, Object(Closure))
#22 /app/vendor/laravel/lumen-framework/src/Concerns/RoutesRequests.php(171): Laravel\\Lumen\\Application->handleFoundRoute(Array)
#23 /app/vendor/laravel/lumen-framework/src/Routing/Pipeline.php(48): Laravel\\Lumen\\Application->Laravel\\Lumen\\Concerns\\{closure}(Object(Laravel\\Lumen\\Http\\Request))
#24 /app/app/Http/Middleware/CorsMiddleware.php(12): Laravel\\Lumen\\Routing\\Pipeline->Laravel\\Lumen\\Routing\\{closure}(Object(Laravel\\Lumen\\Http\\Request))
#25 /app/vendor/illuminate/pipeline/Pipeline.php(183): App\\Http\\Middleware\\CorsMiddleware->handle(Object(Laravel\\Lumen\\Http\\Request), Object(Closure))
#26 /app/vendor/laravel/lumen-framework/src/Routing/Pipeline.php(30): Illuminate\\Pipeline\\Pipeline->Illuminate\\Pipeline\\{closure}(Object(Laravel\\Lumen\\Http\\Request))
#27 /app/vendor/illuminate/pipeline/Pipeline.php(119): Laravel\\Lumen\\Routing\\Pipeline->Laravel\\Lumen\\Routing\\{closure}(Object(Laravel\\Lumen\\Http\\Request))
#28 /app/vendor/laravel/lumen-framework/src/Concerns/RoutesRequests.php(428): Illuminate\\Pipeline\\Pipeline->then(Object(Closure))
#29 /app/vendor/laravel/lumen-framework/src/Concerns/RoutesRequests.php(167): Laravel\\Lumen\\Application->sendThroughPipeline(Array, Object(Closure))
#30 /app/vendor/laravel/lumen-framework/src/Concerns/RoutesRequests.php(112): Laravel\\Lumen\\Application->dispatch(NULL)
#31 /app/public/index.php(5): Laravel\\Lumen\\Application->run()
#32 {main}

[previous exception] [object] (PDOException(code: 42P01): SQLSTATE[42P01]: Undefined table: 7 ERROR:  relation \"notifications\" does not exist
LINE 2:              FROM notifications
                          ^ at /app/vendor/illuminate/database/Connection.php:428)
[stacktrace]
#0 /app/vendor/illuminate/database/Connection.php(428): PDOStatement->execute()
#1 /app/vendor/illuminate/database/Connection.php(816): Illuminate\\Database\\Connection->Illuminate\\Database\\{closure}('SELECT id, type...', Array)
#2 /app/vendor/illuminate/database/Connection.php(783): Illuminate\\Database\\Connection->runQueryCallback('SELECT id, type...', Array, Object(Closure))
#3 /app/vendor/illuminate/database/Connection.php(414): Illuminate\\Database\\Connection->run('SELECT id, type...', Array, Object(Closure))
#4 /app/vendor/illuminate/database/DatabaseManager.php(509): Illuminate\\Database\\Connection->select('SELECT id, type...', Array)
#5 /app/vendor/illuminate/support/Facades/Facade.php(355): Illuminate\\Database\\DatabaseManager->__call('select', Array)
#6 /app/app/Http/Controllers/NotificationController.php(17): Illuminate\\Support\\Facades\\Facade::__callStatic('select', Array)
#7 /app/vendor/illuminate/container/BoundMethod.php(36): App\\Http\\Controllers\\NotificationController->index(Object(Laravel\\Lumen\\Http\\Request))
#8 /app/vendor/illuminate/container/Util.php(41): Illuminate\\Container\\BoundMethod::Illuminate\\Container\\{closure}()
#9 /app/vendor/illuminate/container/BoundMethod.php(93): Illuminate\\Container\\Util::unwrapIfClosure(Object(Closure))
#10 /app/vendor/illuminate/container/BoundMethod.php(35): Illuminate\\Container\\BoundMethod::callBoundMethod(Object(Laravel\\Lumen\\Application), Array, Object(Closure))
#11 /app/vendor/illuminate/container/Container.php(662): Illuminate\\Container\\BoundMethod::call(Object(Laravel\\Lumen\\Application), Array, Array, NULL)
#12 /app/vendor/laravel/lumen-framework/src/Concerns/RoutesRequests.php(391): Illuminate\\Container\\Container->call(Array, Array)
#13 /app/vendor/laravel/lumen-framework/src/Concerns/RoutesRequests.php(356): Laravel\\Lumen\\Application->callControllerCallable(Array, Array)
#14 /app/vendor/laravel/lumen-framework/src/Concerns/RoutesRequests.php(331): Laravel\\Lumen\\Application->callLumenController(Object(App\\Http\\Controllers\\NotificationController), 'index', Array)
#15 /app/vendor/laravel/lumen-framework/src/Concerns/RoutesRequests.php(284): Laravel\\Lumen\\Application->callControllerAction(Array)
#16 /app/vendor/laravel/lumen-framework/src/Concerns/RoutesRequests.php(264): Laravel\\Lumen\\Application->callActionOnArrayBasedRoute(Array)
#17 /app/vendor/laravel/lumen-framework/src/Routing/Pipeline.php(48): Laravel\\Lumen\\Application->Laravel\\Lumen\\Concerns\\{closure}(Object(Laravel\\Lumen\\Http\\Request))
#18 /app/app/Http/Middleware/Authenticate.php(35): Laravel\\Lumen\\Routing\\Pipeline->Laravel\\Lumen\\Routing\\{closure}(Object(Laravel\\Lumen\\Http\\Request))
#19 /app/vendor/illuminate/pipeline/Pipeline.php(183): App\\Http\\Middleware\\Authenticate->handle(Object(Laravel\\Lumen\\Http\\Request), Object(Closure))
#20 /app/vendor/laravel/lumen-framework/src/Routing/Pipeline.php(30): Illuminate\\Pipeline\\Pipeline->Illuminate\\Pipeline\\{closure}(Object(Laravel\\Lumen\\Http\\Request))
#21 /app/vendor/illuminate/pipeline/Pipeline.php(119): Laravel\\Lumen\\Routing\\Pipeline->Laravel\\Lumen\\Routing\\{closure}(Object(Laravel\\Lumen\\Http\\Request))
#22 /app/vendor/laravel/lumen-framework/src/Concerns/RoutesRequests.php(428): Illuminate\\Pipeline\\Pipeline->then(Object(Closure))
#23 /app/vendor/laravel/lumen-framework/src/Concerns/RoutesRequests.php(263): Laravel\\Lumen\\Application->sendThroughPipeline(Array, Object(Closure))
#24 /app/vendor/laravel/lumen-framework/src/Concerns/RoutesRequests.php(171): Laravel\\Lumen\\Application->handleFoundRoute(Array)
#25 /app/vendor/laravel/lumen-framework/src/Routing/Pipeline.php(48): Laravel\\Lumen\\Application->Laravel\\Lumen\\Concerns\\{closure}(Object(Laravel\\Lumen\\Http\\Request))
#26 /app/app/Http/Middleware/CorsMiddleware.php(12): Laravel\\Lumen\\Routing\\Pipeline->Laravel\\Lumen\\Routing\\{closure}(Object(Laravel\\Lumen\\Http\\Request))
#27 /app/vendor/illuminate/pipeline/Pipeline.php(183): App\\Http\\Middleware\\CorsMiddleware->handle(Object(Laravel\\Lumen\\Http\\Request), Object(Closure))
#28 /app/vendor/laravel/lumen-framework/src/Routing/Pipeline.php(30): Illuminate\\Pipeline\\Pipeline->Illuminate\\Pipeline\\{closure}(Object(Laravel\\Lumen\\Http\\Request))
#29 /app/vendor/illuminate/pipeline/Pipeline.php(119): Laravel\\Lumen\\Routing\\Pipeline->Laravel\\Lumen\\Routing\\{closure}(Object(Laravel\\Lumen\\Http\\Request))
#30 /app/vendor/laravel/lumen-framework/src/Concerns/RoutesRequests.php(428): Illuminate\\Pipeline\\Pipeline->then(Object(Closure))
#31 /app/vendor/laravel/lumen-framework/src/Concerns/RoutesRequests.php(167): Laravel\\Lumen\\Application->sendThroughPipeline(Array, Object(Closure))
#32 /app/vendor/laravel/lumen-framework/src/Concerns/RoutesRequests.php(112): Laravel\\Lumen\\Application->dispatch(NULL)
#33 /app/public/index.php(5): Laravel\\Lumen\\Application->run()
#34 {main}
"} 
[2026-04-27 00:53:10] local.ERROR: SQLSTATE[42P01]: Undefined table: 7 ERROR:  relation "notifications" does not exist
LINE 2:              FROM notifications
                          ^ (Connection: pgsql, SQL: SELECT id, type, data, read_at, created_at
             FROM notifications
             WHERE notifiable_type = App\Models\User AND notifiable_id = 00000000-0000-0000-0000-000000000099::uuid
             ORDER BY read_at IS NOT NULL, created_at DESC
             LIMIT 50) {"exception":"[object] (Illuminate\\Database\\QueryException(code: 42P01): SQLSTATE[42P01]: Undefined table: 7 ERROR:  relation \"notifications\" does not exist
LINE 2:              FROM notifications
                          ^ (Connection: pgsql, SQL: SELECT id, type, data, read_at, created_at
             FROM notifications
             WHERE notifiable_type = App\\Models\\User AND notifiable_id = 00000000-0000-0000-0000-000000000099::uuid
             ORDER BY read_at IS NOT NULL, created_at DESC
             LIMIT 50) at /app/vendor/illuminate/database/Connection.php:829)
[stacktrace]
#0 /app/vendor/illuminate/database/Connection.php(783): Illuminate\\Database\\Connection->runQueryCallback('SELECT id, type...', Array, Object(Closure))
#1 /app/vendor/illuminate/database/Connection.php(414): Illuminate\\Database\\Connection->run('SELECT id, type...', Array, Object(Closure))
#2 /app/vendor/illuminate/database/DatabaseManager.php(509): Illuminate\\Database\\Connection->select('SELECT id, type...', Array)
#3 /app/vendor/illuminate/support/Facades/Facade.php(355): Illuminate\\Database\\DatabaseManager->__call('select', Array)
#4 /app/app/Http/Controllers/NotificationController.php(17): Illuminate\\Support\\Facades\\Facade::__callStatic('select', Array)
#5 /app/vendor/illuminate/container/BoundMethod.php(36): App\\Http\\Controllers\\NotificationController->index(Object(Laravel\\Lumen\\Http\\Request))
#6 /app/vendor/illuminate/container/Util.php(41): Illuminate\\Container\\BoundMethod::Illuminate\\Container\\{closure}()
#7 /app/vendor/illuminate/container/BoundMethod.php(93): Illuminate\\Container\\Util::unwrapIfClosure(Object(Closure))
#8 /app/vendor/illuminate/container/BoundMethod.php(35): Illuminate\\Container\\BoundMethod::callBoundMethod(Object(Laravel\\Lumen\\Application), Array, Object(Closure))
#9 /app/vendor/illuminate/container/Container.php(662): Illuminate\\Container\\BoundMethod::call(Object(Laravel\\Lumen\\Application), Array, Array, NULL)
#10 /app/vendor/laravel/lumen-framework/src/Concerns/RoutesRequests.php(391): Illuminate\\Container\\Container->call(Array, Array)
#11 /app/vendor/laravel/lumen-framework/src/Concerns/RoutesRequests.php(356): Laravel\\Lumen\\Application->callControllerCallable(Array, Array)
#12 /app/vendor/laravel/lumen-framework/src/Concerns/RoutesRequests.php(331): Laravel\\Lumen\\Application->callLumenController(Object(App\\Http\\Controllers\\NotificationController), 'index', Array)
#13 /app/vendor/laravel/lumen-framework/src/Concerns/RoutesRequests.php(284): Laravel\\Lumen\\Application->callControllerAction(Array)
#14 /app/vendor/laravel/lumen-framework/src/Concerns/RoutesRequests.php(264): Laravel\\Lumen\\Application->callActionOnArrayBasedRoute(Array)
#15 /app/vendor/laravel/lumen-framework/src/Routing/Pipeline.php(48): Laravel\\Lumen\\Application->Laravel\\Lumen\\Concerns\\{closure}(Object(Laravel\\Lumen\\Http\\Request))
#16 /app/app/Http/Middleware/Authenticate.php(35): Laravel\\Lumen\\Routing\\Pipeline->Laravel\\Lumen\\Routing\\{closure}(Object(Laravel\\Lumen\\Http\\Request))
#17 /app/vendor/illuminate/pipeline/Pipeline.php(183): App\\Http\\Middleware\\Authenticate->handle(Object(Laravel\\Lumen\\Http\\Request), Object(Closure))
#18 /app/vendor/laravel/lumen-framework/src/Routing/Pipeline.php(30): Illuminate\\Pipeline\\Pipeline->Illuminate\\Pipeline\\{closure}(Object(Laravel\\Lumen\\Http\\Request))
#19 /app/vendor/illuminate/pipeline/Pipeline.php(119): Laravel\\Lumen\\Routing\\Pipeline->Laravel\\Lumen\\Routing\\{closure}(Object(Laravel\\Lumen\\Http\\Request))
#20 /app/vendor/laravel/lumen-framework/src/Concerns/RoutesRequests.php(428): Illuminate\\Pipeline\\Pipeline->then(Object(Closure))
#21 /app/vendor/laravel/lumen-framework/src/Concerns/RoutesRequests.php(263): Laravel\\Lumen\\Application->sendThroughPipeline(Array, Object(Closure))
#22 /app/vendor/laravel/lumen-framework/src/Concerns/RoutesRequests.php(171): Laravel\\Lumen\\Application->handleFoundRoute(Array)
#23 /app/vendor/laravel/lumen-framework/src/Routing/Pipeline.php(48): Laravel\\Lumen\\Application->Laravel\\Lumen\\Concerns\\{closure}(Object(Laravel\\Lumen\\Http\\Request))
#24 /app/app/Http/Middleware/CorsMiddleware.php(12): Laravel\\Lumen\\Routing\\Pipeline->Laravel\\Lumen\\Routing\\{closure}(Object(Laravel\\Lumen\\Http\\Request))
#25 /app/vendor/illuminate/pipeline/Pipeline.php(183): App\\Http\\Middleware\\CorsMiddleware->handle(Object(Laravel\\Lumen\\Http\\Request), Object(Closure))
#26 /app/vendor/laravel/lumen-framework/src/Routing/Pipeline.php(30): Illuminate\\Pipeline\\Pipeline->Illuminate\\Pipeline\\{closure}(Object(Laravel\\Lumen\\Http\\Request))
#27 /app/vendor/illuminate/pipeline/Pipeline.php(119): Laravel\\Lumen\\Routing\\Pipeline->Laravel\\Lumen\\Routing\\{closure}(Object(Laravel\\Lumen\\Http\\Request))
#28 /app/vendor/laravel/lumen-framework/src/Concerns/RoutesRequests.php(428): Illuminate\\Pipeline\\Pipeline->then(Object(Closure))
#29 /app/vendor/laravel/lumen-framework/src/Concerns/RoutesRequests.php(167): Laravel\\Lumen\\Application->sendThroughPipeline(Array, Object(Closure))
#30 /app/vendor/laravel/lumen-framework/src/Concerns/RoutesRequests.php(112): Laravel\\Lumen\\Application->dispatch(NULL)
#31 /app/public/index.php(5): Laravel\\Lumen\\Application->run()
#32 {main}

[previous exception] [object] (PDOException(code: 42P01): SQLSTATE[42P01]: Undefined table: 7 ERROR:  relation \"notifications\" does not exist
LINE 2:              FROM notifications
                          ^ at /app/vendor/illuminate/database/Connection.php:428)
[stacktrace]
#0 /app/vendor/illuminate/database/Connection.php(428): PDOStatement->execute()
#1 /app/vendor/illuminate/database/Connection.php(816): Illuminate\\Database\\Connection->Illuminate\\Database\\{closure}('SELECT id, type...', Array)
#2 /app/vendor/illuminate/database/Connection.php(783): Illuminate\\Database\\Connection->runQueryCallback('SELECT id, type...', Array, Object(Closure))
#3 /app/vendor/illuminate/database/Connection.php(414): Illuminate\\Database\\Connection->run('SELECT id, type...', Array, Object(Closure))
#4 /app/vendor/illuminate/database/DatabaseManager.php(509): Illuminate\\Database\\Connection->select('SELECT id, type...', Array)
#5 /app/vendor/illuminate/support/Facades/Facade.php(355): Illuminate\\Database\\DatabaseManager->__call('select', Array)
#6 /app/app/Http/Controllers/NotificationController.php(17): Illuminate\\Support\\Facades\\Facade::__callStatic('select', Array)
#7 /app/vendor/illuminate/container/BoundMethod.php(36): App\\Http\\Controllers\\NotificationController->index(Object(Laravel\\Lumen\\Http\\Request))
#8 /app/vendor/illuminate/container/Util.php(41): Illuminate\\Container\\BoundMethod::Illuminate\\Container\\{closure}()
#9 /app/vendor/illuminate/container/BoundMethod.php(93): Illuminate\\Container\\Util::unwrapIfClosure(Object(Closure))
#10 /app/vendor/illuminate/container/BoundMethod.php(35): Illuminate\\Container\\BoundMethod::callBoundMethod(Object(Laravel\\Lumen\\Application), Array, Object(Closure))
#11 /app/vendor/illuminate/container/Container.php(662): Illuminate\\Container\\BoundMethod::call(Object(Laravel\\Lumen\\Application), Array, Array, NULL)
#12 /app/vendor/laravel/lumen-framework/src/Concerns/RoutesRequests.php(391): Illuminate\\Container\\Container->call(Array, Array)
#13 /app/vendor/laravel/lumen-framework/src/Concerns/RoutesRequests.php(356): Laravel\\Lumen\\Application->callControllerCallable(Array, Array)
#14 /app/vendor/laravel/lumen-framework/src/Concerns/RoutesRequests.php(331): Laravel\\Lumen\\Application->callLumenController(Object(App\\Http\\Controllers\\NotificationController), 'index', Array)
#15 /app/vendor/laravel/lumen-framework/src/Concerns/RoutesRequests.php(284): Laravel\\Lumen\\Application->callControllerAction(Array)
#16 /app/vendor/laravel/lumen-framework/src/Concerns/RoutesRequests.php(264): Laravel\\Lumen\\Application->callActionOnArrayBasedRoute(Array)
#17 /app/vendor/laravel/lumen-framework/src/Routing/Pipeline.php(48): Laravel\\Lumen\\Application->Laravel\\Lumen\\Concerns\\{closure}(Object(Laravel\\Lumen\\Http\\Request))
#18 /app/app/Http/Middleware/Authenticate.php(35): Laravel\\Lumen\\Routing\\Pipeline->Laravel\\Lumen\\Routing\\{closure}(Object(Laravel\\Lumen\\Http\\Request))
#19 /app/vendor/illuminate/pipeline/Pipeline.php(183): App\\Http\\Middleware\\Authenticate->handle(Object(Laravel\\Lumen\\Http\\Request), Object(Closure))
#20 /app/vendor/laravel/lumen-framework/src/Routing/Pipeline.php(30): Illuminate\\Pipeline\\Pipeline->Illuminate\\Pipeline\\{closure}(Object(Laravel\\Lumen\\Http\\Request))
#21 /app/vendor/illuminate/pipeline/Pipeline.php(119): Laravel\\Lumen\\Routing\\Pipeline->Laravel\\Lumen\\Routing\\{closure}(Object(Laravel\\Lumen\\Http\\Request))
#22 /app/vendor/laravel/lumen-framework/src/Concerns/RoutesRequests.php(428): Illuminate\\Pipeline\\Pipeline->then(Object(Closure))
#23 /app/vendor/laravel/lumen-framework/src/Concerns/RoutesRequests.php(263): Laravel\\Lumen\\Application->sendThroughPipeline(Array, Object(Closure))
#24 /app/vendor/laravel/lumen-framework/src/Concerns/RoutesRequests.php(171): Laravel\\Lumen\\Application->handleFoundRoute(Array)
#25 /app/vendor/laravel/lumen-framework/src/Routing/Pipeline.php(48): Laravel\\Lumen\\Application->Laravel\\Lumen\\Concerns\\{closure}(Object(Laravel\\Lumen\\Http\\Request))
#26 /app/app/Http/Middleware/CorsMiddleware.php(12): Laravel\\Lumen\\Routing\\Pipeline->Laravel\\Lumen\\Routing\\{closure}(Object(Laravel\\Lumen\\Http\\Request))
#27 /app/vendor/illuminate/pipeline/Pipeline.php(183): App\\Http\\Middleware\\CorsMiddleware->handle(Object(Laravel\\Lumen\\Http\\Request), Object(Closure))
#28 /app/vendor/laravel/lumen-framework/src/Routing/Pipeline.php(30): Illuminate\\Pipeline\\Pipeline->Illuminate\\Pipeline\\{closure}(Object(Laravel\\Lumen\\Http\\Request))
#29 /app/vendor/illuminate/pipeline/Pipeline.php(119): Laravel\\Lumen\\Routing\\Pipeline->Laravel\\Lumen\\Routing\\{closure}(Object(Laravel\\Lumen\\Http\\Request))
#30 /app/vendor/laravel/lumen-framework/src/Concerns/RoutesRequests.php(428): Illuminate\\Pipeline\\Pipeline->then(Object(Closure))
#31 /app/vendor/laravel/lumen-framework/src/Concerns/RoutesRequests.php(167): Laravel\\Lumen\\Application->sendThroughPipeline(Array, Object(Closure))
#32 /app/vendor/laravel/lumen-framework/src/Concerns/RoutesRequests.php(112): Laravel\\Lumen\\Application->dispatch(NULL)
#33 /app/public/index.php(5): Laravel\\Lumen\\Application->run()
#34 {main}
"} 
[2026-04-27 00:53:19] local.ERROR: SQLSTATE[42P01]: Undefined table: 7 ERROR:  relation "notifications" does not exist
LINE 2:              FROM notifications
                          ^ (Connection: pgsql, SQL: SELECT id, type, data, read_at, created_at
             FROM notifications
             WHERE notifiable_type = App\Models\User AND notifiable_id = 00000000-0000-0000-0000-000000000002::uuid
             ORDER BY read_at IS NOT NULL, created_at DESC
             LIMIT 50) {"exception":"[object] (Illuminate\\Database\\QueryException(code: 42P01): SQLSTATE[42P01]: Undefined table: 7 ERROR:  relation \"notifications\" does not exist
LINE 2:              FROM notifications
                          ^ (Connection: pgsql, SQL: SELECT id, type, data, read_at, created_at
             FROM notifications
             WHERE notifiable_type = App\\Models\\User AND notifiable_id = 00000000-0000-0000-0000-000000000002::uuid
             ORDER BY read_at IS NOT NULL, created_at DESC
             LIMIT 50) at /app/vendor/illuminate/database/Connection.php:829)
[stacktrace]
#0 /app/vendor/illuminate/database/Connection.php(783): Illuminate\\Database\\Connection->runQueryCallback('SELECT id, type...', Array, Object(Closure))
#1 /app/vendor/illuminate/database/Connection.php(414): Illuminate\\Database\\Connection->run('SELECT id, type...', Array, Object(Closure))
#2 /app/vendor/illuminate/database/DatabaseManager.php(509): Illuminate\\Database\\Connection->select('SELECT id, type...', Array)
#3 /app/vendor/illuminate/support/Facades/Facade.php(355): Illuminate\\Database\\DatabaseManager->__call('select', Array)
#4 /app/app/Http/Controllers/NotificationController.php(17): Illuminate\\Support\\Facades\\Facade::__callStatic('select', Array)
#5 /app/vendor/illuminate/container/BoundMethod.php(36): App\\Http\\Controllers\\NotificationController->index(Object(Laravel\\Lumen\\Http\\Request))
#6 /app/vendor/illuminate/container/Util.php(41): Illuminate\\Container\\BoundMethod::Illuminate\\Container\\{closure}()
#7 /app/vendor/illuminate/container/BoundMethod.php(93): Illuminate\\Container\\Util::unwrapIfClosure(Object(Closure))
#8 /app/vendor/illuminate/container/BoundMethod.php(35): Illuminate\\Container\\BoundMethod::callBoundMethod(Object(Laravel\\Lumen\\Application), Array, Object(Closure))
#9 /app/vendor/illuminate/container/Container.php(662): Illuminate\\Container\\BoundMethod::call(Object(Laravel\\Lumen\\Application), Array, Array, NULL)
#10 /app/vendor/laravel/lumen-framework/src/Concerns/RoutesRequests.php(391): Illuminate\\Container\\Container->call(Array, Array)
#11 /app/vendor/laravel/lumen-framework/src/Concerns/RoutesRequests.php(356): Laravel\\Lumen\\Application->callControllerCallable(Array, Array)
#12 /app/vendor/laravel/lumen-framework/src/Concerns/RoutesRequests.php(331): Laravel\\Lumen\\Application->callLumenController(Object(App\\Http\\Controllers\\NotificationController), 'index', Array)
#13 /app/vendor/laravel/lumen-framework/src/Concerns/RoutesRequests.php(284): Laravel\\Lumen\\Application->callControllerAction(Array)
#14 /app/vendor/laravel/lumen-framework/src/Concerns/RoutesRequests.php(264): Laravel\\Lumen\\Application->callActionOnArrayBasedRoute(Array)
#15 /app/vendor/laravel/lumen-framework/src/Routing/Pipeline.php(48): Laravel\\Lumen\\Application->Laravel\\Lumen\\Concerns\\{closure}(Object(Laravel\\Lumen\\Http\\Request))
#16 /app/app/Http/Middleware/Authenticate.php(35): Laravel\\Lumen\\Routing\\Pipeline->Laravel\\Lumen\\Routing\\{closure}(Object(Laravel\\Lumen\\Http\\Request))
#17 /app/vendor/illuminate/pipeline/Pipeline.php(183): App\\Http\\Middleware\\Authenticate->handle(Object(Laravel\\Lumen\\Http\\Request), Object(Closure))
#18 /app/vendor/laravel/lumen-framework/src/Routing/Pipeline.php(30): Illuminate\\Pipeline\\Pipeline->Illuminate\\Pipeline\\{closure}(Object(Laravel\\Lumen\\Http\\Request))
#19 /app/vendor/illuminate/pipeline/Pipeline.php(119): Laravel\\Lumen\\Routing\\Pipeline->Laravel\\Lumen\\Routing\\{closure}(Object(Laravel\\Lumen\\Http\\Request))
#20 /app/vendor/laravel/lumen-framework/src/Concerns/RoutesRequests.php(428): Illuminate\\Pipeline\\Pipeline->then(Object(Closure))
#21 /app/vendor/laravel/lumen-framework/src/Concerns/RoutesRequests.php(263): Laravel\\Lumen\\Application->sendThroughPipeline(Array, Object(Closure))
#22 /app/vendor/laravel/lumen-framework/src/Concerns/RoutesRequests.php(171): Laravel\\Lumen\\Application->handleFoundRoute(Array)
#23 /app/vendor/laravel/lumen-framework/src/Routing/Pipeline.php(48): Laravel\\Lumen\\Application->Laravel\\Lumen\\Concerns\\{closure}(Object(Laravel\\Lumen\\Http\\Request))
#24 /app/app/Http/Middleware/CorsMiddleware.php(12): Laravel\\Lumen\\Routing\\Pipeline->Laravel\\Lumen\\Routing\\{closure}(Object(Laravel\\Lumen\\Http\\Request))
#25 /app/vendor/illuminate/pipeline/Pipeline.php(183): App\\Http\\Middleware\\CorsMiddleware->handle(Object(Laravel\\Lumen\\Http\\Request), Object(Closure))
#26 /app/vendor/laravel/lumen-framework/src/Routing/Pipeline.php(30): Illuminate\\Pipeline\\Pipeline->Illuminate\\Pipeline\\{closure}(Object(Laravel\\Lumen\\Http\\Request))
#27 /app/vendor/illuminate/pipeline/Pipeline.php(119): Laravel\\Lumen\\Routing\\Pipeline->Laravel\\Lumen\\Routing\\{closure}(Object(Laravel\\Lumen\\Http\\Request))
#28 /app/vendor/laravel/lumen-framework/src/Concerns/RoutesRequests.php(428): Illuminate\\Pipeline\\Pipeline->then(Object(Closure))
#29 /app/vendor/laravel/lumen-framework/src/Concerns/RoutesRequests.php(167): Laravel\\Lumen\\Application->sendThroughPipeline(Array, Object(Closure))
#30 /app/vendor/laravel/lumen-framework/src/Concerns/RoutesRequests.php(112): Laravel\\Lumen\\Application->dispatch(NULL)
#31 /app/public/index.php(5): Laravel\\Lumen\\Application->run()
#32 {main}

[previous exception] [object] (PDOException(code: 42P01): SQLSTATE[42P01]: Undefined table: 7 ERROR:  relation \"notifications\" does not exist
LINE 2:              FROM notifications
                          ^ at /app/vendor/illuminate/database/Connection.php:428)
[stacktrace]
#0 /app/vendor/illuminate/database/Connection.php(428): PDOStatement->execute()
#1 /app/vendor/illuminate/database/Connection.php(816): Illuminate\\Database\\Connection->Illuminate\\Database\\{closure}('SELECT id, type...', Array)
#2 /app/vendor/illuminate/database/Connection.php(783): Illuminate\\Database\\Connection->runQueryCallback('SELECT id, type...', Array, Object(Closure))
#3 /app/vendor/illuminate/database/Connection.php(414): Illuminate\\Database\\Connection->run('SELECT id, type...', Array, Object(Closure))
#4 /app/vendor/illuminate/database/DatabaseManager.php(509): Illuminate\\Database\\Connection->select('SELECT id, type...', Array)
#5 /app/vendor/illuminate/support/Facades/Facade.php(355): Illuminate\\Database\\DatabaseManager->__call('select', Array)
#6 /app/app/Http/Controllers/NotificationController.php(17): Illuminate\\Support\\Facades\\Facade::__callStatic('select', Array)
#7 /app/vendor/illuminate/container/BoundMethod.php(36): App\\Http\\Controllers\\NotificationController->index(Object(Laravel\\Lumen\\Http\\Request))
#8 /app/vendor/illuminate/container/Util.php(41): Illuminate\\Container\\BoundMethod::Illuminate\\Container\\{closure}()
#9 /app/vendor/illuminate/container/BoundMethod.php(93): Illuminate\\Container\\Util::unwrapIfClosure(Object(Closure))
#10 /app/vendor/illuminate/container/BoundMethod.php(35): Illuminate\\Container\\BoundMethod::callBoundMethod(Object(Laravel\\Lumen\\Application), Array, Object(Closure))
#11 /app/vendor/illuminate/container/Container.php(662): Illuminate\\Container\\BoundMethod::call(Object(Laravel\\Lumen\\Application), Array, Array, NULL)
#12 /app/vendor/laravel/lumen-framework/src/Concerns/RoutesRequests.php(391): Illuminate\\Container\\Container->call(Array, Array)
#13 /app/vendor/laravel/lumen-framework/src/Concerns/RoutesRequests.php(356): Laravel\\Lumen\\Application->callControllerCallable(Array, Array)
#14 /app/vendor/laravel/lumen-framework/src/Concerns/RoutesRequests.php(331): Laravel\\Lumen\\Application->callLumenController(Object(App\\Http\\Controllers\\NotificationController), 'index', Array)
#15 /app/vendor/laravel/lumen-framework/src/Concerns/RoutesRequests.php(284): Laravel\\Lumen\\Application->callControllerAction(Array)
#16 /app/vendor/laravel/lumen-framework/src/Concerns/RoutesRequests.php(264): Laravel\\Lumen\\Application->callActionOnArrayBasedRoute(Array)
#17 /app/vendor/laravel/lumen-framework/src/Routing/Pipeline.php(48): Laravel\\Lumen\\Application->Laravel\\Lumen\\Concerns\\{closure}(Object(Laravel\\Lumen\\Http\\Request))
#18 /app/app/Http/Middleware/Authenticate.php(35): Laravel\\Lumen\\Routing\\Pipeline->Laravel\\Lumen\\Routing\\{closure}(Object(Laravel\\Lumen\\Http\\Request))
#19 /app/vendor/illuminate/pipeline/Pipeline.php(183): App\\Http\\Middleware\\Authenticate->handle(Object(Laravel\\Lumen\\Http\\Request), Object(Closure))
#20 /app/vendor/laravel/lumen-framework/src/Routing/Pipeline.php(30): Illuminate\\Pipeline\\Pipeline->Illuminate\\Pipeline\\{closure}(Object(Laravel\\Lumen\\Http\\Request))
#21 /app/vendor/illuminate/pipeline/Pipeline.php(119): Laravel\\Lumen\\Routing\\Pipeline->Laravel\\Lumen\\Routing\\{closure}(Object(Laravel\\Lumen\\Http\\Request))
#22 /app/vendor/laravel/lumen-framework/src/Concerns/RoutesRequests.php(428): Illuminate\\Pipeline\\Pipeline->then(Object(Closure))
#23 /app/vendor/laravel/lumen-framework/src/Concerns/RoutesRequests.php(263): Laravel\\Lumen\\Application->sendThroughPipeline(Array, Object(Closure))
#24 /app/vendor/laravel/lumen-framework/src/Concerns/RoutesRequests.php(171): Laravel\\Lumen\\Application->handleFoundRoute(Array)
#25 /app/vendor/laravel/lumen-framework/src/Routing/Pipeline.php(48): Laravel\\Lumen\\Application->Laravel\\Lumen\\Concerns\\{closure}(Object(Laravel\\Lumen\\Http\\Request))
#26 /app/app/Http/Middleware/CorsMiddleware.php(12): Laravel\\Lumen\\Routing\\Pipeline->Laravel\\Lumen\\Routing\\{closure}(Object(Laravel\\Lumen\\Http\\Request))
#27 /app/vendor/illuminate/pipeline/Pipeline.php(183): App\\Http\\Middleware\\CorsMiddleware->handle(Object(Laravel\\Lumen\\Http\\Request), Object(Closure))
#28 /app/vendor/laravel/lumen-framework/src/Routing/Pipeline.php(30): Illuminate\\Pipeline\\Pipeline->Illuminate\\Pipeline\\{closure}(Object(Laravel\\Lumen\\Http\\Request))
#29 /app/vendor/illuminate/pipeline/Pipeline.php(119): Laravel\\Lumen\\Routing\\Pipeline->Laravel\\Lumen\\Routing\\{closure}(Object(Laravel\\Lumen\\Http\\Request))
#30 /app/vendor/laravel/lumen-framework/src/Concerns/RoutesRequests.php(428): Illuminate\\Pipeline\\Pipeline->then(Object(Closure))
#31 /app/vendor/laravel/lumen-framework/src/Concerns/RoutesRequests.php(167): Laravel\\Lumen\\Application->sendThroughPipeline(Array, Object(Closure))
#32 /app/vendor/laravel/lumen-framework/src/Concerns/RoutesRequests.php(112): Laravel\\Lumen\\Application->dispatch(NULL)
#33 /app/public/index.php(5): Laravel\\Lumen\\Application->run()
#34 {main}
"} 
[2026-04-27 00:53:39] local.ERROR: SQLSTATE[42P01]: Undefined table: 7 ERROR:  relation "notifications" does not exist
LINE 2:              FROM notifications
                          ^ (Connection: pgsql, SQL: SELECT id, type, data, read_at, created_at
             FROM notifications
             WHERE notifiable_type = App\Models\User AND notifiable_id = 00000000-0000-0000-0000-000000000099::uuid
             ORDER BY read_at IS NOT NULL, created_at DESC
             LIMIT 50) {"exception":"[object] (Illuminate\\Database\\QueryException(code: 42P01): SQLSTATE[42P01]: Undefined table: 7 ERROR:  relation \"notifications\" does not exist
LINE 2:              FROM notifications
                          ^ (Connection: pgsql, SQL: SELECT id, type, data, read_at, created_at
             FROM notifications
             WHERE notifiable_type = App\\Models\\User AND notifiable_id = 00000000-0000-0000-0000-000000000099::uuid
             ORDER BY read_at IS NOT NULL, created_at DESC
             LIMIT 50) at /app/vendor/illuminate/database/Connection.php:829)
[stacktrace]
#0 /app/vendor/illuminate/database/Connection.php(783): Illuminate\\Database\\Connection->runQueryCallback('SELECT id, type...', Array, Object(Closure))
#1 /app/vendor/illuminate/database/Connection.php(414): Illuminate\\Database\\Connection->run('SELECT id, type...', Array, Object(Closure))
#2 /app/vendor/illuminate/database/DatabaseManager.php(509): Illuminate\\Database\\Connection->select('SELECT id, type...', Array)
#3 /app/vendor/illuminate/support/Facades/Facade.php(355): Illuminate\\Database\\DatabaseManager->__call('select', Array)
#4 /app/app/Http/Controllers/NotificationController.php(17): Illuminate\\Support\\Facades\\Facade::__callStatic('select', Array)
#5 /app/vendor/illuminate/container/BoundMethod.php(36): App\\Http\\Controllers\\NotificationController->index(Object(Laravel\\Lumen\\Http\\Request))
#6 /app/vendor/illuminate/container/Util.php(41): Illuminate\\Container\\BoundMethod::Illuminate\\Container\\{closure}()
#7 /app/vendor/illuminate/container/BoundMethod.php(93): Illuminate\\Container\\Util::unwrapIfClosure(Object(Closure))
#8 /app/vendor/illuminate/container/BoundMethod.php(35): Illuminate\\Container\\BoundMethod::callBoundMethod(Object(Laravel\\Lumen\\Application), Array, Object(Closure))
#9 /app/vendor/illuminate/container/Container.php(662): Illuminate\\Container\\BoundMethod::call(Object(Laravel\\Lumen\\Application), Array, Array, NULL)
#10 /app/vendor/laravel/lumen-framework/src/Concerns/RoutesRequests.php(391): Illuminate\\Container\\Container->call(Array, Array)
#11 /app/vendor/laravel/lumen-framework/src/Concerns/RoutesRequests.php(356): Laravel\\Lumen\\Application->callControllerCallable(Array, Array)
#12 /app/vendor/laravel/lumen-framework/src/Concerns/RoutesRequests.php(331): Laravel\\Lumen\\Application->callLumenController(Object(App\\Http\\Controllers\\NotificationController), 'index', Array)
#13 /app/vendor/laravel/lumen-framework/src/Concerns/RoutesRequests.php(284): Laravel\\Lumen\\Application->callControllerAction(Array)
#14 /app/vendor/laravel/lumen-framework/src/Concerns/RoutesRequests.php(264): Laravel\\Lumen\\Application->callActionOnArrayBasedRoute(Array)
#15 /app/vendor/laravel/lumen-framework/src/Routing/Pipeline.php(48): Laravel\\Lumen\\Application->Laravel\\Lumen\\Concerns\\{closure}(Object(Laravel\\Lumen\\Http\\Request))
#16 /app/app/Http/Middleware/Authenticate.php(35): Laravel\\Lumen\\Routing\\Pipeline->Laravel\\Lumen\\Routing\\{closure}(Object(Laravel\\Lumen\\Http\\Request))
#17 /app/vendor/illuminate/pipeline/Pipeline.php(183): App\\Http\\Middleware\\Authenticate->handle(Object(Laravel\\Lumen\\Http\\Request), Object(Closure))
#18 /app/vendor/laravel/lumen-framework/src/Routing/Pipeline.php(30): Illuminate\\Pipeline\\Pipeline->Illuminate\\Pipeline\\{closure}(Object(Laravel\\Lumen\\Http\\Request))
#19 /app/vendor/illuminate/pipeline/Pipeline.php(119): Laravel\\Lumen\\Routing\\Pipeline->Laravel\\Lumen\\Routing\\{closure}(Object(Laravel\\Lumen\\Http\\Request))
#20 /app/vendor/laravel/lumen-framework/src/Concerns/RoutesRequests.php(428): Illuminate\\Pipeline\\Pipeline->then(Object(Closure))
#21 /app/vendor/laravel/lumen-framework/src/Concerns/RoutesRequests.php(263): Laravel\\Lumen\\Application->sendThroughPipeline(Array, Object(Closure))
#22 /app/vendor/laravel/lumen-framework/src/Concerns/RoutesRequests.php(171): Laravel\\Lumen\\Application->handleFoundRoute(Array)
#23 /app/vendor/laravel/lumen-framework/src/Routing/Pipeline.php(48): Laravel\\Lumen\\Application->Laravel\\Lumen\\Concerns\\{closure}(Object(Laravel\\Lumen\\Http\\Request))
#24 /app/app/Http/Middleware/CorsMiddleware.php(12): Laravel\\Lumen\\Routing\\Pipeline->Laravel\\Lumen\\Routing\\{closure}(Object(Laravel\\Lumen\\Http\\Request))
#25 /app/vendor/illuminate/pipeline/Pipeline.php(183): App\\Http\\Middleware\\CorsMiddleware->handle(Object(Laravel\\Lumen\\Http\\Request), Object(Closure))
#26 /app/vendor/laravel/lumen-framework/src/Routing/Pipeline.php(30): Illuminate\\Pipeline\\Pipeline->Illuminate\\Pipeline\\{closure}(Object(Laravel\\Lumen\\Http\\Request))
#27 /app/vendor/illuminate/pipeline/Pipeline.php(119): Laravel\\Lumen\\Routing\\Pipeline->Laravel\\Lumen\\Routing\\{closure}(Object(Laravel\\Lumen\\Http\\Request))
#28 /app/vendor/laravel/lumen-framework/src/Concerns/RoutesRequests.php(428): Illuminate\\Pipeline\\Pipeline->then(Object(Closure))
#29 /app/vendor/laravel/lumen-framework/src/Concerns/RoutesRequests.php(167): Laravel\\Lumen\\Application->sendThroughPipeline(Array, Object(Closure))
#30 /app/vendor/laravel/lumen-framework/src/Concerns/RoutesRequests.php(112): Laravel\\Lumen\\Application->dispatch(NULL)
#31 /app/public/index.php(5): Laravel\\Lumen\\Application->run()
#32 {main}

[previous exception] [object] (PDOException(code: 42P01): SQLSTATE[42P01]: Undefined table: 7 ERROR:  relation \"notifications\" does not exist
LINE 2:              FROM notifications
                          ^ at /app/vendor/illuminate/database/Connection.php:428)
[stacktrace]
#0 /app/vendor/illuminate/database/Connection.php(428): PDOStatement->execute()
#1 /app/vendor/illuminate/database/Connection.php(816): Illuminate\\Database\\Connection->Illuminate\\Database\\{closure}('SELECT id, type...', Array)
#2 /app/vendor/illuminate/database/Connection.php(783): Illuminate\\Database\\Connection->runQueryCallback('SELECT id, type...', Array, Object(Closure))
#3 /app/vendor/illuminate/database/Connection.php(414): Illuminate\\Database\\Connection->run('SELECT id, type...', Array, Object(Closure))
#4 /app/vendor/illuminate/database/DatabaseManager.php(509): Illuminate\\Database\\Connection->select('SELECT id, type...', Array)
#5 /app/vendor/illuminate/support/Facades/Facade.php(355): Illuminate\\Database\\DatabaseManager->__call('select', Array)
#6 /app/app/Http/Controllers/NotificationController.php(17): Illuminate\\Support\\Facades\\Facade::__callStatic('select', Array)
#7 /app/vendor/illuminate/container/BoundMethod.php(36): App\\Http\\Controllers\\NotificationController->index(Object(Laravel\\Lumen\\Http\\Request))
#8 /app/vendor/illuminate/container/Util.php(41): Illuminate\\Container\\BoundMethod::Illuminate\\Container\\{closure}()
#9 /app/vendor/illuminate/container/BoundMethod.php(93): Illuminate\\Container\\Util::unwrapIfClosure(Object(Closure))
#10 /app/vendor/illuminate/container/BoundMethod.php(35): Illuminate\\Container\\BoundMethod::callBoundMethod(Object(Laravel\\Lumen\\Application), Array, Object(Closure))
#11 /app/vendor/illuminate/container/Container.php(662): Illuminate\\Container\\BoundMethod::call(Object(Laravel\\Lumen\\Application), Array, Array, NULL)
#12 /app/vendor/laravel/lumen-framework/src/Concerns/RoutesRequests.php(391): Illuminate\\Container\\Container->call(Array, Array)
#13 /app/vendor/laravel/lumen-framework/src/Concerns/RoutesRequests.php(356): Laravel\\Lumen\\Application->callControllerCallable(Array, Array)
#14 /app/vendor/laravel/lumen-framework/src/Concerns/RoutesRequests.php(331): Laravel\\Lumen\\Application->callLumenController(Object(App\\Http\\Controllers\\NotificationController), 'index', Array)
#15 /app/vendor/laravel/lumen-framework/src/Concerns/RoutesRequests.php(284): Laravel\\Lumen\\Application->callControllerAction(Array)
#16 /app/vendor/laravel/lumen-framework/src/Concerns/RoutesRequests.php(264): Laravel\\Lumen\\Application->callActionOnArrayBasedRoute(Array)
#17 /app/vendor/laravel/lumen-framework/src/Routing/Pipeline.php(48): Laravel\\Lumen\\Application->Laravel\\Lumen\\Concerns\\{closure}(Object(Laravel\\Lumen\\Http\\Request))
#18 /app/app/Http/Middleware/Authenticate.php(35): Laravel\\Lumen\\Routing\\Pipeline->Laravel\\Lumen\\Routing\\{closure}(Object(Laravel\\Lumen\\Http\\Request))
#19 /app/vendor/illuminate/pipeline/Pipeline.php(183): App\\Http\\Middleware\\Authenticate->handle(Object(Laravel\\Lumen\\Http\\Request), Object(Closure))
#20 /app/vendor/laravel/lumen-framework/src/Routing/Pipeline.php(30): Illuminate\\Pipeline\\Pipeline->Illuminate\\Pipeline\\{closure}(Object(Laravel\\Lumen\\Http\\Request))
#21 /app/vendor/illuminate/pipeline/Pipeline.php(119): Laravel\\Lumen\\Routing\\Pipeline->Laravel\\Lumen\\Routing\\{closure}(Object(Laravel\\Lumen\\Http\\Request))
#22 /app/vendor/laravel/lumen-framework/src/Concerns/RoutesRequests.php(428): Illuminate\\Pipeline\\Pipeline->then(Object(Closure))
#23 /app/vendor/laravel/lumen-framework/src/Concerns/RoutesRequests.php(263): Laravel\\Lumen\\Application->sendThroughPipeline(Array, Object(Closure))
#24 /app/vendor/laravel/lumen-framework/src/Concerns/RoutesRequests.php(171): Laravel\\Lumen\\Application->handleFoundRoute(Array)
#25 /app/vendor/laravel/lumen-framework/src/Routing/Pipeline.php(48): Laravel\\Lumen\\Application->Laravel\\Lumen\\Concerns\\{closure}(Object(Laravel\\Lumen\\Http\\Request))
#26 /app/app/Http/Middleware/CorsMiddleware.php(12): Laravel\\Lumen\\Routing\\Pipeline->Laravel\\Lumen\\Routing\\{closure}(Object(Laravel\\Lumen\\Http\\Request))
#27 /app/vendor/illuminate/pipeline/Pipeline.php(183): App\\Http\\Middleware\\CorsMiddleware->handle(Object(Laravel\\Lumen\\Http\\Request), Object(Closure))
#28 /app/vendor/laravel/lumen-framework/src/Routing/Pipeline.php(30): Illuminate\\Pipeline\\Pipeline->Illuminate\\Pipeline\\{closure}(Object(Laravel\\Lumen\\Http\\Request))
#29 /app/vendor/illuminate/pipeline/Pipeline.php(119): Laravel\\Lumen\\Routing\\Pipeline->Laravel\\Lumen\\Routing\\{closure}(Object(Laravel\\Lumen\\Http\\Request))
#30 /app/vendor/laravel/lumen-framework/src/Concerns/RoutesRequests.php(428): Illuminate\\Pipeline\\Pipeline->then(Object(Closure))
#31 /app/vendor/laravel/lumen-framework/src/Concerns/RoutesRequests.php(167): Laravel\\Lumen\\Application->sendThroughPipeline(Array, Object(Closure))
#32 /app/vendor/laravel/lumen-framework/src/Concerns/RoutesRequests.php(112): Laravel\\Lumen\\Application->dispatch(NULL)
#33 /app/public/index.php(5): Laravel\\Lumen\\Application->run()
#34 {main}
"} 
[2026-04-27 00:53:43] local.ERROR: SQLSTATE[42P01]: Undefined table: 7 ERROR:  relation "notifications" does not exist
LINE 2:              FROM notifications
                          ^ (Connection: pgsql, SQL: SELECT id, type, data, read_at, created_at
             FROM notifications
             WHERE notifiable_type = App\Models\User AND notifiable_id = 00000000-0000-0000-0000-000000000001::uuid
             ORDER BY read_at IS NOT NULL, created_at DESC
             LIMIT 50) {"exception":"[object] (Illuminate\\Database\\QueryException(code: 42P01): SQLSTATE[42P01]: Undefined table: 7 ERROR:  relation \"notifications\" does not exist
LINE 2:              FROM notifications
                          ^ (Connection: pgsql, SQL: SELECT id, type, data, read_at, created_at
             FROM notifications
             WHERE notifiable_type = App\\Models\\User AND notifiable_id = 00000000-0000-0000-0000-000000000001::uuid
             ORDER BY read_at IS NOT NULL, created_at DESC
             LIMIT 50) at /app/vendor/illuminate/database/Connection.php:829)
[stacktrace]
#0 /app/vendor/illuminate/database/Connection.php(783): Illuminate\\Database\\Connection->runQueryCallback('SELECT id, type...', Array, Object(Closure))
#1 /app/vendor/illuminate/database/Connection.php(414): Illuminate\\Database\\Connection->run('SELECT id, type...', Array, Object(Closure))
#2 /app/vendor/illuminate/database/DatabaseManager.php(509): Illuminate\\Database\\Connection->select('SELECT id, type...', Array)
#3 /app/vendor/illuminate/support/Facades/Facade.php(355): Illuminate\\Database\\DatabaseManager->__call('select', Array)
#4 /app/app/Http/Controllers/NotificationController.php(17): Illuminate\\Support\\Facades\\Facade::__callStatic('select', Array)
#5 /app/vendor/illuminate/container/BoundMethod.php(36): App\\Http\\Controllers\\NotificationController->index(Object(Laravel\\Lumen\\Http\\Request))
#6 /app/vendor/illuminate/container/Util.php(41): Illuminate\\Container\\BoundMethod::Illuminate\\Container\\{closure}()
#7 /app/vendor/illuminate/container/BoundMethod.php(93): Illuminate\\Container\\Util::unwrapIfClosure(Object(Closure))
#8 /app/vendor/illuminate/container/BoundMethod.php(35): Illuminate\\Container\\BoundMethod::callBoundMethod(Object(Laravel\\Lumen\\Application), Array, Object(Closure))
#9 /app/vendor/illuminate/container/Container.php(662): Illuminate\\Container\\BoundMethod::call(Object(Laravel\\Lumen\\Application), Array, Array, NULL)
#10 /app/vendor/laravel/lumen-framework/src/Concerns/RoutesRequests.php(391): Illuminate\\Container\\Container->call(Array, Array)
#11 /app/vendor/laravel/lumen-framework/src/Concerns/RoutesRequests.php(356): Laravel\\Lumen\\Application->callControllerCallable(Array, Array)
#12 /app/vendor/laravel/lumen-framework/src/Concerns/RoutesRequests.php(331): Laravel\\Lumen\\Application->callLumenController(Object(App\\Http\\Controllers\\NotificationController), 'index', Array)
#13 /app/vendor/laravel/lumen-framework/src/Concerns/RoutesRequests.php(284): Laravel\\Lumen\\Application->callControllerAction(Array)
#14 /app/vendor/laravel/lumen-framework/src/Concerns/RoutesRequests.php(264): Laravel\\Lumen\\Application->callActionOnArrayBasedRoute(Array)
#15 /app/vendor/laravel/lumen-framework/src/Routing/Pipeline.php(48): Laravel\\Lumen\\Application->Laravel\\Lumen\\Concerns\\{closure}(Object(Laravel\\Lumen\\Http\\Request))
#16 /app/app/Http/Middleware/Authenticate.php(35): Laravel\\Lumen\\Routing\\Pipeline->Laravel\\Lumen\\Routing\\{closure}(Object(Laravel\\Lumen\\Http\\Request))
#17 /app/vendor/illuminate/pipeline/Pipeline.php(183): App\\Http\\Middleware\\Authenticate->handle(Object(Laravel\\Lumen\\Http\\Request), Object(Closure))
#18 /app/vendor/laravel/lumen-framework/src/Routing/Pipeline.php(30): Illuminate\\Pipeline\\Pipeline->Illuminate\\Pipeline\\{closure}(Object(Laravel\\Lumen\\Http\\Request))
#19 /app/vendor/illuminate/pipeline/Pipeline.php(119): Laravel\\Lumen\\Routing\\Pipeline->Laravel\\Lumen\\Routing\\{closure}(Object(Laravel\\Lumen\\Http\\Request))
#20 /app/vendor/laravel/lumen-framework/src/Concerns/RoutesRequests.php(428): Illuminate\\Pipeline\\Pipeline->then(Object(Closure))
#21 /app/vendor/laravel/lumen-framework/src/Concerns/RoutesRequests.php(263): Laravel\\Lumen\\Application->sendThroughPipeline(Array, Object(Closure))
#22 /app/vendor/laravel/lumen-framework/src/Concerns/RoutesRequests.php(171): Laravel\\Lumen\\Application->handleFoundRoute(Array)
#23 /app/vendor/laravel/lumen-framework/src/Routing/Pipeline.php(48): Laravel\\Lumen\\Application->Laravel\\Lumen\\Concerns\\{closure}(Object(Laravel\\Lumen\\Http\\Request))
#24 /app/app/Http/Middleware/CorsMiddleware.php(12): Laravel\\Lumen\\Routing\\Pipeline->Laravel\\Lumen\\Routing\\{closure}(Object(Laravel\\Lumen\\Http\\Request))
#25 /app/vendor/illuminate/pipeline/Pipeline.php(183): App\\Http\\Middleware\\CorsMiddleware->handle(Object(Laravel\\Lumen\\Http\\Request), Object(Closure))
#26 /app/vendor/laravel/lumen-framework/src/Routing/Pipeline.php(30): Illuminate\\Pipeline\\Pipeline->Illuminate\\Pipeline\\{closure}(Object(Laravel\\Lumen\\Http\\Request))
#27 /app/vendor/illuminate/pipeline/Pipeline.php(119): Laravel\\Lumen\\Routing\\Pipeline->Laravel\\Lumen\\Routing\\{closure}(Object(Laravel\\Lumen\\Http\\Request))
#28 /app/vendor/laravel/lumen-framework/src/Concerns/RoutesRequests.php(428): Illuminate\\Pipeline\\Pipeline->then(Object(Closure))
#29 /app/vendor/laravel/lumen-framework/src/Concerns/RoutesRequests.php(167): Laravel\\Lumen\\Application->sendThroughPipeline(Array, Object(Closure))
#30 /app/vendor/laravel/lumen-framework/src/Concerns/RoutesRequests.php(112): Laravel\\Lumen\\Application->dispatch(NULL)
#31 /app/public/index.php(5): Laravel\\Lumen\\Application->run()
#32 {main}

[previous exception] [object] (PDOException(code: 42P01): SQLSTATE[42P01]: Undefined table: 7 ERROR:  relation \"notifications\" does not exist
LINE 2:              FROM notifications
                          ^ at /app/vendor/illuminate/database/Connection.php:428)
[stacktrace]
#0 /app/vendor/illuminate/database/Connection.php(428): PDOStatement->execute()
#1 /app/vendor/illuminate/database/Connection.php(816): Illuminate\\Database\\Connection->Illuminate\\Database\\{closure}('SELECT id, type...', Array)
#2 /app/vendor/illuminate/database/Connection.php(783): Illuminate\\Database\\Connection->runQueryCallback('SELECT id, type...', Array, Object(Closure))
#3 /app/vendor/illuminate/database/Connection.php(414): Illuminate\\Database\\Connection->run('SELECT id, type...', Array, Object(Closure))
#4 /app/vendor/illuminate/database/DatabaseManager.php(509): Illuminate\\Database\\Connection->select('SELECT id, type...', Array)
#5 /app/vendor/illuminate/support/Facades/Facade.php(355): Illuminate\\Database\\DatabaseManager->__call('select', Array)
#6 /app/app/Http/Controllers/NotificationController.php(17): Illuminate\\Support\\Facades\\Facade::__callStatic('select', Array)
#7 /app/vendor/illuminate/container/BoundMethod.php(36): App\\Http\\Controllers\\NotificationController->index(Object(Laravel\\Lumen\\Http\\Request))
#8 /app/vendor/illuminate/container/Util.php(41): Illuminate\\Container\\BoundMethod::Illuminate\\Container\\{closure}()
#9 /app/vendor/illuminate/container/BoundMethod.php(93): Illuminate\\Container\\Util::unwrapIfClosure(Object(Closure))
#10 /app/vendor/illuminate/container/BoundMethod.php(35): Illuminate\\Container\\BoundMethod::callBoundMethod(Object(Laravel\\Lumen\\Application), Array, Object(Closure))
#11 /app/vendor/illuminate/container/Container.php(662): Illuminate\\Container\\BoundMethod::call(Object(Laravel\\Lumen\\Application), Array, Array, NULL)
#12 /app/vendor/laravel/lumen-framework/src/Concerns/RoutesRequests.php(391): Illuminate\\Container\\Container->call(Array, Array)
#13 /app/vendor/laravel/lumen-framework/src/Concerns/RoutesRequests.php(356): Laravel\\Lumen\\Application->callControllerCallable(Array, Array)
#14 /app/vendor/laravel/lumen-framework/src/Concerns/RoutesRequests.php(331): Laravel\\Lumen\\Application->callLumenController(Object(App\\Http\\Controllers\\NotificationController), 'index', Array)
#15 /app/vendor/laravel/lumen-framework/src/Concerns/RoutesRequests.php(284): Laravel\\Lumen\\Application->callControllerAction(Array)
#16 /app/vendor/laravel/lumen-framework/src/Concerns/RoutesRequests.php(264): Laravel\\Lumen\\Application->callActionOnArrayBasedRoute(Array)
#17 /app/vendor/laravel/lumen-framework/src/Routing/Pipeline.php(48): Laravel\\Lumen\\Application->Laravel\\Lumen\\Concerns\\{closure}(Object(Laravel\\Lumen\\Http\\Request))
#18 /app/app/Http/Middleware/Authenticate.php(35): Laravel\\Lumen\\Routing\\Pipeline->Laravel\\Lumen\\Routing\\{closure}(Object(Laravel\\Lumen\\Http\\Request))
#19 /app/vendor/illuminate/pipeline/Pipeline.php(183): App\\Http\\Middleware\\Authenticate->handle(Object(Laravel\\Lumen\\Http\\Request), Object(Closure))
#20 /app/vendor/laravel/lumen-framework/src/Routing/Pipeline.php(30): Illuminate\\Pipeline\\Pipeline->Illuminate\\Pipeline\\{closure}(Object(Laravel\\Lumen\\Http\\Request))
#21 /app/vendor/illuminate/pipeline/Pipeline.php(119): Laravel\\Lumen\\Routing\\Pipeline->Laravel\\Lumen\\Routing\\{closure}(Object(Laravel\\Lumen\\Http\\Request))
#22 /app/vendor/laravel/lumen-framework/src/Concerns/RoutesRequests.php(428): Illuminate\\Pipeline\\Pipeline->then(Object(Closure))
#23 /app/vendor/laravel/lumen-framework/src/Concerns/RoutesRequests.php(263): Laravel\\Lumen\\Application->sendThroughPipeline(Array, Object(Closure))
#24 /app/vendor/laravel/lumen-framework/src/Concerns/RoutesRequests.php(171): Laravel\\Lumen\\Application->handleFoundRoute(Array)
#25 /app/vendor/laravel/lumen-framework/src/Routing/Pipeline.php(48): Laravel\\Lumen\\Application->Laravel\\Lumen\\Concerns\\{closure}(Object(Laravel\\Lumen\\Http\\Request))
#26 /app/app/Http/Middleware/CorsMiddleware.php(12): Laravel\\Lumen\\Routing\\Pipeline->Laravel\\Lumen\\Routing\\{closure}(Object(Laravel\\Lumen\\Http\\Request))
#27 /app/vendor/illuminate/pipeline/Pipeline.php(183): App\\Http\\Middleware\\CorsMiddleware->handle(Object(Laravel\\Lumen\\Http\\Request), Object(Closure))
#28 /app/vendor/laravel/lumen-framework/src/Routing/Pipeline.php(30): Illuminate\\Pipeline\\Pipeline->Illuminate\\Pipeline\\{closure}(Object(Laravel\\Lumen\\Http\\Request))
#29 /app/vendor/illuminate/pipeline/Pipeline.php(119): Laravel\\Lumen\\Routing\\Pipeline->Laravel\\Lumen\\Routing\\{closure}(Object(Laravel\\Lumen\\Http\\Request))
#30 /app/vendor/laravel/lumen-framework/src/Concerns/RoutesRequests.php(428): Illuminate\\Pipeline\\Pipeline->then(Object(Closure))
#31 /app/vendor/laravel/lumen-framework/src/Concerns/RoutesRequests.php(167): Laravel\\Lumen\\Application->sendThroughPipeline(Array, Object(Closure))
#32 /app/vendor/laravel/lumen-framework/src/Concerns/RoutesRequests.php(112): Laravel\\Lumen\\Application->dispatch(NULL)
#33 /app/public/index.php(5): Laravel\\Lumen\\Application->run()
#34 {main}
"} 
[2026-04-27 00:54:10] local.ERROR: SQLSTATE[42P01]: Undefined table: 7 ERROR:  relation "notifications" does not exist
LINE 2:              FROM notifications
                          ^ (Connection: pgsql, SQL: SELECT id, type, data, read_at, created_at
             FROM notifications
             WHERE notifiable_type = App\Models\User AND notifiable_id = 00000000-0000-0000-0000-000000000099::uuid
             ORDER BY read_at IS NOT NULL, created_at DESC
             LIMIT 50) {"exception":"[object] (Illuminate\\Database\\QueryException(code: 42P01): SQLSTATE[42P01]: Undefined table: 7 ERROR:  relation \"notifications\" does not exist
LINE 2:              FROM notifications
                          ^ (Connection: pgsql, SQL: SELECT id, type, data, read_at, created_at
             FROM notifications
             WHERE notifiable_type = App\\Models\\User AND notifiable_id = 00000000-0000-0000-0000-000000000099::uuid
             ORDER BY read_at IS NOT NULL, created_at DESC
             LIMIT 50) at /app/vendor/illuminate/database/Connection.php:829)
[stacktrace]
#0 /app/vendor/illuminate/database/Connection.php(783): Illuminate\\Database\\Connection->runQueryCallback('SELECT id, type...', Array, Object(Closure))
#1 /app/vendor/illuminate/database/Connection.php(414): Illuminate\\Database\\Connection->run('SELECT id, type...', Array, Object(Closure))
#2 /app/vendor/illuminate/database/DatabaseManager.php(509): Illuminate\\Database\\Connection->select('SELECT id, type...', Array)
#3 /app/vendor/illuminate/support/Facades/Facade.php(355): Illuminate\\Database\\DatabaseManager->__call('select', Array)
#4 /app/app/Http/Controllers/NotificationController.php(17): Illuminate\\Support\\Facades\\Facade::__callStatic('select', Array)
#5 /app/vendor/illuminate/container/BoundMethod.php(36): App\\Http\\Controllers\\NotificationController->index(Object(Laravel\\Lumen\\Http\\Request))
#6 /app/vendor/illuminate/container/Util.php(41): Illuminate\\Container\\BoundMethod::Illuminate\\Container\\{closure}()
#7 /app/vendor/illuminate/container/BoundMethod.php(93): Illuminate\\Container\\Util::unwrapIfClosure(Object(Closure))
#8 /app/vendor/illuminate/container/BoundMethod.php(35): Illuminate\\Container\\BoundMethod::callBoundMethod(Object(Laravel\\Lumen\\Application), Array, Object(Closure))
#9 /app/vendor/illuminate/container/Container.php(662): Illuminate\\Container\\BoundMethod::call(Object(Laravel\\Lumen\\Application), Array, Array, NULL)
#10 /app/vendor/laravel/lumen-framework/src/Concerns/RoutesRequests.php(391): Illuminate\\Container\\Container->call(Array, Array)
#11 /app/vendor/laravel/lumen-framework/src/Concerns/RoutesRequests.php(356): Laravel\\Lumen\\Application->callControllerCallable(Array, Array)
#12 /app/vendor/laravel/lumen-framework/src/Concerns/RoutesRequests.php(331): Laravel\\Lumen\\Application->callLumenController(Object(App\\Http\\Controllers\\NotificationController), 'index', Array)
#13 /app/vendor/laravel/lumen-framework/src/Concerns/RoutesRequests.php(284): Laravel\\Lumen\\Application->callControllerAction(Array)
#14 /app/vendor/laravel/lumen-framework/src/Concerns/RoutesRequests.php(264): Laravel\\Lumen\\Application->callActionOnArrayBasedRoute(Array)
#15 /app/vendor/laravel/lumen-framework/src/Routing/Pipeline.php(48): Laravel\\Lumen\\Application->Laravel\\Lumen\\Concerns\\{closure}(Object(Laravel\\Lumen\\Http\\Request))
#16 /app/app/Http/Middleware/Authenticate.php(35): Laravel\\Lumen\\Routing\\Pipeline->Laravel\\Lumen\\Routing\\{closure}(Object(Laravel\\Lumen\\Http\\Request))
#17 /app/vendor/illuminate/pipeline/Pipeline.php(183): App\\Http\\Middleware\\Authenticate->handle(Object(Laravel\\Lumen\\Http\\Request), Object(Closure))
#18 /app/vendor/laravel/lumen-framework/src/Routing/Pipeline.php(30): Illuminate\\Pipeline\\Pipeline->Illuminate\\Pipeline\\{closure}(Object(Laravel\\Lumen\\Http\\Request))
#19 /app/vendor/illuminate/pipeline/Pipeline.php(119): Laravel\\Lumen\\Routing\\Pipeline->Laravel\\Lumen\\Routing\\{closure}(Object(Laravel\\Lumen\\Http\\Request))
#20 /app/vendor/laravel/lumen-framework/src/Concerns/RoutesRequests.php(428): Illuminate\\Pipeline\\Pipeline->then(Object(Closure))
#21 /app/vendor/laravel/lumen-framework/src/Concerns/RoutesRequests.php(263): Laravel\\Lumen\\Application->sendThroughPipeline(Array, Object(Closure))
#22 /app/vendor/laravel/lumen-framework/src/Concerns/RoutesRequests.php(171): Laravel\\Lumen\\Application->handleFoundRoute(Array)
#23 /app/vendor/laravel/lumen-framework/src/Routing/Pipeline.php(48): Laravel\\Lumen\\Application->Laravel\\Lumen\\Concerns\\{closure}(Object(Laravel\\Lumen\\Http\\Request))
#24 /app/app/Http/Middleware/CorsMiddleware.php(12): Laravel\\Lumen\\Routing\\Pipeline->Laravel\\Lumen\\Routing\\{closure}(Object(Laravel\\Lumen\\Http\\Request))
#25 /app/vendor/illuminate/pipeline/Pipeline.php(183): App\\Http\\Middleware\\CorsMiddleware->handle(Object(Laravel\\Lumen\\Http\\Request), Object(Closure))
#26 /app/vendor/laravel/lumen-framework/src/Routing/Pipeline.php(30): Illuminate\\Pipeline\\Pipeline->Illuminate\\Pipeline\\{closure}(Object(Laravel\\Lumen\\Http\\Request))
#27 /app/vendor/illuminate/pipeline/Pipeline.php(119): Laravel\\Lumen\\Routing\\Pipeline->Laravel\\Lumen\\Routing\\{closure}(Object(Laravel\\Lumen\\Http\\Request))
#28 /app/vendor/laravel/lumen-framework/src/Concerns/RoutesRequests.php(428): Illuminate\\Pipeline\\Pipeline->then(Object(Closure))
#29 /app/vendor/laravel/lumen-framework/src/Concerns/RoutesRequests.php(167): Laravel\\Lumen\\Application->sendThroughPipeline(Array, Object(Closure))
#30 /app/vendor/laravel/lumen-framework/src/Concerns/RoutesRequests.php(112): Laravel\\Lumen\\Application->dispatch(NULL)
#31 /app/public/index.php(5): Laravel\\Lumen\\Application->run()
#32 {main}

[previous exception] [object] (PDOException(code: 42P01): SQLSTATE[42P01]: Undefined table: 7 ERROR:  relation \"notifications\" does not exist
LINE 2:              FROM notifications
                          ^ at /app/vendor/illuminate/database/Connection.php:428)
[stacktrace]
#0 /app/vendor/illuminate/database/Connection.php(428): PDOStatement->execute()
#1 /app/vendor/illuminate/database/Connection.php(816): Illuminate\\Database\\Connection->Illuminate\\Database\\{closure}('SELECT id, type...', Array)
#2 /app/vendor/illuminate/database/Connection.php(783): Illuminate\\Database\\Connection->runQueryCallback('SELECT id, type...', Array, Object(Closure))
#3 /app/vendor/illuminate/database/Connection.php(414): Illuminate\\Database\\Connection->run('SELECT id, type...', Array, Object(Closure))
#4 /app/vendor/illuminate/database/DatabaseManager.php(509): Illuminate\\Database\\Connection->select('SELECT id, type...', Array)
#5 /app/vendor/illuminate/support/Facades/Facade.php(355): Illuminate\\Database\\DatabaseManager->__call('select', Array)
#6 /app/app/Http/Controllers/NotificationController.php(17): Illuminate\\Support\\Facades\\Facade::__callStatic('select', Array)
#7 /app/vendor/illuminate/container/BoundMethod.php(36): App\\Http\\Controllers\\NotificationController->index(Object(Laravel\\Lumen\\Http\\Request))
#8 /app/vendor/illuminate/container/Util.php(41): Illuminate\\Container\\BoundMethod::Illuminate\\Container\\{closure}()
#9 /app/vendor/illuminate/container/BoundMethod.php(93): Illuminate\\Container\\Util::unwrapIfClosure(Object(Closure))
#10 /app/vendor/illuminate/container/BoundMethod.php(35): Illuminate\\Container\\BoundMethod::callBoundMethod(Object(Laravel\\Lumen\\Application), Array, Object(Closure))
#11 /app/vendor/illuminate/container/Container.php(662): Illuminate\\Container\\BoundMethod::call(Object(Laravel\\Lumen\\Application), Array, Array, NULL)
#12 /app/vendor/laravel/lumen-framework/src/Concerns/RoutesRequests.php(391): Illuminate\\Container\\Container->call(Array, Array)
#13 /app/vendor/laravel/lumen-framework/src/Concerns/RoutesRequests.php(356): Laravel\\Lumen\\Application->callControllerCallable(Array, Array)
#14 /app/vendor/laravel/lumen-framework/src/Concerns/RoutesRequests.php(331): Laravel\\Lumen\\Application->callLumenController(Object(App\\Http\\Controllers\\NotificationController), 'index', Array)
#15 /app/vendor/laravel/lumen-framework/src/Concerns/RoutesRequests.php(284): Laravel\\Lumen\\Application->callControllerAction(Array)
#16 /app/vendor/laravel/lumen-framework/src/Concerns/RoutesRequests.php(264): Laravel\\Lumen\\Application->callActionOnArrayBasedRoute(Array)
#17 /app/vendor/laravel/lumen-framework/src/Routing/Pipeline.php(48): Laravel\\Lumen\\Application->Laravel\\Lumen\\Concerns\\{closure}(Object(Laravel\\Lumen\\Http\\Request))
#18 /app/app/Http/Middleware/Authenticate.php(35): Laravel\\Lumen\\Routing\\Pipeline->Laravel\\Lumen\\Routing\\{closure}(Object(Laravel\\Lumen\\Http\\Request))
#19 /app/vendor/illuminate/pipeline/Pipeline.php(183): App\\Http\\Middleware\\Authenticate->handle(Object(Laravel\\Lumen\\Http\\Request), Object(Closure))
#20 /app/vendor/laravel/lumen-framework/src/Routing/Pipeline.php(30): Illuminate\\Pipeline\\Pipeline->Illuminate\\Pipeline\\{closure}(Object(Laravel\\Lumen\\Http\\Request))
#21 /app/vendor/illuminate/pipeline/Pipeline.php(119): Laravel\\Lumen\\Routing\\Pipeline->Laravel\\Lumen\\Routing\\{closure}(Object(Laravel\\Lumen\\Http\\Request))
#22 /app/vendor/laravel/lumen-framework/src/Concerns/RoutesRequests.php(428): Illuminate\\Pipeline\\Pipeline->then(Object(Closure))
#23 /app/vendor/laravel/lumen-framework/src/Concerns/RoutesRequests.php(263): Laravel\\Lumen\\Application->sendThroughPipeline(Array, Object(Closure))
#24 /app/vendor/laravel/lumen-framework/src/Concerns/RoutesRequests.php(171): Laravel\\Lumen\\Application->handleFoundRoute(Array)
#25 /app/vendor/laravel/lumen-framework/src/Routing/Pipeline.php(48): Laravel\\Lumen\\Application->Laravel\\Lumen\\Concerns\\{closure}(Object(Laravel\\Lumen\\Http\\Request))
#26 /app/app/Http/Middleware/CorsMiddleware.php(12): Laravel\\Lumen\\Routing\\Pipeline->Laravel\\Lumen\\Routing\\{closure}(Object(Laravel\\Lumen\\Http\\Request))
#27 /app/vendor/illuminate/pipeline/Pipeline.php(183): App\\Http\\Middleware\\CorsMiddleware->handle(Object(Laravel\\Lumen\\Http\\Request), Object(Closure))
#28 /app/vendor/laravel/lumen-framework/src/Routing/Pipeline.php(30): Illuminate\\Pipeline\\Pipeline->Illuminate\\Pipeline\\{closure}(Object(Laravel\\Lumen\\Http\\Request))
#29 /app/vendor/illuminate/pipeline/Pipeline.php(119): Laravel\\Lumen\\Routing\\Pipeline->Laravel\\Lumen\\Routing\\{closure}(Object(Laravel\\Lumen\\Http\\Request))
#30 /app/vendor/laravel/lumen-framework/src/Concerns/RoutesRequests.php(428): Illuminate\\Pipeline\\Pipeline->then(Object(Closure))
#31 /app/vendor/laravel/lumen-framework/src/Concerns/RoutesRequests.php(167): Laravel\\Lumen\\Application->sendThroughPipeline(Array, Object(Closure))
#32 /app/vendor/laravel/lumen-framework/src/Concerns/RoutesRequests.php(112): Laravel\\Lumen\\Application->dispatch(NULL)
#33 /app/public/index.php(5): Laravel\\Lumen\\Application->run()
#34 {main}
"} 
[2026-04-27 00:54:19] local.ERROR: SQLSTATE[42P01]: Undefined table: 7 ERROR:  relation "notifications" does not exist
LINE 2:              FROM notifications
                          ^ (Connection: pgsql, SQL: SELECT id, type, data, read_at, created_at
             FROM notifications
             WHERE notifiable_type = App\Models\User AND notifiable_id = 00000000-0000-0000-0000-000000000002::uuid
             ORDER BY read_at IS NOT NULL, created_at DESC
             LIMIT 50) {"exception":"[object] (Illuminate\\Database\\QueryException(code: 42P01): SQLSTATE[42P01]: Undefined table: 7 ERROR:  relation \"notifications\" does not exist
LINE 2:              FROM notifications
                          ^ (Connection: pgsql, SQL: SELECT id, type, data, read_at, created_at
             FROM notifications
             WHERE notifiable_type = App\\Models\\User AND notifiable_id = 00000000-0000-0000-0000-000000000002::uuid
             ORDER BY read_at IS NOT NULL, created_at DESC
             LIMIT 50) at /app/vendor/illuminate/database/Connection.php:829)
[stacktrace]
#0 /app/vendor/illuminate/database/Connection.php(783): Illuminate\\Database\\Connection->runQueryCallback('SELECT id, type...', Array, Object(Closure))
#1 /app/vendor/illuminate/database/Connection.php(414): Illuminate\\Database\\Connection->run('SELECT id, type...', Array, Object(Closure))
#2 /app/vendor/illuminate/database/DatabaseManager.php(509): Illuminate\\Database\\Connection->select('SELECT id, type...', Array)
#3 /app/vendor/illuminate/support/Facades/Facade.php(355): Illuminate\\Database\\DatabaseManager->__call('select', Array)
#4 /app/app/Http/Controllers/NotificationController.php(17): Illuminate\\Support\\Facades\\Facade::__callStatic('select', Array)
#5 /app/vendor/illuminate/container/BoundMethod.php(36): App\\Http\\Controllers\\NotificationController->index(Object(Laravel\\Lumen\\Http\\Request))
#6 /app/vendor/illuminate/container/Util.php(41): Illuminate\\Container\\BoundMethod::Illuminate\\Container\\{closure}()
#7 /app/vendor/illuminate/container/BoundMethod.php(93): Illuminate\\Container\\Util::unwrapIfClosure(Object(Closure))
#8 /app/vendor/illuminate/container/BoundMethod.php(35): Illuminate\\Container\\BoundMethod::callBoundMethod(Object(Laravel\\Lumen\\Application), Array, Object(Closure))
#9 /app/vendor/illuminate/container/Container.php(662): Illuminate\\Container\\BoundMethod::call(Object(Laravel\\Lumen\\Application), Array, Array, NULL)
#10 /app/vendor/laravel/lumen-framework/src/Concerns/RoutesRequests.php(391): Illuminate\\Container\\Container->call(Array, Array)
#11 /app/vendor/laravel/lumen-framework/src/Concerns/RoutesRequests.php(356): Laravel\\Lumen\\Application->callControllerCallable(Array, Array)
#12 /app/vendor/laravel/lumen-framework/src/Concerns/RoutesRequests.php(331): Laravel\\Lumen\\Application->callLumenController(Object(App\\Http\\Controllers\\NotificationController), 'index', Array)
#13 /app/vendor/laravel/lumen-framework/src/Concerns/RoutesRequests.php(284): Laravel\\Lumen\\Application->callControllerAction(Array)
#14 /app/vendor/laravel/lumen-framework/src/Concerns/RoutesRequests.php(264): Laravel\\Lumen\\Application->callActionOnArrayBasedRoute(Array)
#15 /app/vendor/laravel/lumen-framework/src/Routing/Pipeline.php(48): Laravel\\Lumen\\Application->Laravel\\Lumen\\Concerns\\{closure}(Object(Laravel\\Lumen\\Http\\Request))
#16 /app/app/Http/Middleware/Authenticate.php(35): Laravel\\Lumen\\Routing\\Pipeline->Laravel\\Lumen\\Routing\\{closure}(Object(Laravel\\Lumen\\Http\\Request))
#17 /app/vendor/illuminate/pipeline/Pipeline.php(183): App\\Http\\Middleware\\Authenticate->handle(Object(Laravel\\Lumen\\Http\\Request), Object(Closure))
#18 /app/vendor/laravel/lumen-framework/src/Routing/Pipeline.php(30): Illuminate\\Pipeline\\Pipeline->Illuminate\\Pipeline\\{closure}(Object(Laravel\\Lumen\\Http\\Request))
#19 /app/vendor/illuminate/pipeline/Pipeline.php(119): Laravel\\Lumen\\Routing\\Pipeline->Laravel\\Lumen\\Routing\\{closure}(Object(Laravel\\Lumen\\Http\\Request))
#20 /app/vendor/laravel/lumen-framework/src/Concerns/RoutesRequests.php(428): Illuminate\\Pipeline\\Pipeline->then(Object(Closure))
#21 /app/vendor/laravel/lumen-framework/src/Concerns/RoutesRequests.php(263): Laravel\\Lumen\\Application->sendThroughPipeline(Array, Object(Closure))
#22 /app/vendor/laravel/lumen-framework/src/Concerns/RoutesRequests.php(171): Laravel\\Lumen\\Application->handleFoundRoute(Array)
#23 /app/vendor/laravel/lumen-framework/src/Routing/Pipeline.php(48): Laravel\\Lumen\\Application->Laravel\\Lumen\\Concerns\\{closure}(Object(Laravel\\Lumen\\Http\\Request))
#24 /app/app/Http/Middleware/CorsMiddleware.php(12): Laravel\\Lumen\\Routing\\Pipeline->Laravel\\Lumen\\Routing\\{closure}(Object(Laravel\\Lumen\\Http\\Request))
#25 /app/vendor/illuminate/pipeline/Pipeline.php(183): App\\Http\\Middleware\\CorsMiddleware->handle(Object(Laravel\\Lumen\\Http\\Request), Object(Closure))
#26 /app/vendor/laravel/lumen-framework/src/Routing/Pipeline.php(30): Illuminate\\Pipeline\\Pipeline->Illuminate\\Pipeline\\{closure}(Object(Laravel\\Lumen\\Http\\Request))
#27 /app/vendor/illuminate/pipeline/Pipeline.php(119): Laravel\\Lumen\\Routing\\Pipeline->Laravel\\Lumen\\Routing\\{closure}(Object(Laravel\\Lumen\\Http\\Request))
#28 /app/vendor/laravel/lumen-framework/src/Concerns/RoutesRequests.php(428): Illuminate\\Pipeline\\Pipeline->then(Object(Closure))
#29 /app/vendor/laravel/lumen-framework/src/Concerns/RoutesRequests.php(167): Laravel\\Lumen\\Application->sendThroughPipeline(Array, Object(Closure))
#30 /app/vendor/laravel/lumen-framework/src/Concerns/RoutesRequests.php(112): Laravel\\Lumen\\Application->dispatch(NULL)
#31 /app/public/index.php(5): Laravel\\Lumen\\Application->run()
#32 {main}

[previous exception] [object] (PDOException(code: 42P01): SQLSTATE[42P01]: Undefined table: 7 ERROR:  relation \"notifications\" does not exist
LINE 2:              FROM notifications
                          ^ at /app/vendor/illuminate/database/Connection.php:428)
[stacktrace]
#0 /app/vendor/illuminate/database/Connection.php(428): PDOStatement->execute()
#1 /app/vendor/illuminate/database/Connection.php(816): Illuminate\\Database\\Connection->Illuminate\\Database\\{closure}('SELECT id, type...', Array)
#2 /app/vendor/illuminate/database/Connection.php(783): Illuminate\\Database\\Connection->runQueryCallback('SELECT id, type...', Array, Object(Closure))
#3 /app/vendor/illuminate/database/Connection.php(414): Illuminate\\Database\\Connection->run('SELECT id, type...', Array, Object(Closure))
#4 /app/vendor/illuminate/database/DatabaseManager.php(509): Illuminate\\Database\\Connection->select('SELECT id, type...', Array)
#5 /app/vendor/illuminate/support/Facades/Facade.php(355): Illuminate\\Database\\DatabaseManager->__call('select', Array)
#6 /app/app/Http/Controllers/NotificationController.php(17): Illuminate\\Support\\Facades\\Facade::__callStatic('select', Array)
#7 /app/vendor/illuminate/container/BoundMethod.php(36): App\\Http\\Controllers\\NotificationController->index(Object(Laravel\\Lumen\\Http\\Request))
#8 /app/vendor/illuminate/container/Util.php(41): Illuminate\\Container\\BoundMethod::Illuminate\\Container\\{closure}()
#9 /app/vendor/illuminate/container/BoundMethod.php(93): Illuminate\\Container\\Util::unwrapIfClosure(Object(Closure))
#10 /app/vendor/illuminate/container/BoundMethod.php(35): Illuminate\\Container\\BoundMethod::callBoundMethod(Object(Laravel\\Lumen\\Application), Array, Object(Closure))
#11 /app/vendor/illuminate/container/Container.php(662): Illuminate\\Container\\BoundMethod::call(Object(Laravel\\Lumen\\Application), Array, Array, NULL)
#12 /app/vendor/laravel/lumen-framework/src/Concerns/RoutesRequests.php(391): Illuminate\\Container\\Container->call(Array, Array)
#13 /app/vendor/laravel/lumen-framework/src/Concerns/RoutesRequests.php(356): Laravel\\Lumen\\Application->callControllerCallable(Array, Array)
#14 /app/vendor/laravel/lumen-framework/src/Concerns/RoutesRequests.php(331): Laravel\\Lumen\\Application->callLumenController(Object(App\\Http\\Controllers\\NotificationController), 'index', Array)
#15 /app/vendor/laravel/lumen-framework/src/Concerns/RoutesRequests.php(284): Laravel\\Lumen\\Application->callControllerAction(Array)
#16 /app/vendor/laravel/lumen-framework/src/Concerns/RoutesRequests.php(264): Laravel\\Lumen\\Application->callActionOnArrayBasedRoute(Array)
#17 /app/vendor/laravel/lumen-framework/src/Routing/Pipeline.php(48): Laravel\\Lumen\\Application->Laravel\\Lumen\\Concerns\\{closure}(Object(Laravel\\Lumen\\Http\\Request))
#18 /app/app/Http/Middleware/Authenticate.php(35): Laravel\\Lumen\\Routing\\Pipeline->Laravel\\Lumen\\Routing\\{closure}(Object(Laravel\\Lumen\\Http\\Request))
#19 /app/vendor/illuminate/pipeline/Pipeline.php(183): App\\Http\\Middleware\\Authenticate->handle(Object(Laravel\\Lumen\\Http\\Request), Object(Closure))
#20 /app/vendor/laravel/lumen-framework/src/Routing/Pipeline.php(30): Illuminate\\Pipeline\\Pipeline->Illuminate\\Pipeline\\{closure}(Object(Laravel\\Lumen\\Http\\Request))
#21 /app/vendor/illuminate/pipeline/Pipeline.php(119): Laravel\\Lumen\\Routing\\Pipeline->Laravel\\Lumen\\Routing\\{closure}(Object(Laravel\\Lumen\\Http\\Request))
#22 /app/vendor/laravel/lumen-framework/src/Concerns/RoutesRequests.php(428): Illuminate\\Pipeline\\Pipeline->then(Object(Closure))
#23 /app/vendor/laravel/lumen-framework/src/Concerns/RoutesRequests.php(263): Laravel\\Lumen\\Application->sendThroughPipeline(Array, Object(Closure))
#24 /app/vendor/laravel/lumen-framework/src/Concerns/RoutesRequests.php(171): Laravel\\Lumen\\Application->handleFoundRoute(Array)
#25 /app/vendor/laravel/lumen-framework/src/Routing/Pipeline.php(48): Laravel\\Lumen\\Application->Laravel\\Lumen\\Concerns\\{closure}(Object(Laravel\\Lumen\\Http\\Request))
#26 /app/app/Http/Middleware/CorsMiddleware.php(12): Laravel\\Lumen\\Routing\\Pipeline->Laravel\\Lumen\\Routing\\{closure}(Object(Laravel\\Lumen\\Http\\Request))
#27 /app/vendor/illuminate/pipeline/Pipeline.php(183): App\\Http\\Middleware\\CorsMiddleware->handle(Object(Laravel\\Lumen\\Http\\Request), Object(Closure))
#28 /app/vendor/laravel/lumen-framework/src/Routing/Pipeline.php(30): Illuminate\\Pipeline\\Pipeline->Illuminate\\Pipeline\\{closure}(Object(Laravel\\Lumen\\Http\\Request))
#29 /app/vendor/illuminate/pipeline/Pipeline.php(119): Laravel\\Lumen\\Routing\\Pipeline->Laravel\\Lumen\\Routing\\{closure}(Object(Laravel\\Lumen\\Http\\Request))
#30 /app/vendor/laravel/lumen-framework/src/Concerns/RoutesRequests.php(428): Illuminate\\Pipeline\\Pipeline->then(Object(Closure))
#31 /app/vendor/laravel/lumen-framework/src/Concerns/RoutesRequests.php(167): Laravel\\Lumen\\Application->sendThroughPipeline(Array, Object(Closure))
#32 /app/vendor/laravel/lumen-framework/src/Concerns/RoutesRequests.php(112): Laravel\\Lumen\\Application->dispatch(NULL)
#33 /app/public/index.php(5): Laravel\\Lumen\\Application->run()
#34 {main}
"} 
[2026-04-27 00:54:43] local.ERROR: SQLSTATE[42P01]: Undefined table: 7 ERROR:  relation "notifications" does not exist
LINE 2:              FROM notifications
                          ^ (Connection: pgsql, SQL: SELECT id, type, data, read_at, created_at
             FROM notifications
             WHERE notifiable_type = App\Models\User AND notifiable_id = 00000000-0000-0000-0000-000000000001::uuid
             ORDER BY read_at IS NOT NULL, created_at DESC
             LIMIT 50) {"exception":"[object] (Illuminate\\Database\\QueryException(code: 42P01): SQLSTATE[42P01]: Undefined table: 7 ERROR:  relation \"notifications\" does not exist
LINE 2:              FROM notifications
                          ^ (Connection: pgsql, SQL: SELECT id, type, data, read_at, created_at
             FROM notifications
             WHERE notifiable_type = App\\Models\\User AND notifiable_id = 00000000-0000-0000-0000-000000000001::uuid
             ORDER BY read_at IS NOT NULL, created_at DESC
             LIMIT 50) at /app/vendor/illuminate/database/Connection.php:829)
[stacktrace]
#0 /app/vendor/illuminate/database/Connection.php(783): Illuminate\\Database\\Connection->runQueryCallback('SELECT id, type...', Array, Object(Closure))
#1 /app/vendor/illuminate/database/Connection.php(414): Illuminate\\Database\\Connection->run('SELECT id, type...', Array, Object(Closure))
#2 /app/vendor/illuminate/database/DatabaseManager.php(509): Illuminate\\Database\\Connection->select('SELECT id, type...', Array)
#3 /app/vendor/illuminate/support/Facades/Facade.php(355): Illuminate\\Database\\DatabaseManager->__call('select', Array)
#4 /app/app/Http/Controllers/NotificationController.php(17): Illuminate\\Support\\Facades\\Facade::__callStatic('select', Array)
#5 /app/vendor/illuminate/container/BoundMethod.php(36): App\\Http\\Controllers\\NotificationController->index(Object(Laravel\\Lumen\\Http\\Request))
#6 /app/vendor/illuminate/container/Util.php(41): Illuminate\\Container\\BoundMethod::Illuminate\\Container\\{closure}()
#7 /app/vendor/illuminate/container/BoundMethod.php(93): Illuminate\\Container\\Util::unwrapIfClosure(Object(Closure))
#8 /app/vendor/illuminate/container/BoundMethod.php(35): Illuminate\\Container\\BoundMethod::callBoundMethod(Object(Laravel\\Lumen\\Application), Array, Object(Closure))
#9 /app/vendor/illuminate/container/Container.php(662): Illuminate\\Container\\BoundMethod::call(Object(Laravel\\Lumen\\Application), Array, Array, NULL)
#10 /app/vendor/laravel/lumen-framework/src/Concerns/RoutesRequests.php(391): Illuminate\\Container\\Container->call(Array, Array)
#11 /app/vendor/laravel/lumen-framework/src/Concerns/RoutesRequests.php(356): Laravel\\Lumen\\Application->callControllerCallable(Array, Array)
#12 /app/vendor/laravel/lumen-framework/src/Concerns/RoutesRequests.php(331): Laravel\\Lumen\\Application->callLumenController(Object(App\\Http\\Controllers\\NotificationController), 'index', Array)
#13 /app/vendor/laravel/lumen-framework/src/Concerns/RoutesRequests.php(284): Laravel\\Lumen\\Application->callControllerAction(Array)
#14 /app/vendor/laravel/lumen-framework/src/Concerns/RoutesRequests.php(264): Laravel\\Lumen\\Application->callActionOnArrayBasedRoute(Array)
#15 /app/vendor/laravel/lumen-framework/src/Routing/Pipeline.php(48): Laravel\\Lumen\\Application->Laravel\\Lumen\\Concerns\\{closure}(Object(Laravel\\Lumen\\Http\\Request))
#16 /app/app/Http/Middleware/Authenticate.php(35): Laravel\\Lumen\\Routing\\Pipeline->Laravel\\Lumen\\Routing\\{closure}(Object(Laravel\\Lumen\\Http\\Request))
#17 /app/vendor/illuminate/pipeline/Pipeline.php(183): App\\Http\\Middleware\\Authenticate->handle(Object(Laravel\\Lumen\\Http\\Request), Object(Closure))
#18 /app/vendor/laravel/lumen-framework/src/Routing/Pipeline.php(30): Illuminate\\Pipeline\\Pipeline->Illuminate\\Pipeline\\{closure}(Object(Laravel\\Lumen\\Http\\Request))
#19 /app/vendor/illuminate/pipeline/Pipeline.php(119): Laravel\\Lumen\\Routing\\Pipeline->Laravel\\Lumen\\Routing\\{closure}(Object(Laravel\\Lumen\\Http\\Request))
#20 /app/vendor/laravel/lumen-framework/src/Concerns/RoutesRequests.php(428): Illuminate\\Pipeline\\Pipeline->then(Object(Closure))
#21 /app/vendor/laravel/lumen-framework/src/Concerns/RoutesRequests.php(263): Laravel\\Lumen\\Application->sendThroughPipeline(Array, Object(Closure))
#22 /app/vendor/laravel/lumen-framework/src/Concerns/RoutesRequests.php(171): Laravel\\Lumen\\Application->handleFoundRoute(Array)
#23 /app/vendor/laravel/lumen-framework/src/Routing/Pipeline.php(48): Laravel\\Lumen\\Application->Laravel\\Lumen\\Concerns\\{closure}(Object(Laravel\\Lumen\\Http\\Request))
#24 /app/app/Http/Middleware/CorsMiddleware.php(12): Laravel\\Lumen\\Routing\\Pipeline->Laravel\\Lumen\\Routing\\{closure}(Object(Laravel\\Lumen\\Http\\Request))
#25 /app/vendor/illuminate/pipeline/Pipeline.php(183): App\\Http\\Middleware\\CorsMiddleware->handle(Object(Laravel\\Lumen\\Http\\Request), Object(Closure))
#26 /app/vendor/laravel/lumen-framework/src/Routing/Pipeline.php(30): Illuminate\\Pipeline\\Pipeline->Illuminate\\Pipeline\\{closure}(Object(Laravel\\Lumen\\Http\\Request))
#27 /app/vendor/illuminate/pipeline/Pipeline.php(119): Laravel\\Lumen\\Routing\\Pipeline->Laravel\\Lumen\\Routing\\{closure}(Object(Laravel\\Lumen\\Http\\Request))
#28 /app/vendor/laravel/lumen-framework/src/Concerns/RoutesRequests.php(428): Illuminate\\Pipeline\\Pipeline->then(Object(Closure))
#29 /app/vendor/laravel/lumen-framework/src/Concerns/RoutesRequests.php(167): Laravel\\Lumen\\Application->sendThroughPipeline(Array, Object(Closure))
#30 /app/vendor/laravel/lumen-framework/src/Concerns/RoutesRequests.php(112): Laravel\\Lumen\\Application->dispatch(NULL)
#31 /app/public/index.php(5): Laravel\\Lumen\\Application->run()
#32 {main}

[previous exception] [object] (PDOException(code: 42P01): SQLSTATE[42P01]: Undefined table: 7 ERROR:  relation \"notifications\" does not exist
LINE 2:              FROM notifications
                          ^ at /app/vendor/illuminate/database/Connection.php:428)
[stacktrace]
#0 /app/vendor/illuminate/database/Connection.php(428): PDOStatement->execute()
#1 /app/vendor/illuminate/database/Connection.php(816): Illuminate\\Database\\Connection->Illuminate\\Database\\{closure}('SELECT id, type...', Array)
#2 /app/vendor/illuminate/database/Connection.php(783): Illuminate\\Database\\Connection->runQueryCallback('SELECT id, type...', Array, Object(Closure))
#3 /app/vendor/illuminate/database/Connection.php(414): Illuminate\\Database\\Connection->run('SELECT id, type...', Array, Object(Closure))
#4 /app/vendor/illuminate/database/DatabaseManager.php(509): Illuminate\\Database\\Connection->select('SELECT id, type...', Array)
#5 /app/vendor/illuminate/support/Facades/Facade.php(355): Illuminate\\Database\\DatabaseManager->__call('select', Array)
#6 /app/app/Http/Controllers/NotificationController.php(17): Illuminate\\Support\\Facades\\Facade::__callStatic('select', Array)
#7 /app/vendor/illuminate/container/BoundMethod.php(36): App\\Http\\Controllers\\NotificationController->index(Object(Laravel\\Lumen\\Http\\Request))
#8 /app/vendor/illuminate/container/Util.php(41): Illuminate\\Container\\BoundMethod::Illuminate\\Container\\{closure}()
#9 /app/vendor/illuminate/container/BoundMethod.php(93): Illuminate\\Container\\Util::unwrapIfClosure(Object(Closure))
#10 /app/vendor/illuminate/container/BoundMethod.php(35): Illuminate\\Container\\BoundMethod::callBoundMethod(Object(Laravel\\Lumen\\Application), Array, Object(Closure))
#11 /app/vendor/illuminate/container/Container.php(662): Illuminate\\Container\\BoundMethod::call(Object(Laravel\\Lumen\\Application), Array, Array, NULL)
#12 /app/vendor/laravel/lumen-framework/src/Concerns/RoutesRequests.php(391): Illuminate\\Container\\Container->call(Array, Array)
#13 /app/vendor/laravel/lumen-framework/src/Concerns/RoutesRequests.php(356): Laravel\\Lumen\\Application->callControllerCallable(Array, Array)
#14 /app/vendor/laravel/lumen-framework/src/Concerns/RoutesRequests.php(331): Laravel\\Lumen\\Application->callLumenController(Object(App\\Http\\Controllers\\NotificationController), 'index', Array)
#15 /app/vendor/laravel/lumen-framework/src/Concerns/RoutesRequests.php(284): Laravel\\Lumen\\Application->callControllerAction(Array)
#16 /app/vendor/laravel/lumen-framework/src/Concerns/RoutesRequests.php(264): Laravel\\Lumen\\Application->callActionOnArrayBasedRoute(Array)
#17 /app/vendor/laravel/lumen-framework/src/Routing/Pipeline.php(48): Laravel\\Lumen\\Application->Laravel\\Lumen\\Concerns\\{closure}(Object(Laravel\\Lumen\\Http\\Request))
#18 /app/app/Http/Middleware/Authenticate.php(35): Laravel\\Lumen\\Routing\\Pipeline->Laravel\\Lumen\\Routing\\{closure}(Object(Laravel\\Lumen\\Http\\Request))
#19 /app/vendor/illuminate/pipeline/Pipeline.php(183): App\\Http\\Middleware\\Authenticate->handle(Object(Laravel\\Lumen\\Http\\Request), Object(Closure))
#20 /app/vendor/laravel/lumen-framework/src/Routing/Pipeline.php(30): Illuminate\\Pipeline\\Pipeline->Illuminate\\Pipeline\\{closure}(Object(Laravel\\Lumen\\Http\\Request))
#21 /app/vendor/illuminate/pipeline/Pipeline.php(119): Laravel\\Lumen\\Routing\\Pipeline->Laravel\\Lumen\\Routing\\{closure}(Object(Laravel\\Lumen\\Http\\Request))
#22 /app/vendor/laravel/lumen-framework/src/Concerns/RoutesRequests.php(428): Illuminate\\Pipeline\\Pipeline->then(Object(Closure))
#23 /app/vendor/laravel/lumen-framework/src/Concerns/RoutesRequests.php(263): Laravel\\Lumen\\Application->sendThroughPipeline(Array, Object(Closure))
#24 /app/vendor/laravel/lumen-framework/src/Concerns/RoutesRequests.php(171): Laravel\\Lumen\\Application->handleFoundRoute(Array)
#25 /app/vendor/laravel/lumen-framework/src/Routing/Pipeline.php(48): Laravel\\Lumen\\Application->Laravel\\Lumen\\Concerns\\{closure}(Object(Laravel\\Lumen\\Http\\Request))
#26 /app/app/Http/Middleware/CorsMiddleware.php(12): Laravel\\Lumen\\Routing\\Pipeline->Laravel\\Lumen\\Routing\\{closure}(Object(Laravel\\Lumen\\Http\\Request))
#27 /app/vendor/illuminate/pipeline/Pipeline.php(183): App\\Http\\Middleware\\CorsMiddleware->handle(Object(Laravel\\Lumen\\Http\\Request), Object(Closure))
#28 /app/vendor/laravel/lumen-framework/src/Routing/Pipeline.php(30): Illuminate\\Pipeline\\Pipeline->Illuminate\\Pipeline\\{closure}(Object(Laravel\\Lumen\\Http\\Request))
#29 /app/vendor/illuminate/pipeline/Pipeline.php(119): Laravel\\Lumen\\Routing\\Pipeline->Laravel\\Lumen\\Routing\\{closure}(Object(Laravel\\Lumen\\Http\\Request))
#30 /app/vendor/laravel/lumen-framework/src/Concerns/RoutesRequests.php(428): Illuminate\\Pipeline\\Pipeline->then(Object(Closure))
#31 /app/vendor/laravel/lumen-framework/src/Concerns/RoutesRequests.php(167): Laravel\\Lumen\\Application->sendThroughPipeline(Array, Object(Closure))
#32 /app/vendor/laravel/lumen-framework/src/Concerns/RoutesRequests.php(112): Laravel\\Lumen\\Application->dispatch(NULL)
#33 /app/public/index.php(5): Laravel\\Lumen\\Application->run()
#34 {main}
"} 
[2026-04-27 00:55:05] local.ERROR: SQLSTATE[42P01]: Undefined table: 7 ERROR:  relation "notifications" does not exist
LINE 2:              FROM notifications
                          ^ (Connection: pgsql, SQL: SELECT id, type, data, read_at, created_at
             FROM notifications
             WHERE notifiable_type = App\Models\User AND notifiable_id = 00000000-0000-0000-0000-000000000099::uuid
             ORDER BY read_at IS NOT NULL, created_at DESC
             LIMIT 50) {"exception":"[object] (Illuminate\\Database\\QueryException(code: 42P01): SQLSTATE[42P01]: Undefined table: 7 ERROR:  relation \"notifications\" does not exist
LINE 2:              FROM notifications
                          ^ (Connection: pgsql, SQL: SELECT id, type, data, read_at, created_at
             FROM notifications
             WHERE notifiable_type = App\\Models\\User AND notifiable_id = 00000000-0000-0000-0000-000000000099::uuid
             ORDER BY read_at IS NOT NULL, created_at DESC
             LIMIT 50) at /app/vendor/illuminate/database/Connection.php:829)
[stacktrace]
#0 /app/vendor/illuminate/database/Connection.php(783): Illuminate\\Database\\Connection->runQueryCallback('SELECT id, type...', Array, Object(Closure))
#1 /app/vendor/illuminate/database/Connection.php(414): Illuminate\\Database\\Connection->run('SELECT id, type...', Array, Object(Closure))
#2 /app/vendor/illuminate/database/DatabaseManager.php(509): Illuminate\\Database\\Connection->select('SELECT id, type...', Array)
#3 /app/vendor/illuminate/support/Facades/Facade.php(355): Illuminate\\Database\\DatabaseManager->__call('select', Array)
#4 /app/app/Http/Controllers/NotificationController.php(17): Illuminate\\Support\\Facades\\Facade::__callStatic('select', Array)
#5 /app/vendor/illuminate/container/BoundMethod.php(36): App\\Http\\Controllers\\NotificationController->index(Object(Laravel\\Lumen\\Http\\Request))
#6 /app/vendor/illuminate/container/Util.php(41): Illuminate\\Container\\BoundMethod::Illuminate\\Container\\{closure}()
#7 /app/vendor/illuminate/container/BoundMethod.php(93): Illuminate\\Container\\Util::unwrapIfClosure(Object(Closure))
#8 /app/vendor/illuminate/container/BoundMethod.php(35): Illuminate\\Container\\BoundMethod::callBoundMethod(Object(Laravel\\Lumen\\Application), Array, Object(Closure))
#9 /app/vendor/illuminate/container/Container.php(662): Illuminate\\Container\\BoundMethod::call(Object(Laravel\\Lumen\\Application), Array, Array, NULL)
#10 /app/vendor/laravel/lumen-framework/src/Concerns/RoutesRequests.php(391): Illuminate\\Container\\Container->call(Array, Array)
#11 /app/vendor/laravel/lumen-framework/src/Concerns/RoutesRequests.php(356): Laravel\\Lumen\\Application->callControllerCallable(Array, Array)
#12 /app/vendor/laravel/lumen-framework/src/Concerns/RoutesRequests.php(331): Laravel\\Lumen\\Application->callLumenController(Object(App\\Http\\Controllers\\NotificationController), 'index', Array)
#13 /app/vendor/laravel/lumen-framework/src/Concerns/RoutesRequests.php(284): Laravel\\Lumen\\Application->callControllerAction(Array)
#14 /app/vendor/laravel/lumen-framework/src/Concerns/RoutesRequests.php(264): Laravel\\Lumen\\Application->callActionOnArrayBasedRoute(Array)
#15 /app/vendor/laravel/lumen-framework/src/Routing/Pipeline.php(48): Laravel\\Lumen\\Application->Laravel\\Lumen\\Concerns\\{closure}(Object(Laravel\\Lumen\\Http\\Request))
#16 /app/app/Http/Middleware/Authenticate.php(35): Laravel\\Lumen\\Routing\\Pipeline->Laravel\\Lumen\\Routing\\{closure}(Object(Laravel\\Lumen\\Http\\Request))
#17 /app/vendor/illuminate/pipeline/Pipeline.php(183): App\\Http\\Middleware\\Authenticate->handle(Object(Laravel\\Lumen\\Http\\Request), Object(Closure))
#18 /app/vendor/laravel/lumen-framework/src/Routing/Pipeline.php(30): Illuminate\\Pipeline\\Pipeline->Illuminate\\Pipeline\\{closure}(Object(Laravel\\Lumen\\Http\\Request))
#19 /app/vendor/illuminate/pipeline/Pipeline.php(119): Laravel\\Lumen\\Routing\\Pipeline->Laravel\\Lumen\\Routing\\{closure}(Object(Laravel\\Lumen\\Http\\Request))
#20 /app/vendor/laravel/lumen-framework/src/Concerns/RoutesRequests.php(428): Illuminate\\Pipeline\\Pipeline->then(Object(Closure))
#21 /app/vendor/laravel/lumen-framework/src/Concerns/RoutesRequests.php(263): Laravel\\Lumen\\Application->sendThroughPipeline(Array, Object(Closure))
#22 /app/vendor/laravel/lumen-framework/src/Concerns/RoutesRequests.php(171): Laravel\\Lumen\\Application->handleFoundRoute(Array)
#23 /app/vendor/laravel/lumen-framework/src/Routing/Pipeline.php(48): Laravel\\Lumen\\Application->Laravel\\Lumen\\Concerns\\{closure}(Object(Laravel\\Lumen\\Http\\Request))
#24 /app/app/Http/Middleware/CorsMiddleware.php(12): Laravel\\Lumen\\Routing\\Pipeline->Laravel\\Lumen\\Routing\\{closure}(Object(Laravel\\Lumen\\Http\\Request))
#25 /app/vendor/illuminate/pipeline/Pipeline.php(183): App\\Http\\Middleware\\CorsMiddleware->handle(Object(Laravel\\Lumen\\Http\\Request), Object(Closure))
#26 /app/vendor/laravel/lumen-framework/src/Routing/Pipeline.php(30): Illuminate\\Pipeline\\Pipeline->Illuminate\\Pipeline\\{closure}(Object(Laravel\\Lumen\\Http\\Request))
#27 /app/vendor/illuminate/pipeline/Pipeline.php(119): Laravel\\Lumen\\Routing\\Pipeline->Laravel\\Lumen\\Routing\\{closure}(Object(Laravel\\Lumen\\Http\\Request))
#28 /app/vendor/laravel/lumen-framework/src/Concerns/RoutesRequests.php(428): Illuminate\\Pipeline\\Pipeline->then(Object(Closure))
#29 /app/vendor/laravel/lumen-framework/src/Concerns/RoutesRequests.php(167): Laravel\\Lumen\\Application->sendThroughPipeline(Array, Object(Closure))
#30 /app/vendor/laravel/lumen-framework/src/Concerns/RoutesRequests.php(112): Laravel\\Lumen\\Application->dispatch(NULL)
#31 /app/public/index.php(5): Laravel\\Lumen\\Application->run()
#32 {main}

[previous exception] [object] (PDOException(code: 42P01): SQLSTATE[42P01]: Undefined table: 7 ERROR:  relation \"notifications\" does not exist
LINE 2:              FROM notifications
                          ^ at /app/vendor/illuminate/database/Connection.php:428)
[stacktrace]
#0 /app/vendor/illuminate/database/Connection.php(428): PDOStatement->execute()
#1 /app/vendor/illuminate/database/Connection.php(816): Illuminate\\Database\\Connection->Illuminate\\Database\\{closure}('SELECT id, type...', Array)
#2 /app/vendor/illuminate/database/Connection.php(783): Illuminate\\Database\\Connection->runQueryCallback('SELECT id, type...', Array, Object(Closure))
#3 /app/vendor/illuminate/database/Connection.php(414): Illuminate\\Database\\Connection->run('SELECT id, type...', Array, Object(Closure))
#4 /app/vendor/illuminate/database/DatabaseManager.php(509): Illuminate\\Database\\Connection->select('SELECT id, type...', Array)
#5 /app/vendor/illuminate/support/Facades/Facade.php(355): Illuminate\\Database\\DatabaseManager->__call('select', Array)
#6 /app/app/Http/Controllers/NotificationController.php(17): Illuminate\\Support\\Facades\\Facade::__callStatic('select', Array)
#7 /app/vendor/illuminate/container/BoundMethod.php(36): App\\Http\\Controllers\\NotificationController->index(Object(Laravel\\Lumen\\Http\\Request))
#8 /app/vendor/illuminate/container/Util.php(41): Illuminate\\Container\\BoundMethod::Illuminate\\Container\\{closure}()
#9 /app/vendor/illuminate/container/BoundMethod.php(93): Illuminate\\Container\\Util::unwrapIfClosure(Object(Closure))
#10 /app/vendor/illuminate/container/BoundMethod.php(35): Illuminate\\Container\\BoundMethod::callBoundMethod(Object(Laravel\\Lumen\\Application), Array, Object(Closure))
#11 /app/vendor/illuminate/container/Container.php(662): Illuminate\\Container\\BoundMethod::call(Object(Laravel\\Lumen\\Application), Array, Array, NULL)
#12 /app/vendor/laravel/lumen-framework/src/Concerns/RoutesRequests.php(391): Illuminate\\Container\\Container->call(Array, Array)
#13 /app/vendor/laravel/lumen-framework/src/Concerns/RoutesRequests.php(356): Laravel\\Lumen\\Application->callControllerCallable(Array, Array)
#14 /app/vendor/laravel/lumen-framework/src/Concerns/RoutesRequests.php(331): Laravel\\Lumen\\Application->callLumenController(Object(App\\Http\\Controllers\\NotificationController), 'index', Array)
#15 /app/vendor/laravel/lumen-framework/src/Concerns/RoutesRequests.php(284): Laravel\\Lumen\\Application->callControllerAction(Array)
#16 /app/vendor/laravel/lumen-framework/src/Concerns/RoutesRequests.php(264): Laravel\\Lumen\\Application->callActionOnArrayBasedRoute(Array)
#17 /app/vendor/laravel/lumen-framework/src/Routing/Pipeline.php(48): Laravel\\Lumen\\Application->Laravel\\Lumen\\Concerns\\{closure}(Object(Laravel\\Lumen\\Http\\Request))
#18 /app/app/Http/Middleware/Authenticate.php(35): Laravel\\Lumen\\Routing\\Pipeline->Laravel\\Lumen\\Routing\\{closure}(Object(Laravel\\Lumen\\Http\\Request))
#19 /app/vendor/illuminate/pipeline/Pipeline.php(183): App\\Http\\Middleware\\Authenticate->handle(Object(Laravel\\Lumen\\Http\\Request), Object(Closure))
#20 /app/vendor/laravel/lumen-framework/src/Routing/Pipeline.php(30): Illuminate\\Pipeline\\Pipeline->Illuminate\\Pipeline\\{closure}(Object(Laravel\\Lumen\\Http\\Request))
#21 /app/vendor/illuminate/pipeline/Pipeline.php(119): Laravel\\Lumen\\Routing\\Pipeline->Laravel\\Lumen\\Routing\\{closure}(Object(Laravel\\Lumen\\Http\\Request))
#22 /app/vendor/laravel/lumen-framework/src/Concerns/RoutesRequests.php(428): Illuminate\\Pipeline\\Pipeline->then(Object(Closure))
#23 /app/vendor/laravel/lumen-framework/src/Concerns/RoutesRequests.php(263): Laravel\\Lumen\\Application->sendThroughPipeline(Array, Object(Closure))
#24 /app/vendor/laravel/lumen-framework/src/Concerns/RoutesRequests.php(171): Laravel\\Lumen\\Application->handleFoundRoute(Array)
#25 /app/vendor/laravel/lumen-framework/src/Routing/Pipeline.php(48): Laravel\\Lumen\\Application->Laravel\\Lumen\\Concerns\\{closure}(Object(Laravel\\Lumen\\Http\\Request))
#26 /app/app/Http/Middleware/CorsMiddleware.php(12): Laravel\\Lumen\\Routing\\Pipeline->Laravel\\Lumen\\Routing\\{closure}(Object(Laravel\\Lumen\\Http\\Request))
#27 /app/vendor/illuminate/pipeline/Pipeline.php(183): App\\Http\\Middleware\\CorsMiddleware->handle(Object(Laravel\\Lumen\\Http\\Request), Object(Closure))
#28 /app/vendor/laravel/lumen-framework/src/Routing/Pipeline.php(30): Illuminate\\Pipeline\\Pipeline->Illuminate\\Pipeline\\{closure}(Object(Laravel\\Lumen\\Http\\Request))
#29 /app/vendor/illuminate/pipeline/Pipeline.php(119): Laravel\\Lumen\\Routing\\Pipeline->Laravel\\Lumen\\Routing\\{closure}(Object(Laravel\\Lumen\\Http\\Request))
#30 /app/vendor/laravel/lumen-framework/src/Concerns/RoutesRequests.php(428): Illuminate\\Pipeline\\Pipeline->then(Object(Closure))
#31 /app/vendor/laravel/lumen-framework/src/Concerns/RoutesRequests.php(167): Laravel\\Lumen\\Application->sendThroughPipeline(Array, Object(Closure))
#32 /app/vendor/laravel/lumen-framework/src/Concerns/RoutesRequests.php(112): Laravel\\Lumen\\Application->dispatch(NULL)
#33 /app/public/index.php(5): Laravel\\Lumen\\Application->run()
#34 {main}
"} 
[2026-04-27 00:55:10] local.ERROR: SQLSTATE[42P01]: Undefined table: 7 ERROR:  relation "notifications" does not exist
LINE 2:              FROM notifications
                          ^ (Connection: pgsql, SQL: SELECT id, type, data, read_at, created_at
             FROM notifications
             WHERE notifiable_type = App\Models\User AND notifiable_id = 00000000-0000-0000-0000-000000000099::uuid
             ORDER BY read_at IS NOT NULL, created_at DESC
             LIMIT 50) {"exception":"[object] (Illuminate\\Database\\QueryException(code: 42P01): SQLSTATE[42P01]: Undefined table: 7 ERROR:  relation \"notifications\" does not exist
LINE 2:              FROM notifications
                          ^ (Connection: pgsql, SQL: SELECT id, type, data, read_at, created_at
             FROM notifications
             WHERE notifiable_type = App\\Models\\User AND notifiable_id = 00000000-0000-0000-0000-000000000099::uuid
             ORDER BY read_at IS NOT NULL, created_at DESC
             LIMIT 50) at /app/vendor/illuminate/database/Connection.php:829)
[stacktrace]
#0 /app/vendor/illuminate/database/Connection.php(783): Illuminate\\Database\\Connection->runQueryCallback('SELECT id, type...', Array, Object(Closure))
#1 /app/vendor/illuminate/database/Connection.php(414): Illuminate\\Database\\Connection->run('SELECT id, type...', Array, Object(Closure))
#2 /app/vendor/illuminate/database/DatabaseManager.php(509): Illuminate\\Database\\Connection->select('SELECT id, type...', Array)
#3 /app/vendor/illuminate/support/Facades/Facade.php(355): Illuminate\\Database\\DatabaseManager->__call('select', Array)
#4 /app/app/Http/Controllers/NotificationController.php(17): Illuminate\\Support\\Facades\\Facade::__callStatic('select', Array)
#5 /app/vendor/illuminate/container/BoundMethod.php(36): App\\Http\\Controllers\\NotificationController->index(Object(Laravel\\Lumen\\Http\\Request))
#6 /app/vendor/illuminate/container/Util.php(41): Illuminate\\Container\\BoundMethod::Illuminate\\Container\\{closure}()
#7 /app/vendor/illuminate/container/BoundMethod.php(93): Illuminate\\Container\\Util::unwrapIfClosure(Object(Closure))
#8 /app/vendor/illuminate/container/BoundMethod.php(35): Illuminate\\Container\\BoundMethod::callBoundMethod(Object(Laravel\\Lumen\\Application), Array, Object(Closure))
#9 /app/vendor/illuminate/container/Container.php(662): Illuminate\\Container\\BoundMethod::call(Object(Laravel\\Lumen\\Application), Array, Array, NULL)
#10 /app/vendor/laravel/lumen-framework/src/Concerns/RoutesRequests.php(391): Illuminate\\Container\\Container->call(Array, Array)
#11 /app/vendor/laravel/lumen-framework/src/Concerns/RoutesRequests.php(356): Laravel\\Lumen\\Application->callControllerCallable(Array, Array)
#12 /app/vendor/laravel/lumen-framework/src/Concerns/RoutesRequests.php(331): Laravel\\Lumen\\Application->callLumenController(Object(App\\Http\\Controllers\\NotificationController), 'index', Array)
#13 /app/vendor/laravel/lumen-framework/src/Concerns/RoutesRequests.php(284): Laravel\\Lumen\\Application->callControllerAction(Array)
#14 /app/vendor/laravel/lumen-framework/src/Concerns/RoutesRequests.php(264): Laravel\\Lumen\\Application->callActionOnArrayBasedRoute(Array)
#15 /app/vendor/laravel/lumen-framework/src/Routing/Pipeline.php(48): Laravel\\Lumen\\Application->Laravel\\Lumen\\Concerns\\{closure}(Object(Laravel\\Lumen\\Http\\Request))
#16 /app/app/Http/Middleware/Authenticate.php(35): Laravel\\Lumen\\Routing\\Pipeline->Laravel\\Lumen\\Routing\\{closure}(Object(Laravel\\Lumen\\Http\\Request))
#17 /app/vendor/illuminate/pipeline/Pipeline.php(183): App\\Http\\Middleware\\Authenticate->handle(Object(Laravel\\Lumen\\Http\\Request), Object(Closure))
#18 /app/vendor/laravel/lumen-framework/src/Routing/Pipeline.php(30): Illuminate\\Pipeline\\Pipeline->Illuminate\\Pipeline\\{closure}(Object(Laravel\\Lumen\\Http\\Request))
#19 /app/vendor/illuminate/pipeline/Pipeline.php(119): Laravel\\Lumen\\Routing\\Pipeline->Laravel\\Lumen\\Routing\\{closure}(Object(Laravel\\Lumen\\Http\\Request))
#20 /app/vendor/laravel/lumen-framework/src/Concerns/RoutesRequests.php(428): Illuminate\\Pipeline\\Pipeline->then(Object(Closure))
#21 /app/vendor/laravel/lumen-framework/src/Concerns/RoutesRequests.php(263): Laravel\\Lumen\\Application->sendThroughPipeline(Array, Object(Closure))
#22 /app/vendor/laravel/lumen-framework/src/Concerns/RoutesRequests.php(171): Laravel\\Lumen\\Application->handleFoundRoute(Array)
#23 /app/vendor/laravel/lumen-framework/src/Routing/Pipeline.php(48): Laravel\\Lumen\\Application->Laravel\\Lumen\\Concerns\\{closure}(Object(Laravel\\Lumen\\Http\\Request))
#24 /app/app/Http/Middleware/CorsMiddleware.php(12): Laravel\\Lumen\\Routing\\Pipeline->Laravel\\Lumen\\Routing\\{closure}(Object(Laravel\\Lumen\\Http\\Request))
#25 /app/vendor/illuminate/pipeline/Pipeline.php(183): App\\Http\\Middleware\\CorsMiddleware->handle(Object(Laravel\\Lumen\\Http\\Request), Object(Closure))
#26 /app/vendor/laravel/lumen-framework/src/Routing/Pipeline.php(30): Illuminate\\Pipeline\\Pipeline->Illuminate\\Pipeline\\{closure}(Object(Laravel\\Lumen\\Http\\Request))
#27 /app/vendor/illuminate/pipeline/Pipeline.php(119): Laravel\\Lumen\\Routing\\Pipeline->Laravel\\Lumen\\Routing\\{closure}(Object(Laravel\\Lumen\\Http\\Request))
#28 /app/vendor/laravel/lumen-framework/src/Concerns/RoutesRequests.php(428): Illuminate\\Pipeline\\Pipeline->then(Object(Closure))
#29 /app/vendor/laravel/lumen-framework/src/Concerns/RoutesRequests.php(167): Laravel\\Lumen\\Application->sendThroughPipeline(Array, Object(Closure))
#30 /app/vendor/laravel/lumen-framework/src/Concerns/RoutesRequests.php(112): Laravel\\Lumen\\Application->dispatch(NULL)
#31 /app/public/index.php(5): Laravel\\Lumen\\Application->run()
#32 {main}

[previous exception] [object] (PDOException(code: 42P01): SQLSTATE[42P01]: Undefined table: 7 ERROR:  relation \"notifications\" does not exist
LINE 2:              FROM notifications
                          ^ at /app/vendor/illuminate/database/Connection.php:428)
[stacktrace]
#0 /app/vendor/illuminate/database/Connection.php(428): PDOStatement->execute()
#1 /app/vendor/illuminate/database/Connection.php(816): Illuminate\\Database\\Connection->Illuminate\\Database\\{closure}('SELECT id, type...', Array)
#2 /app/vendor/illuminate/database/Connection.php(783): Illuminate\\Database\\Connection->runQueryCallback('SELECT id, type...', Array, Object(Closure))
#3 /app/vendor/illuminate/database/Connection.php(414): Illuminate\\Database\\Connection->run('SELECT id, type...', Array, Object(Closure))
#4 /app/vendor/illuminate/database/DatabaseManager.php(509): Illuminate\\Database\\Connection->select('SELECT id, type...', Array)
#5 /app/vendor/illuminate/support/Facades/Facade.php(355): Illuminate\\Database\\DatabaseManager->__call('select', Array)
#6 /app/app/Http/Controllers/NotificationController.php(17): Illuminate\\Support\\Facades\\Facade::__callStatic('select', Array)
#7 /app/vendor/illuminate/container/BoundMethod.php(36): App\\Http\\Controllers\\NotificationController->index(Object(Laravel\\Lumen\\Http\\Request))
#8 /app/vendor/illuminate/container/Util.php(41): Illuminate\\Container\\BoundMethod::Illuminate\\Container\\{closure}()
#9 /app/vendor/illuminate/container/BoundMethod.php(93): Illuminate\\Container\\Util::unwrapIfClosure(Object(Closure))
#10 /app/vendor/illuminate/container/BoundMethod.php(35): Illuminate\\Container\\BoundMethod::callBoundMethod(Object(Laravel\\Lumen\\Application), Array, Object(Closure))
#11 /app/vendor/illuminate/container/Container.php(662): Illuminate\\Container\\BoundMethod::call(Object(Laravel\\Lumen\\Application), Array, Array, NULL)
#12 /app/vendor/laravel/lumen-framework/src/Concerns/RoutesRequests.php(391): Illuminate\\Container\\Container->call(Array, Array)
#13 /app/vendor/laravel/lumen-framework/src/Concerns/RoutesRequests.php(356): Laravel\\Lumen\\Application->callControllerCallable(Array, Array)
#14 /app/vendor/laravel/lumen-framework/src/Concerns/RoutesRequests.php(331): Laravel\\Lumen\\Application->callLumenController(Object(App\\Http\\Controllers\\NotificationController), 'index', Array)
#15 /app/vendor/laravel/lumen-framework/src/Concerns/RoutesRequests.php(284): Laravel\\Lumen\\Application->callControllerAction(Array)
#16 /app/vendor/laravel/lumen-framework/src/Concerns/RoutesRequests.php(264): Laravel\\Lumen\\Application->callActionOnArrayBasedRoute(Array)
#17 /app/vendor/laravel/lumen-framework/src/Routing/Pipeline.php(48): Laravel\\Lumen\\Application->Laravel\\Lumen\\Concerns\\{closure}(Object(Laravel\\Lumen\\Http\\Request))
#18 /app/app/Http/Middleware/Authenticate.php(35): Laravel\\Lumen\\Routing\\Pipeline->Laravel\\Lumen\\Routing\\{closure}(Object(Laravel\\Lumen\\Http\\Request))
#19 /app/vendor/illuminate/pipeline/Pipeline.php(183): App\\Http\\Middleware\\Authenticate->handle(Object(Laravel\\Lumen\\Http\\Request), Object(Closure))
#20 /app/vendor/laravel/lumen-framework/src/Routing/Pipeline.php(30): Illuminate\\Pipeline\\Pipeline->Illuminate\\Pipeline\\{closure}(Object(Laravel\\Lumen\\Http\\Request))
#21 /app/vendor/illuminate/pipeline/Pipeline.php(119): Laravel\\Lumen\\Routing\\Pipeline->Laravel\\Lumen\\Routing\\{closure}(Object(Laravel\\Lumen\\Http\\Request))
#22 /app/vendor/laravel/lumen-framework/src/Concerns/RoutesRequests.php(428): Illuminate\\Pipeline\\Pipeline->then(Object(Closure))
#23 /app/vendor/laravel/lumen-framework/src/Concerns/RoutesRequests.php(263): Laravel\\Lumen\\Application->sendThroughPipeline(Array, Object(Closure))
#24 /app/vendor/laravel/lumen-framework/src/Concerns/RoutesRequests.php(171): Laravel\\Lumen\\Application->handleFoundRoute(Array)
#25 /app/vendor/laravel/lumen-framework/src/Routing/Pipeline.php(48): Laravel\\Lumen\\Application->Laravel\\Lumen\\Concerns\\{closure}(Object(Laravel\\Lumen\\Http\\Request))
#26 /app/app/Http/Middleware/CorsMiddleware.php(12): Laravel\\Lumen\\Routing\\Pipeline->Laravel\\Lumen\\Routing\\{closure}(Object(Laravel\\Lumen\\Http\\Request))
#27 /app/vendor/illuminate/pipeline/Pipeline.php(183): App\\Http\\Middleware\\CorsMiddleware->handle(Object(Laravel\\Lumen\\Http\\Request), Object(Closure))
#28 /app/vendor/laravel/lumen-framework/src/Routing/Pipeline.php(30): Illuminate\\Pipeline\\Pipeline->Illuminate\\Pipeline\\{closure}(Object(Laravel\\Lumen\\Http\\Request))
#29 /app/vendor/illuminate/pipeline/Pipeline.php(119): Laravel\\Lumen\\Routing\\Pipeline->Laravel\\Lumen\\Routing\\{closure}(Object(Laravel\\Lumen\\Http\\Request))
#30 /app/vendor/laravel/lumen-framework/src/Concerns/RoutesRequests.php(428): Illuminate\\Pipeline\\Pipeline->then(Object(Closure))
#31 /app/vendor/laravel/lumen-framework/src/Concerns/RoutesRequests.php(167): Laravel\\Lumen\\Application->sendThroughPipeline(Array, Object(Closure))
#32 /app/vendor/laravel/lumen-framework/src/Concerns/RoutesRequests.php(112): Laravel\\Lumen\\Application->dispatch(NULL)
#33 /app/public/index.php(5): Laravel\\Lumen\\Application->run()
#34 {main}
"} 
[2026-04-27 00:55:19] local.ERROR: SQLSTATE[42P01]: Undefined table: 7 ERROR:  relation "notifications" does not exist
LINE 2:              FROM notifications
                          ^ (Connection: pgsql, SQL: SELECT id, type, data, read_at, created_at
             FROM notifications
             WHERE notifiable_type = App\Models\User AND notifiable_id = 00000000-0000-0000-0000-000000000002::uuid
             ORDER BY read_at IS NOT NULL, created_at DESC
             LIMIT 50) {"exception":"[object] (Illuminate\\Database\\QueryException(code: 42P01): SQLSTATE[42P01]: Undefined table: 7 ERROR:  relation \"notifications\" does not exist
LINE 2:              FROM notifications
                          ^ (Connection: pgsql, SQL: SELECT id, type, data, read_at, created_at
             FROM notifications
             WHERE notifiable_type = App\\Models\\User AND notifiable_id = 00000000-0000-0000-0000-000000000002::uuid
             ORDER BY read_at IS NOT NULL, created_at DESC
             LIMIT 50) at /app/vendor/illuminate/database/Connection.php:829)
[stacktrace]
#0 /app/vendor/illuminate/database/Connection.php(783): Illuminate\\Database\\Connection->runQueryCallback('SELECT id, type...', Array, Object(Closure))
#1 /app/vendor/illuminate/database/Connection.php(414): Illuminate\\Database\\Connection->run('SELECT id, type...', Array, Object(Closure))
#2 /app/vendor/illuminate/database/DatabaseManager.php(509): Illuminate\\Database\\Connection->select('SELECT id, type...', Array)
#3 /app/vendor/illuminate/support/Facades/Facade.php(355): Illuminate\\Database\\DatabaseManager->__call('select', Array)
#4 /app/app/Http/Controllers/NotificationController.php(17): Illuminate\\Support\\Facades\\Facade::__callStatic('select', Array)
#5 /app/vendor/illuminate/container/BoundMethod.php(36): App\\Http\\Controllers\\NotificationController->index(Object(Laravel\\Lumen\\Http\\Request))
#6 /app/vendor/illuminate/container/Util.php(41): Illuminate\\Container\\BoundMethod::Illuminate\\Container\\{closure}()
#7 /app/vendor/illuminate/container/BoundMethod.php(93): Illuminate\\Container\\Util::unwrapIfClosure(Object(Closure))
#8 /app/vendor/illuminate/container/BoundMethod.php(35): Illuminate\\Container\\BoundMethod::callBoundMethod(Object(Laravel\\Lumen\\Application), Array, Object(Closure))
#9 /app/vendor/illuminate/container/Container.php(662): Illuminate\\Container\\BoundMethod::call(Object(Laravel\\Lumen\\Application), Array, Array, NULL)
#10 /app/vendor/laravel/lumen-framework/src/Concerns/RoutesRequests.php(391): Illuminate\\Container\\Container->call(Array, Array)
#11 /app/vendor/laravel/lumen-framework/src/Concerns/RoutesRequests.php(356): Laravel\\Lumen\\Application->callControllerCallable(Array, Array)
#12 /app/vendor/laravel/lumen-framework/src/Concerns/RoutesRequests.php(331): Laravel\\Lumen\\Application->callLumenController(Object(App\\Http\\Controllers\\NotificationController), 'index', Array)
#13 /app/vendor/laravel/lumen-framework/src/Concerns/RoutesRequests.php(284): Laravel\\Lumen\\Application->callControllerAction(Array)
#14 /app/vendor/laravel/lumen-framework/src/Concerns/RoutesRequests.php(264): Laravel\\Lumen\\Application->callActionOnArrayBasedRoute(Array)
#15 /app/vendor/laravel/lumen-framework/src/Routing/Pipeline.php(48): Laravel\\Lumen\\Application->Laravel\\Lumen\\Concerns\\{closure}(Object(Laravel\\Lumen\\Http\\Request))
#16 /app/app/Http/Middleware/Authenticate.php(35): Laravel\\Lumen\\Routing\\Pipeline->Laravel\\Lumen\\Routing\\{closure}(Object(Laravel\\Lumen\\Http\\Request))
#17 /app/vendor/illuminate/pipeline/Pipeline.php(183): App\\Http\\Middleware\\Authenticate->handle(Object(Laravel\\Lumen\\Http\\Request), Object(Closure))
#18 /app/vendor/laravel/lumen-framework/src/Routing/Pipeline.php(30): Illuminate\\Pipeline\\Pipeline->Illuminate\\Pipeline\\{closure}(Object(Laravel\\Lumen\\Http\\Request))
#19 /app/vendor/illuminate/pipeline/Pipeline.php(119): Laravel\\Lumen\\Routing\\Pipeline->Laravel\\Lumen\\Routing\\{closure}(Object(Laravel\\Lumen\\Http\\Request))
#20 /app/vendor/laravel/lumen-framework/src/Concerns/RoutesRequests.php(428): Illuminate\\Pipeline\\Pipeline->then(Object(Closure))
#21 /app/vendor/laravel/lumen-framework/src/Concerns/RoutesRequests.php(263): Laravel\\Lumen\\Application->sendThroughPipeline(Array, Object(Closure))
#22 /app/vendor/laravel/lumen-framework/src/Concerns/RoutesRequests.php(171): Laravel\\Lumen\\Application->handleFoundRoute(Array)
#23 /app/vendor/laravel/lumen-framework/src/Routing/Pipeline.php(48): Laravel\\Lumen\\Application->Laravel\\Lumen\\Concerns\\{closure}(Object(Laravel\\Lumen\\Http\\Request))
#24 /app/app/Http/Middleware/CorsMiddleware.php(12): Laravel\\Lumen\\Routing\\Pipeline->Laravel\\Lumen\\Routing\\{closure}(Object(Laravel\\Lumen\\Http\\Request))
#25 /app/vendor/illuminate/pipeline/Pipeline.php(183): App\\Http\\Middleware\\CorsMiddleware->handle(Object(Laravel\\Lumen\\Http\\Request), Object(Closure))
#26 /app/vendor/laravel/lumen-framework/src/Routing/Pipeline.php(30): Illuminate\\Pipeline\\Pipeline->Illuminate\\Pipeline\\{closure}(Object(Laravel\\Lumen\\Http\\Request))
#27 /app/vendor/illuminate/pipeline/Pipeline.php(119): Laravel\\Lumen\\Routing\\Pipeline->Laravel\\Lumen\\Routing\\{closure}(Object(Laravel\\Lumen\\Http\\Request))
#28 /app/vendor/laravel/lumen-framework/src/Concerns/RoutesRequests.php(428): Illuminate\\Pipeline\\Pipeline->then(Object(Closure))
#29 /app/vendor/laravel/lumen-framework/src/Concerns/RoutesRequests.php(167): Laravel\\Lumen\\Application->sendThroughPipeline(Array, Object(Closure))
#30 /app/vendor/laravel/lumen-framework/src/Concerns/RoutesRequests.php(112): Laravel\\Lumen\\Application->dispatch(NULL)
#31 /app/public/index.php(5): Laravel\\Lumen\\Application->run()
#32 {main}

[previous exception] [object] (PDOException(code: 42P01): SQLSTATE[42P01]: Undefined table: 7 ERROR:  relation \"notifications\" does not exist
LINE 2:              FROM notifications
                          ^ at /app/vendor/illuminate/database/Connection.php:428)
[stacktrace]
#0 /app/vendor/illuminate/database/Connection.php(428): PDOStatement->execute()
#1 /app/vendor/illuminate/database/Connection.php(816): Illuminate\\Database\\Connection->Illuminate\\Database\\{closure}('SELECT id, type...', Array)
#2 /app/vendor/illuminate/database/Connection.php(783): Illuminate\\Database\\Connection->runQueryCallback('SELECT id, type...', Array, Object(Closure))
#3 /app/vendor/illuminate/database/Connection.php(414): Illuminate\\Database\\Connection->run('SELECT id, type...', Array, Object(Closure))
#4 /app/vendor/illuminate/database/DatabaseManager.php(509): Illuminate\\Database\\Connection->select('SELECT id, type...', Array)
#5 /app/vendor/illuminate/support/Facades/Facade.php(355): Illuminate\\Database\\DatabaseManager->__call('select', Array)
#6 /app/app/Http/Controllers/NotificationController.php(17): Illuminate\\Support\\Facades\\Facade::__callStatic('select', Array)
#7 /app/vendor/illuminate/container/BoundMethod.php(36): App\\Http\\Controllers\\NotificationController->index(Object(Laravel\\Lumen\\Http\\Request))
#8 /app/vendor/illuminate/container/Util.php(41): Illuminate\\Container\\BoundMethod::Illuminate\\Container\\{closure}()
#9 /app/vendor/illuminate/container/BoundMethod.php(93): Illuminate\\Container\\Util::unwrapIfClosure(Object(Closure))
#10 /app/vendor/illuminate/container/BoundMethod.php(35): Illuminate\\Container\\BoundMethod::callBoundMethod(Object(Laravel\\Lumen\\Application), Array, Object(Closure))
#11 /app/vendor/illuminate/container/Container.php(662): Illuminate\\Container\\BoundMethod::call(Object(Laravel\\Lumen\\Application), Array, Array, NULL)
#12 /app/vendor/laravel/lumen-framework/src/Concerns/RoutesRequests.php(391): Illuminate\\Container\\Container->call(Array, Array)
#13 /app/vendor/laravel/lumen-framework/src/Concerns/RoutesRequests.php(356): Laravel\\Lumen\\Application->callControllerCallable(Array, Array)
#14 /app/vendor/laravel/lumen-framework/src/Concerns/RoutesRequests.php(331): Laravel\\Lumen\\Application->callLumenController(Object(App\\Http\\Controllers\\NotificationController), 'index', Array)
#15 /app/vendor/laravel/lumen-framework/src/Concerns/RoutesRequests.php(284): Laravel\\Lumen\\Application->callControllerAction(Array)
#16 /app/vendor/laravel/lumen-framework/src/Concerns/RoutesRequests.php(264): Laravel\\Lumen\\Application->callActionOnArrayBasedRoute(Array)
#17 /app/vendor/laravel/lumen-framework/src/Routing/Pipeline.php(48): Laravel\\Lumen\\Application->Laravel\\Lumen\\Concerns\\{closure}(Object(Laravel\\Lumen\\Http\\Request))
#18 /app/app/Http/Middleware/Authenticate.php(35): Laravel\\Lumen\\Routing\\Pipeline->Laravel\\Lumen\\Routing\\{closure}(Object(Laravel\\Lumen\\Http\\Request))
#19 /app/vendor/illuminate/pipeline/Pipeline.php(183): App\\Http\\Middleware\\Authenticate->handle(Object(Laravel\\Lumen\\Http\\Request), Object(Closure))
#20 /app/vendor/laravel/lumen-framework/src/Routing/Pipeline.php(30): Illuminate\\Pipeline\\Pipeline->Illuminate\\Pipeline\\{closure}(Object(Laravel\\Lumen\\Http\\Request))
#21 /app/vendor/illuminate/pipeline/Pipeline.php(119): Laravel\\Lumen\\Routing\\Pipeline->Laravel\\Lumen\\Routing\\{closure}(Object(Laravel\\Lumen\\Http\\Request))
#22 /app/vendor/laravel/lumen-framework/src/Concerns/RoutesRequests.php(428): Illuminate\\Pipeline\\Pipeline->then(Object(Closure))
#23 /app/vendor/laravel/lumen-framework/src/Concerns/RoutesRequests.php(263): Laravel\\Lumen\\Application->sendThroughPipeline(Array, Object(Closure))
#24 /app/vendor/laravel/lumen-framework/src/Concerns/RoutesRequests.php(171): Laravel\\Lumen\\Application->handleFoundRoute(Array)
#25 /app/vendor/laravel/lumen-framework/src/Routing/Pipeline.php(48): Laravel\\Lumen\\Application->Laravel\\Lumen\\Concerns\\{closure}(Object(Laravel\\Lumen\\Http\\Request))
#26 /app/app/Http/Middleware/CorsMiddleware.php(12): Laravel\\Lumen\\Routing\\Pipeline->Laravel\\Lumen\\Routing\\{closure}(Object(Laravel\\Lumen\\Http\\Request))
#27 /app/vendor/illuminate/pipeline/Pipeline.php(183): App\\Http\\Middleware\\CorsMiddleware->handle(Object(Laravel\\Lumen\\Http\\Request), Object(Closure))
#28 /app/vendor/laravel/lumen-framework/src/Routing/Pipeline.php(30): Illuminate\\Pipeline\\Pipeline->Illuminate\\Pipeline\\{closure}(Object(Laravel\\Lumen\\Http\\Request))
#29 /app/vendor/illuminate/pipeline/Pipeline.php(119): Laravel\\Lumen\\Routing\\Pipeline->Laravel\\Lumen\\Routing\\{closure}(Object(Laravel\\Lumen\\Http\\Request))
#30 /app/vendor/laravel/lumen-framework/src/Concerns/RoutesRequests.php(428): Illuminate\\Pipeline\\Pipeline->then(Object(Closure))
#31 /app/vendor/laravel/lumen-framework/src/Concerns/RoutesRequests.php(167): Laravel\\Lumen\\Application->sendThroughPipeline(Array, Object(Closure))
#32 /app/vendor/laravel/lumen-framework/src/Concerns/RoutesRequests.php(112): Laravel\\Lumen\\Application->dispatch(NULL)
#33 /app/public/index.php(5): Laravel\\Lumen\\Application->run()
#34 {main}
"} 
[2026-04-27 01:23:33] local.ERROR: Class "Pusher\Pusher" not found {"exception":"[object] (Error(code: 0): Class \"Pusher\\Pusher\" not found at /app/app/Services/PusherService.php:13)
[stacktrace]
#0 [internal function]: App\\Services\\PusherService->__construct()
#1 /app/vendor/illuminate/container/Container.php(952): ReflectionClass->newInstanceArgs(Array)
#2 /app/vendor/illuminate/container/Container.php(795): Illuminate\\Container\\Container->build('App\\\\Services\\\\Pu...')
#3 /app/vendor/illuminate/container/Container.php(731): Illuminate\\Container\\Container->resolve('App\\\\Services\\\\Pu...', Array)
#4 /app/vendor/laravel/lumen-framework/src/Application.php(327): Illuminate\\Container\\Container->make('App\\\\Services\\\\Pu...', Array)
#5 /app/vendor/laravel/lumen-framework/src/helpers.php(42): Laravel\\Lumen\\Application->make('App\\\\Services\\\\Pu...', Array)
#6 /app/app/Http/Controllers/BroadcastingController.php(24): app('App\\\\Services\\\\Pu...')
#7 /app/vendor/illuminate/container/BoundMethod.php(36): App\\Http\\Controllers\\BroadcastingController->auth(Object(Laravel\\Lumen\\Http\\Request))
#8 /app/vendor/illuminate/container/Util.php(41): Illuminate\\Container\\BoundMethod::Illuminate\\Container\\{closure}()
#9 /app/vendor/illuminate/container/BoundMethod.php(93): Illuminate\\Container\\Util::unwrapIfClosure(Object(Closure))
#10 /app/vendor/illuminate/container/BoundMethod.php(35): Illuminate\\Container\\BoundMethod::callBoundMethod(Object(Laravel\\Lumen\\Application), Array, Object(Closure))
#11 /app/vendor/illuminate/container/Container.php(662): Illuminate\\Container\\BoundMethod::call(Object(Laravel\\Lumen\\Application), Array, Array, NULL)
#12 /app/vendor/laravel/lumen-framework/src/Concerns/RoutesRequests.php(391): Illuminate\\Container\\Container->call(Array, Array)
#13 /app/vendor/laravel/lumen-framework/src/Concerns/RoutesRequests.php(356): Laravel\\Lumen\\Application->callControllerCallable(Array, Array)
#14 /app/vendor/laravel/lumen-framework/src/Concerns/RoutesRequests.php(331): Laravel\\Lumen\\Application->callLumenController(Object(App\\Http\\Controllers\\BroadcastingController), 'auth', Array)
#15 /app/vendor/laravel/lumen-framework/src/Concerns/RoutesRequests.php(284): Laravel\\Lumen\\Application->callControllerAction(Array)
#16 /app/vendor/laravel/lumen-framework/src/Concerns/RoutesRequests.php(264): Laravel\\Lumen\\Application->callActionOnArrayBasedRoute(Array)
#17 /app/vendor/laravel/lumen-framework/src/Routing/Pipeline.php(48): Laravel\\Lumen\\Application->Laravel\\Lumen\\Concerns\\{closure}(Object(Laravel\\Lumen\\Http\\Request))
#18 /app/app/Http/Middleware/Authenticate.php(35): Laravel\\Lumen\\Routing\\Pipeline->Laravel\\Lumen\\Routing\\{closure}(Object(Laravel\\Lumen\\Http\\Request))
#19 /app/vendor/illuminate/pipeline/Pipeline.php(183): App\\Http\\Middleware\\Authenticate->handle(Object(Laravel\\Lumen\\Http\\Request), Object(Closure))
#20 /app/vendor/laravel/lumen-framework/src/Routing/Pipeline.php(30): Illuminate\\Pipeline\\Pipeline->Illuminate\\Pipeline\\{closure}(Object(Laravel\\Lumen\\Http\\Request))
#21 /app/vendor/illuminate/pipeline/Pipeline.php(119): Laravel\\Lumen\\Routing\\Pipeline->Laravel\\Lumen\\Routing\\{closure}(Object(Laravel\\Lumen\\Http\\Request))
#22 /app/vendor/laravel/lumen-framework/src/Concerns/RoutesRequests.php(428): Illuminate\\Pipeline\\Pipeline->then(Object(Closure))
#23 /app/vendor/laravel/lumen-framework/src/Concerns/RoutesRequests.php(263): Laravel\\Lumen\\Application->sendThroughPipeline(Array, Object(Closure))
#24 /app/vendor/laravel/lumen-framework/src/Concerns/RoutesRequests.php(171): Laravel\\Lumen\\Application->handleFoundRoute(Array)
#25 /app/vendor/laravel/lumen-framework/src/Routing/Pipeline.php(48): Laravel\\Lumen\\Application->Laravel\\Lumen\\Concerns\\{closure}(Object(Laravel\\Lumen\\Http\\Request))
#26 /app/app/Http/Middleware/CorsMiddleware.php(12): Laravel\\Lumen\\Routing\\Pipeline->Laravel\\Lumen\\Routing\\{closure}(Object(Laravel\\Lumen\\Http\\Request))
#27 /app/vendor/illuminate/pipeline/Pipeline.php(183): App\\Http\\Middleware\\CorsMiddleware->handle(Object(Laravel\\Lumen\\Http\\Request), Object(Closure))
#28 /app/vendor/laravel/lumen-framework/src/Routing/Pipeline.php(30): Illuminate\\Pipeline\\Pipeline->Illuminate\\Pipeline\\{closure}(Object(Laravel\\Lumen\\Http\\Request))
#29 /app/vendor/illuminate/pipeline/Pipeline.php(119): Laravel\\Lumen\\Routing\\Pipeline->Laravel\\Lumen\\Routing\\{closure}(Object(Laravel\\Lumen\\Http\\Request))
#30 /app/vendor/laravel/lumen-framework/src/Concerns/RoutesRequests.php(428): Illuminate\\Pipeline\\Pipeline->then(Object(Closure))
#31 /app/vendor/laravel/lumen-framework/src/Concerns/RoutesRequests.php(167): Laravel\\Lumen\\Application->sendThroughPipeline(Array, Object(Closure))
#32 /app/vendor/laravel/lumen-framework/src/Concerns/RoutesRequests.php(112): Laravel\\Lumen\\Application->dispatch(NULL)
#33 /app/public/index.php(5): Laravel\\Lumen\\Application->run()
#34 {main}
"} 
[2026-04-27 01:24:56] local.ERROR: Class "Pusher\Pusher" not found {"exception":"[object] (Error(code: 0): Class \"Pusher\\Pusher\" not found at /app/app/Services/PusherService.php:13)
[stacktrace]
#0 [internal function]: App\\Services\\PusherService->__construct()
#1 /app/vendor/illuminate/container/Container.php(952): ReflectionClass->newInstanceArgs(Array)
#2 /app/vendor/illuminate/container/Container.php(795): Illuminate\\Container\\Container->build('App\\\\Services\\\\Pu...')
#3 /app/vendor/illuminate/container/Container.php(731): Illuminate\\Container\\Container->resolve('App\\\\Services\\\\Pu...', Array)
#4 /app/vendor/laravel/lumen-framework/src/Application.php(327): Illuminate\\Container\\Container->make('App\\\\Services\\\\Pu...', Array)
#5 /app/vendor/laravel/lumen-framework/src/helpers.php(42): Laravel\\Lumen\\Application->make('App\\\\Services\\\\Pu...', Array)
#6 /app/app/Http/Controllers/BroadcastingController.php(24): app('App\\\\Services\\\\Pu...')
#7 /app/vendor/illuminate/container/BoundMethod.php(36): App\\Http\\Controllers\\BroadcastingController->auth(Object(Laravel\\Lumen\\Http\\Request))
#8 /app/vendor/illuminate/container/Util.php(41): Illuminate\\Container\\BoundMethod::Illuminate\\Container\\{closure}()
#9 /app/vendor/illuminate/container/BoundMethod.php(93): Illuminate\\Container\\Util::unwrapIfClosure(Object(Closure))
#10 /app/vendor/illuminate/container/BoundMethod.php(35): Illuminate\\Container\\BoundMethod::callBoundMethod(Object(Laravel\\Lumen\\Application), Array, Object(Closure))
#11 /app/vendor/illuminate/container/Container.php(662): Illuminate\\Container\\BoundMethod::call(Object(Laravel\\Lumen\\Application), Array, Array, NULL)
#12 /app/vendor/laravel/lumen-framework/src/Concerns/RoutesRequests.php(391): Illuminate\\Container\\Container->call(Array, Array)
#13 /app/vendor/laravel/lumen-framework/src/Concerns/RoutesRequests.php(356): Laravel\\Lumen\\Application->callControllerCallable(Array, Array)
#14 /app/vendor/laravel/lumen-framework/src/Concerns/RoutesRequests.php(331): Laravel\\Lumen\\Application->callLumenController(Object(App\\Http\\Controllers\\BroadcastingController), 'auth', Array)
#15 /app/vendor/laravel/lumen-framework/src/Concerns/RoutesRequests.php(284): Laravel\\Lumen\\Application->callControllerAction(Array)
#16 /app/vendor/laravel/lumen-framework/src/Concerns/RoutesRequests.php(264): Laravel\\Lumen\\Application->callActionOnArrayBasedRoute(Array)
#17 /app/vendor/laravel/lumen-framework/src/Routing/Pipeline.php(48): Laravel\\Lumen\\Application->Laravel\\Lumen\\Concerns\\{closure}(Object(Laravel\\Lumen\\Http\\Request))
#18 /app/app/Http/Middleware/Authenticate.php(35): Laravel\\Lumen\\Routing\\Pipeline->Laravel\\Lumen\\Routing\\{closure}(Object(Laravel\\Lumen\\Http\\Request))
#19 /app/vendor/illuminate/pipeline/Pipeline.php(183): App\\Http\\Middleware\\Authenticate->handle(Object(Laravel\\Lumen\\Http\\Request), Object(Closure))
#20 /app/vendor/laravel/lumen-framework/src/Routing/Pipeline.php(30): Illuminate\\Pipeline\\Pipeline->Illuminate\\Pipeline\\{closure}(Object(Laravel\\Lumen\\Http\\Request))
#21 /app/vendor/illuminate/pipeline/Pipeline.php(119): Laravel\\Lumen\\Routing\\Pipeline->Laravel\\Lumen\\Routing\\{closure}(Object(Laravel\\Lumen\\Http\\Request))
#22 /app/vendor/laravel/lumen-framework/src/Concerns/RoutesRequests.php(428): Illuminate\\Pipeline\\Pipeline->then(Object(Closure))
#23 /app/vendor/laravel/lumen-framework/src/Concerns/RoutesRequests.php(263): Laravel\\Lumen\\Application->sendThroughPipeline(Array, Object(Closure))
#24 /app/vendor/laravel/lumen-framework/src/Concerns/RoutesRequests.php(171): Laravel\\Lumen\\Application->handleFoundRoute(Array)
#25 /app/vendor/laravel/lumen-framework/src/Routing/Pipeline.php(48): Laravel\\Lumen\\Application->Laravel\\Lumen\\Concerns\\{closure}(Object(Laravel\\Lumen\\Http\\Request))
#26 /app/app/Http/Middleware/CorsMiddleware.php(12): Laravel\\Lumen\\Routing\\Pipeline->Laravel\\Lumen\\Routing\\{closure}(Object(Laravel\\Lumen\\Http\\Request))
#27 /app/vendor/illuminate/pipeline/Pipeline.php(183): App\\Http\\Middleware\\CorsMiddleware->handle(Object(Laravel\\Lumen\\Http\\Request), Object(Closure))
#28 /app/vendor/laravel/lumen-framework/src/Routing/Pipeline.php(30): Illuminate\\Pipeline\\Pipeline->Illuminate\\Pipeline\\{closure}(Object(Laravel\\Lumen\\Http\\Request))
#29 /app/vendor/illuminate/pipeline/Pipeline.php(119): Laravel\\Lumen\\Routing\\Pipeline->Laravel\\Lumen\\Routing\\{closure}(Object(Laravel\\Lumen\\Http\\Request))
#30 /app/vendor/laravel/lumen-framework/src/Concerns/RoutesRequests.php(428): Illuminate\\Pipeline\\Pipeline->then(Object(Closure))
#31 /app/vendor/laravel/lumen-framework/src/Concerns/RoutesRequests.php(167): Laravel\\Lumen\\Application->sendThroughPipeline(Array, Object(Closure))
#32 /app/vendor/laravel/lumen-framework/src/Concerns/RoutesRequests.php(112): Laravel\\Lumen\\Application->dispatch(NULL)
#33 /app/public/index.php(5): Laravel\\Lumen\\Application->run()
#34 {main}
"} 
[2026-04-27 01:25:01] local.ERROR: Class "Pusher\Pusher" not found {"exception":"[object] (Error(code: 0): Class \"Pusher\\Pusher\" not found at /app/app/Services/PusherService.php:13)
[stacktrace]
#0 [internal function]: App\\Services\\PusherService->__construct()
#1 /app/vendor/illuminate/container/Container.php(952): ReflectionClass->newInstanceArgs(Array)
#2 /app/vendor/illuminate/container/Container.php(795): Illuminate\\Container\\Container->build('App\\\\Services\\\\Pu...')
#3 /app/vendor/illuminate/container/Container.php(731): Illuminate\\Container\\Container->resolve('App\\\\Services\\\\Pu...', Array)
#4 /app/vendor/laravel/lumen-framework/src/Application.php(327): Illuminate\\Container\\Container->make('App\\\\Services\\\\Pu...', Array)
#5 /app/vendor/laravel/lumen-framework/src/helpers.php(42): Laravel\\Lumen\\Application->make('App\\\\Services\\\\Pu...', Array)
#6 /app/app/Http/Controllers/BroadcastingController.php(24): app('App\\\\Services\\\\Pu...')
#7 /app/vendor/illuminate/container/BoundMethod.php(36): App\\Http\\Controllers\\BroadcastingController->auth(Object(Laravel\\Lumen\\Http\\Request))
#8 /app/vendor/illuminate/container/Util.php(41): Illuminate\\Container\\BoundMethod::Illuminate\\Container\\{closure}()
#9 /app/vendor/illuminate/container/BoundMethod.php(93): Illuminate\\Container\\Util::unwrapIfClosure(Object(Closure))
#10 /app/vendor/illuminate/container/BoundMethod.php(35): Illuminate\\Container\\BoundMethod::callBoundMethod(Object(Laravel\\Lumen\\Application), Array, Object(Closure))
#11 /app/vendor/illuminate/container/Container.php(662): Illuminate\\Container\\BoundMethod::call(Object(Laravel\\Lumen\\Application), Array, Array, NULL)
#12 /app/vendor/laravel/lumen-framework/src/Concerns/RoutesRequests.php(391): Illuminate\\Container\\Container->call(Array, Array)
#13 /app/vendor/laravel/lumen-framework/src/Concerns/RoutesRequests.php(356): Laravel\\Lumen\\Application->callControllerCallable(Array, Array)
#14 /app/vendor/laravel/lumen-framework/src/Concerns/RoutesRequests.php(331): Laravel\\Lumen\\Application->callLumenController(Object(App\\Http\\Controllers\\BroadcastingController), 'auth', Array)
#15 /app/vendor/laravel/lumen-framework/src/Concerns/RoutesRequests.php(284): Laravel\\Lumen\\Application->callControllerAction(Array)
#16 /app/vendor/laravel/lumen-framework/src/Concerns/RoutesRequests.php(264): Laravel\\Lumen\\Application->callActionOnArrayBasedRoute(Array)
#17 /app/vendor/laravel/lumen-framework/src/Routing/Pipeline.php(48): Laravel\\Lumen\\Application->Laravel\\Lumen\\Concerns\\{closure}(Object(Laravel\\Lumen\\Http\\Request))
#18 /app/app/Http/Middleware/Authenticate.php(35): Laravel\\Lumen\\Routing\\Pipeline->Laravel\\Lumen\\Routing\\{closure}(Object(Laravel\\Lumen\\Http\\Request))
#19 /app/vendor/illuminate/pipeline/Pipeline.php(183): App\\Http\\Middleware\\Authenticate->handle(Object(Laravel\\Lumen\\Http\\Request), Object(Closure))
#20 /app/vendor/laravel/lumen-framework/src/Routing/Pipeline.php(30): Illuminate\\Pipeline\\Pipeline->Illuminate\\Pipeline\\{closure}(Object(Laravel\\Lumen\\Http\\Request))
#21 /app/vendor/illuminate/pipeline/Pipeline.php(119): Laravel\\Lumen\\Routing\\Pipeline->Laravel\\Lumen\\Routing\\{closure}(Object(Laravel\\Lumen\\Http\\Request))
#22 /app/vendor/laravel/lumen-framework/src/Concerns/RoutesRequests.php(428): Illuminate\\Pipeline\\Pipeline->then(Object(Closure))
#23 /app/vendor/laravel/lumen-framework/src/Concerns/RoutesRequests.php(263): Laravel\\Lumen\\Application->sendThroughPipeline(Array, Object(Closure))
#24 /app/vendor/laravel/lumen-framework/src/Concerns/RoutesRequests.php(171): Laravel\\Lumen\\Application->handleFoundRoute(Array)
#25 /app/vendor/laravel/lumen-framework/src/Routing/Pipeline.php(48): Laravel\\Lumen\\Application->Laravel\\Lumen\\Concerns\\{closure}(Object(Laravel\\Lumen\\Http\\Request))
#26 /app/app/Http/Middleware/CorsMiddleware.php(12): Laravel\\Lumen\\Routing\\Pipeline->Laravel\\Lumen\\Routing\\{closure}(Object(Laravel\\Lumen\\Http\\Request))
#27 /app/vendor/illuminate/pipeline/Pipeline.php(183): App\\Http\\Middleware\\CorsMiddleware->handle(Object(Laravel\\Lumen\\Http\\Request), Object(Closure))
#28 /app/vendor/laravel/lumen-framework/src/Routing/Pipeline.php(30): Illuminate\\Pipeline\\Pipeline->Illuminate\\Pipeline\\{closure}(Object(Laravel\\Lumen\\Http\\Request))
#29 /app/vendor/illuminate/pipeline/Pipeline.php(119): Laravel\\Lumen\\Routing\\Pipeline->Laravel\\Lumen\\Routing\\{closure}(Object(Laravel\\Lumen\\Http\\Request))
#30 /app/vendor/laravel/lumen-framework/src/Concerns/RoutesRequests.php(428): Illuminate\\Pipeline\\Pipeline->then(Object(Closure))
#31 /app/vendor/laravel/lumen-framework/src/Concerns/RoutesRequests.php(167): Laravel\\Lumen\\Application->sendThroughPipeline(Array, Object(Closure))
#32 /app/vendor/laravel/lumen-framework/src/Concerns/RoutesRequests.php(112): Laravel\\Lumen\\Application->dispatch(NULL)
#33 /app/public/index.php(5): Laravel\\Lumen\\Application->run()
#34 {main}
"} 
[2026-04-27 01:53:59] local.ERROR: SQLSTATE[42703]: Undefined column: 7 ERROR:  column w.pending_changes does not exist
LINE 8:                        w.pending_changes,
                               ^ (Connection: pgsql, SQL: SELECT w.id, w.title, w.slug, COALESCE(w.description,'') as description,
                       w.type, w.modality, w.price, w.currency,
                       w.capacity, COALESCE(w.location,'') as location,
                       COALESCE(w.online_url,'') as online_url,
                       COALESCE(w.cover_image_url,'') as cover_image_url,
                       w.status, w.approval_status,
                       COALESCE(w.admin_observations,'') as admin_observations,
                       w.pending_changes,
                       COALESCE(w.reviewed_at::text,'') as reviewed_at,
                       COALESCE(w.created_at::text,'') as created_at,
                       COALESCE(c.id::text,'') as category_id,
                       COALESCE(c.name,'') as category_name,
                       w.instructor_id::text as instructor_id,
                       COALESCE(p.name,'') as instructor_name,
                       COALESCE(u.email,'') as instructor_email
                FROM workshops w
                LEFT JOIN categories c ON c.id = w.category_id
                LEFT JOIN profiles p ON p.user_id = w.instructor_id
                LEFT JOIN users u ON u.id = w.instructor_id
                WHERE w.status != 'archived' ORDER BY w.created_at DESC) {"exception":"[object] (Illuminate\\Database\\QueryException(code: 42703): SQLSTATE[42703]: Undefined column: 7 ERROR:  column w.pending_changes does not exist
LINE 8:                        w.pending_changes,
                               ^ (Connection: pgsql, SQL: SELECT w.id, w.title, w.slug, COALESCE(w.description,'') as description,
                       w.type, w.modality, w.price, w.currency,
                       w.capacity, COALESCE(w.location,'') as location,
                       COALESCE(w.online_url,'') as online_url,
                       COALESCE(w.cover_image_url,'') as cover_image_url,
                       w.status, w.approval_status,
                       COALESCE(w.admin_observations,'') as admin_observations,
                       w.pending_changes,
                       COALESCE(w.reviewed_at::text,'') as reviewed_at,
                       COALESCE(w.created_at::text,'') as created_at,
                       COALESCE(c.id::text,'') as category_id,
                       COALESCE(c.name,'') as category_name,
                       w.instructor_id::text as instructor_id,
                       COALESCE(p.name,'') as instructor_name,
                       COALESCE(u.email,'') as instructor_email
                FROM workshops w
                LEFT JOIN categories c ON c.id = w.category_id
                LEFT JOIN profiles p ON p.user_id = w.instructor_id
                LEFT JOIN users u ON u.id = w.instructor_id
                WHERE w.status != 'archived' ORDER BY w.created_at DESC) at /app/vendor/illuminate/database/Connection.php:822)
[stacktrace]
#0 /app/vendor/illuminate/database/Connection.php(776): Illuminate\\Database\\Connection->runQueryCallback('SELECT w.id, w....', Array, Object(Closure))
#1 /app/vendor/illuminate/database/Connection.php(407): Illuminate\\Database\\Connection->run('SELECT w.id, w....', Array, Object(Closure))
#2 /app/vendor/illuminate/database/DatabaseManager.php(469): Illuminate\\Database\\Connection->select('SELECT w.id, w....', Array)
#3 /app/vendor/illuminate/support/Facades/Facade.php(355): Illuminate\\Database\\DatabaseManager->__call('select', Array)
#4 /app/app/Http/Controllers/AdminController.php(68): Illuminate\\Support\\Facades\\Facade::__callStatic('select', Array)
#5 /app/vendor/illuminate/container/BoundMethod.php(36): App\\Http\\Controllers\\AdminController->workshops(Object(Laravel\\Lumen\\Http\\Request))
#6 /app/vendor/illuminate/container/Util.php(41): Illuminate\\Container\\BoundMethod::Illuminate\\Container\\{closure}()
#7 /app/vendor/illuminate/container/BoundMethod.php(93): Illuminate\\Container\\Util::unwrapIfClosure(Object(Closure))
#8 /app/vendor/illuminate/container/BoundMethod.php(35): Illuminate\\Container\\BoundMethod::callBoundMethod(Object(Laravel\\Lumen\\Application), Array, Object(Closure))
#9 /app/vendor/illuminate/container/Container.php(662): Illuminate\\Container\\BoundMethod::call(Object(Laravel\\Lumen\\Application), Array, Array, NULL)
#10 /app/vendor/laravel/lumen-framework/src/Concerns/RoutesRequests.php(391): Illuminate\\Container\\Container->call(Array, Array)
#11 /app/vendor/laravel/lumen-framework/src/Concerns/RoutesRequests.php(356): Laravel\\Lumen\\Application->callControllerCallable(Array, Array)
#12 /app/vendor/laravel/lumen-framework/src/Concerns/RoutesRequests.php(331): Laravel\\Lumen\\Application->callLumenController(Object(App\\Http\\Controllers\\AdminController), 'workshops', Array)
#13 /app/vendor/laravel/lumen-framework/src/Concerns/RoutesRequests.php(284): Laravel\\Lumen\\Application->callControllerAction(Array)
#14 /app/vendor/laravel/lumen-framework/src/Concerns/RoutesRequests.php(264): Laravel\\Lumen\\Application->callActionOnArrayBasedRoute(Array)
#15 /app/vendor/laravel/lumen-framework/src/Routing/Pipeline.php(48): Laravel\\Lumen\\Application->Laravel\\Lumen\\Concerns\\{closure}(Object(Laravel\\Lumen\\Http\\Request))
#16 /app/app/Http/Middleware/AdminOnly.php(18): Laravel\\Lumen\\Routing\\Pipeline->Laravel\\Lumen\\Routing\\{closure}(Object(Laravel\\Lumen\\Http\\Request))
#17 /app/vendor/illuminate/pipeline/Pipeline.php(183): App\\Http\\Middleware\\AdminOnly->handle(Object(Laravel\\Lumen\\Http\\Request), Object(Closure))
#18 /app/vendor/laravel/lumen-framework/src/Routing/Pipeline.php(30): Illuminate\\Pipeline\\Pipeline->Illuminate\\Pipeline\\{closure}(Object(Laravel\\Lumen\\Http\\Request))
#19 /app/app/Http/Middleware/Authenticate.php(35): Laravel\\Lumen\\Routing\\Pipeline->Laravel\\Lumen\\Routing\\{closure}(Object(Laravel\\Lumen\\Http\\Request))
#20 /app/vendor/illuminate/pipeline/Pipeline.php(183): App\\Http\\Middleware\\Authenticate->handle(Object(Laravel\\Lumen\\Http\\Request), Object(Closure))
#21 /app/vendor/laravel/lumen-framework/src/Routing/Pipeline.php(30): Illuminate\\Pipeline\\Pipeline->Illuminate\\Pipeline\\{closure}(Object(Laravel\\Lumen\\Http\\Request))
#22 /app/vendor/illuminate/pipeline/Pipeline.php(119): Laravel\\Lumen\\Routing\\Pipeline->Laravel\\Lumen\\Routing\\{closure}(Object(Laravel\\Lumen\\Http\\Request))
#23 /app/vendor/laravel/lumen-framework/src/Concerns/RoutesRequests.php(428): Illuminate\\Pipeline\\Pipeline->then(Object(Closure))
#24 /app/vendor/laravel/lumen-framework/src/Concerns/RoutesRequests.php(263): Laravel\\Lumen\\Application->sendThroughPipeline(Array, Object(Closure))
#25 /app/vendor/laravel/lumen-framework/src/Concerns/RoutesRequests.php(171): Laravel\\Lumen\\Application->handleFoundRoute(Array)
#26 /app/vendor/laravel/lumen-framework/src/Routing/Pipeline.php(48): Laravel\\Lumen\\Application->Laravel\\Lumen\\Concerns\\{closure}(Object(Laravel\\Lumen\\Http\\Request))
#27 /app/app/Http/Middleware/CorsMiddleware.php(12): Laravel\\Lumen\\Routing\\Pipeline->Laravel\\Lumen\\Routing\\{closure}(Object(Laravel\\Lumen\\Http\\Request))
#28 /app/vendor/illuminate/pipeline/Pipeline.php(183): App\\Http\\Middleware\\CorsMiddleware->handle(Object(Laravel\\Lumen\\Http\\Request), Object(Closure))
#29 /app/vendor/laravel/lumen-framework/src/Routing/Pipeline.php(30): Illuminate\\Pipeline\\Pipeline->Illuminate\\Pipeline\\{closure}(Object(Laravel\\Lumen\\Http\\Request))
#30 /app/vendor/illuminate/pipeline/Pipeline.php(119): Laravel\\Lumen\\Routing\\Pipeline->Laravel\\Lumen\\Routing\\{closure}(Object(Laravel\\Lumen\\Http\\Request))
#31 /app/vendor/laravel/lumen-framework/src/Concerns/RoutesRequests.php(428): Illuminate\\Pipeline\\Pipeline->then(Object(Closure))
#32 /app/vendor/laravel/lumen-framework/src/Concerns/RoutesRequests.php(167): Laravel\\Lumen\\Application->sendThroughPipeline(Array, Object(Closure))
#33 /app/vendor/laravel/lumen-framework/src/Concerns/RoutesRequests.php(112): Laravel\\Lumen\\Application->dispatch(NULL)
#34 /app/public/index.php(5): Laravel\\Lumen\\Application->run()
#35 {main}

[previous exception] [object] (PDOException(code: 42703): SQLSTATE[42703]: Undefined column: 7 ERROR:  column w.pending_changes does not exist
LINE 8:                        w.pending_changes,
                               ^ at /app/vendor/illuminate/database/Connection.php:421)
[stacktrace]
#0 /app/vendor/illuminate/database/Connection.php(421): PDOStatement->execute()
#1 /app/vendor/illuminate/database/Connection.php(809): Illuminate\\Database\\Connection->Illuminate\\Database\\{closure}('SELECT w.id, w....', Array)
#2 /app/vendor/illuminate/database/Connection.php(776): Illuminate\\Database\\Connection->runQueryCallback('SELECT w.id, w....', Array, Object(Closure))
#3 /app/vendor/illuminate/database/Connection.php(407): Illuminate\\Database\\Connection->run('SELECT w.id, w....', Array, Object(Closure))
#4 /app/vendor/illuminate/database/DatabaseManager.php(469): Illuminate\\Database\\Connection->select('SELECT w.id, w....', Array)
#5 /app/vendor/illuminate/support/Facades/Facade.php(355): Illuminate\\Database\\DatabaseManager->__call('select', Array)
#6 /app/app/Http/Controllers/AdminController.php(68): Illuminate\\Support\\Facades\\Facade::__callStatic('select', Array)
#7 /app/vendor/illuminate/container/BoundMethod.php(36): App\\Http\\Controllers\\AdminController->workshops(Object(Laravel\\Lumen\\Http\\Request))
#8 /app/vendor/illuminate/container/Util.php(41): Illuminate\\Container\\BoundMethod::Illuminate\\Container\\{closure}()
#9 /app/vendor/illuminate/container/BoundMethod.php(93): Illuminate\\Container\\Util::unwrapIfClosure(Object(Closure))
#10 /app/vendor/illuminate/container/BoundMethod.php(35): Illuminate\\Container\\BoundMethod::callBoundMethod(Object(Laravel\\Lumen\\Application), Array, Object(Closure))
#11 /app/vendor/illuminate/container/Container.php(662): Illuminate\\Container\\BoundMethod::call(Object(Laravel\\Lumen\\Application), Array, Array, NULL)
#12 /app/vendor/laravel/lumen-framework/src/Concerns/RoutesRequests.php(391): Illuminate\\Container\\Container->call(Array, Array)
#13 /app/vendor/laravel/lumen-framework/src/Concerns/RoutesRequests.php(356): Laravel\\Lumen\\Application->callControllerCallable(Array, Array)
#14 /app/vendor/laravel/lumen-framework/src/Concerns/RoutesRequests.php(331): Laravel\\Lumen\\Application->callLumenController(Object(App\\Http\\Controllers\\AdminController), 'workshops', Array)
#15 /app/vendor/laravel/lumen-framework/src/Concerns/RoutesRequests.php(284): Laravel\\Lumen\\Application->callControllerAction(Array)
#16 /app/vendor/laravel/lumen-framework/src/Concerns/RoutesRequests.php(264): Laravel\\Lumen\\Application->callActionOnArrayBasedRoute(Array)
#17 /app/vendor/laravel/lumen-framework/src/Routing/Pipeline.php(48): Laravel\\Lumen\\Application->Laravel\\Lumen\\Concerns\\{closure}(Object(Laravel\\Lumen\\Http\\Request))
#18 /app/app/Http/Middleware/AdminOnly.php(18): Laravel\\Lumen\\Routing\\Pipeline->Laravel\\Lumen\\Routing\\{closure}(Object(Laravel\\Lumen\\Http\\Request))
#19 /app/vendor/illuminate/pipeline/Pipeline.php(183): App\\Http\\Middleware\\AdminOnly->handle(Object(Laravel\\Lumen\\Http\\Request), Object(Closure))
#20 /app/vendor/laravel/lumen-framework/src/Routing/Pipeline.php(30): Illuminate\\Pipeline\\Pipeline->Illuminate\\Pipeline\\{closure}(Object(Laravel\\Lumen\\Http\\Request))
#21 /app/app/Http/Middleware/Authenticate.php(35): Laravel\\Lumen\\Routing\\Pipeline->Laravel\\Lumen\\Routing\\{closure}(Object(Laravel\\Lumen\\Http\\Request))
#22 /app/vendor/illuminate/pipeline/Pipeline.php(183): App\\Http\\Middleware\\Authenticate->handle(Object(Laravel\\Lumen\\Http\\Request), Object(Closure))
#23 /app/vendor/laravel/lumen-framework/src/Routing/Pipeline.php(30): Illuminate\\Pipeline\\Pipeline->Illuminate\\Pipeline\\{closure}(Object(Laravel\\Lumen\\Http\\Request))
#24 /app/vendor/illuminate/pipeline/Pipeline.php(119): Laravel\\Lumen\\Routing\\Pipeline->Laravel\\Lumen\\Routing\\{closure}(Object(Laravel\\Lumen\\Http\\Request))
#25 /app/vendor/laravel/lumen-framework/src/Concerns/RoutesRequests.php(428): Illuminate\\Pipeline\\Pipeline->then(Object(Closure))
#26 /app/vendor/laravel/lumen-framework/src/Concerns/RoutesRequests.php(263): Laravel\\Lumen\\Application->sendThroughPipeline(Array, Object(Closure))
#27 /app/vendor/laravel/lumen-framework/src/Concerns/RoutesRequests.php(171): Laravel\\Lumen\\Application->handleFoundRoute(Array)
#28 /app/vendor/laravel/lumen-framework/src/Routing/Pipeline.php(48): Laravel\\Lumen\\Application->Laravel\\Lumen\\Concerns\\{closure}(Object(Laravel\\Lumen\\Http\\Request))
#29 /app/app/Http/Middleware/CorsMiddleware.php(12): Laravel\\Lumen\\Routing\\Pipeline->Laravel\\Lumen\\Routing\\{closure}(Object(Laravel\\Lumen\\Http\\Request))
#30 /app/vendor/illuminate/pipeline/Pipeline.php(183): App\\Http\\Middleware\\CorsMiddleware->handle(Object(Laravel\\Lumen\\Http\\Request), Object(Closure))
#31 /app/vendor/laravel/lumen-framework/src/Routing/Pipeline.php(30): Illuminate\\Pipeline\\Pipeline->Illuminate\\Pipeline\\{closure}(Object(Laravel\\Lumen\\Http\\Request))
#32 /app/vendor/illuminate/pipeline/Pipeline.php(119): Laravel\\Lumen\\Routing\\Pipeline->Laravel\\Lumen\\Routing\\{closure}(Object(Laravel\\Lumen\\Http\\Request))
#33 /app/vendor/laravel/lumen-framework/src/Concerns/RoutesRequests.php(428): Illuminate\\Pipeline\\Pipeline->then(Object(Closure))
#34 /app/vendor/laravel/lumen-framework/src/Concerns/RoutesRequests.php(167): Laravel\\Lumen\\Application->sendThroughPipeline(Array, Object(Closure))
#35 /app/vendor/laravel/lumen-framework/src/Concerns/RoutesRequests.php(112): Laravel\\Lumen\\Application->dispatch(NULL)
#36 /app/public/index.php(5): Laravel\\Lumen\\Application->run()
#37 {main}
"} 
[2026-04-27 01:53:59] local.ERROR: SQLSTATE[42703]: Undefined column: 7 ERROR:  column w.pending_changes does not exist
LINE 8:                        w.pending_changes,
                               ^ (Connection: pgsql, SQL: SELECT w.id, w.title, w.slug, COALESCE(w.description,'') as description,
                       w.type, w.modality, w.price, w.currency,
                       w.capacity, COALESCE(w.location,'') as location,
                       COALESCE(w.online_url,'') as online_url,
                       COALESCE(w.cover_image_url,'') as cover_image_url,
                       w.status, w.approval_status,
                       COALESCE(w.admin_observations,'') as admin_observations,
                       w.pending_changes,
                       COALESCE(w.reviewed_at::text,'') as reviewed_at,
                       COALESCE(w.created_at::text,'') as created_at,
                       COALESCE(c.id::text,'') as category_id,
                       COALESCE(c.name,'') as category_name,
                       w.instructor_id::text as instructor_id,
                       COALESCE(p.name,'') as instructor_name,
                       COALESCE(u.email,'') as instructor_email
                FROM workshops w
                LEFT JOIN categories c ON c.id = w.category_id
                LEFT JOIN profiles p ON p.user_id = w.instructor_id
                LEFT JOIN users u ON u.id = w.instructor_id
                WHERE w.status != 'archived' ORDER BY w.created_at DESC) {"exception":"[object] (Illuminate\\Database\\QueryException(code: 42703): SQLSTATE[42703]: Undefined column: 7 ERROR:  column w.pending_changes does not exist
LINE 8:                        w.pending_changes,
                               ^ (Connection: pgsql, SQL: SELECT w.id, w.title, w.slug, COALESCE(w.description,'') as description,
                       w.type, w.modality, w.price, w.currency,
                       w.capacity, COALESCE(w.location,'') as location,
                       COALESCE(w.online_url,'') as online_url,
                       COALESCE(w.cover_image_url,'') as cover_image_url,
                       w.status, w.approval_status,
                       COALESCE(w.admin_observations,'') as admin_observations,
                       w.pending_changes,
                       COALESCE(w.reviewed_at::text,'') as reviewed_at,
                       COALESCE(w.created_at::text,'') as created_at,
                       COALESCE(c.id::text,'') as category_id,
                       COALESCE(c.name,'') as category_name,
                       w.instructor_id::text as instructor_id,
                       COALESCE(p.name,'') as instructor_name,
                       COALESCE(u.email,'') as instructor_email
                FROM workshops w
                LEFT JOIN categories c ON c.id = w.category_id
                LEFT JOIN profiles p ON p.user_id = w.instructor_id
                LEFT JOIN users u ON u.id = w.instructor_id
                WHERE w.status != 'archived' ORDER BY w.created_at DESC) at /app/vendor/illuminate/database/Connection.php:822)
[stacktrace]
#0 /app/vendor/illuminate/database/Connection.php(776): Illuminate\\Database\\Connection->runQueryCallback('SELECT w.id, w....', Array, Object(Closure))
#1 /app/vendor/illuminate/database/Connection.php(407): Illuminate\\Database\\Connection->run('SELECT w.id, w....', Array, Object(Closure))
#2 /app/vendor/illuminate/database/DatabaseManager.php(469): Illuminate\\Database\\Connection->select('SELECT w.id, w....', Array)
#3 /app/vendor/illuminate/support/Facades/Facade.php(355): Illuminate\\Database\\DatabaseManager->__call('select', Array)
#4 /app/app/Http/Controllers/AdminController.php(68): Illuminate\\Support\\Facades\\Facade::__callStatic('select', Array)
#5 /app/vendor/illuminate/container/BoundMethod.php(36): App\\Http\\Controllers\\AdminController->workshops(Object(Laravel\\Lumen\\Http\\Request))
#6 /app/vendor/illuminate/container/Util.php(41): Illuminate\\Container\\BoundMethod::Illuminate\\Container\\{closure}()
#7 /app/vendor/illuminate/container/BoundMethod.php(93): Illuminate\\Container\\Util::unwrapIfClosure(Object(Closure))
#8 /app/vendor/illuminate/container/BoundMethod.php(35): Illuminate\\Container\\BoundMethod::callBoundMethod(Object(Laravel\\Lumen\\Application), Array, Object(Closure))
#9 /app/vendor/illuminate/container/Container.php(662): Illuminate\\Container\\BoundMethod::call(Object(Laravel\\Lumen\\Application), Array, Array, NULL)
#10 /app/vendor/laravel/lumen-framework/src/Concerns/RoutesRequests.php(391): Illuminate\\Container\\Container->call(Array, Array)
#11 /app/vendor/laravel/lumen-framework/src/Concerns/RoutesRequests.php(356): Laravel\\Lumen\\Application->callControllerCallable(Array, Array)
#12 /app/vendor/laravel/lumen-framework/src/Concerns/RoutesRequests.php(331): Laravel\\Lumen\\Application->callLumenController(Object(App\\Http\\Controllers\\AdminController), 'workshops', Array)
#13 /app/vendor/laravel/lumen-framework/src/Concerns/RoutesRequests.php(284): Laravel\\Lumen\\Application->callControllerAction(Array)
#14 /app/vendor/laravel/lumen-framework/src/Concerns/RoutesRequests.php(264): Laravel\\Lumen\\Application->callActionOnArrayBasedRoute(Array)
#15 /app/vendor/laravel/lumen-framework/src/Routing/Pipeline.php(48): Laravel\\Lumen\\Application->Laravel\\Lumen\\Concerns\\{closure}(Object(Laravel\\Lumen\\Http\\Request))
#16 /app/app/Http/Middleware/AdminOnly.php(18): Laravel\\Lumen\\Routing\\Pipeline->Laravel\\Lumen\\Routing\\{closure}(Object(Laravel\\Lumen\\Http\\Request))
#17 /app/vendor/illuminate/pipeline/Pipeline.php(183): App\\Http\\Middleware\\AdminOnly->handle(Object(Laravel\\Lumen\\Http\\Request), Object(Closure))
#18 /app/vendor/laravel/lumen-framework/src/Routing/Pipeline.php(30): Illuminate\\Pipeline\\Pipeline->Illuminate\\Pipeline\\{closure}(Object(Laravel\\Lumen\\Http\\Request))
#19 /app/app/Http/Middleware/Authenticate.php(35): Laravel\\Lumen\\Routing\\Pipeline->Laravel\\Lumen\\Routing\\{closure}(Object(Laravel\\Lumen\\Http\\Request))
#20 /app/vendor/illuminate/pipeline/Pipeline.php(183): App\\Http\\Middleware\\Authenticate->handle(Object(Laravel\\Lumen\\Http\\Request), Object(Closure))
#21 /app/vendor/laravel/lumen-framework/src/Routing/Pipeline.php(30): Illuminate\\Pipeline\\Pipeline->Illuminate\\Pipeline\\{closure}(Object(Laravel\\Lumen\\Http\\Request))
#22 /app/vendor/illuminate/pipeline/Pipeline.php(119): Laravel\\Lumen\\Routing\\Pipeline->Laravel\\Lumen\\Routing\\{closure}(Object(Laravel\\Lumen\\Http\\Request))
#23 /app/vendor/laravel/lumen-framework/src/Concerns/RoutesRequests.php(428): Illuminate\\Pipeline\\Pipeline->then(Object(Closure))
#24 /app/vendor/laravel/lumen-framework/src/Concerns/RoutesRequests.php(263): Laravel\\Lumen\\Application->sendThroughPipeline(Array, Object(Closure))
#25 /app/vendor/laravel/lumen-framework/src/Concerns/RoutesRequests.php(171): Laravel\\Lumen\\Application->handleFoundRoute(Array)
#26 /app/vendor/laravel/lumen-framework/src/Routing/Pipeline.php(48): Laravel\\Lumen\\Application->Laravel\\Lumen\\Concerns\\{closure}(Object(Laravel\\Lumen\\Http\\Request))
#27 /app/app/Http/Middleware/CorsMiddleware.php(12): Laravel\\Lumen\\Routing\\Pipeline->Laravel\\Lumen\\Routing\\{closure}(Object(Laravel\\Lumen\\Http\\Request))
#28 /app/vendor/illuminate/pipeline/Pipeline.php(183): App\\Http\\Middleware\\CorsMiddleware->handle(Object(Laravel\\Lumen\\Http\\Request), Object(Closure))
#29 /app/vendor/laravel/lumen-framework/src/Routing/Pipeline.php(30): Illuminate\\Pipeline\\Pipeline->Illuminate\\Pipeline\\{closure}(Object(Laravel\\Lumen\\Http\\Request))
#30 /app/vendor/illuminate/pipeline/Pipeline.php(119): Laravel\\Lumen\\Routing\\Pipeline->Laravel\\Lumen\\Routing\\{closure}(Object(Laravel\\Lumen\\Http\\Request))
#31 /app/vendor/laravel/lumen-framework/src/Concerns/RoutesRequests.php(428): Illuminate\\Pipeline\\Pipeline->then(Object(Closure))
#32 /app/vendor/laravel/lumen-framework/src/Concerns/RoutesRequests.php(167): Laravel\\Lumen\\Application->sendThroughPipeline(Array, Object(Closure))
#33 /app/vendor/laravel/lumen-framework/src/Concerns/RoutesRequests.php(112): Laravel\\Lumen\\Application->dispatch(NULL)
#34 /app/public/index.php(5): Laravel\\Lumen\\Application->run()
#35 {main}

[previous exception] [object] (PDOException(code: 42703): SQLSTATE[42703]: Undefined column: 7 ERROR:  column w.pending_changes does not exist
LINE 8:                        w.pending_changes,
                               ^ at /app/vendor/illuminate/database/Connection.php:421)
[stacktrace]
#0 /app/vendor/illuminate/database/Connection.php(421): PDOStatement->execute()
#1 /app/vendor/illuminate/database/Connection.php(809): Illuminate\\Database\\Connection->Illuminate\\Database\\{closure}('SELECT w.id, w....', Array)
#2 /app/vendor/illuminate/database/Connection.php(776): Illuminate\\Database\\Connection->runQueryCallback('SELECT w.id, w....', Array, Object(Closure))
#3 /app/vendor/illuminate/database/Connection.php(407): Illuminate\\Database\\Connection->run('SELECT w.id, w....', Array, Object(Closure))
#4 /app/vendor/illuminate/database/DatabaseManager.php(469): Illuminate\\Database\\Connection->select('SELECT w.id, w....', Array)
#5 /app/vendor/illuminate/support/Facades/Facade.php(355): Illuminate\\Database\\DatabaseManager->__call('select', Array)
#6 /app/app/Http/Controllers/AdminController.php(68): Illuminate\\Support\\Facades\\Facade::__callStatic('select', Array)
#7 /app/vendor/illuminate/container/BoundMethod.php(36): App\\Http\\Controllers\\AdminController->workshops(Object(Laravel\\Lumen\\Http\\Request))
#8 /app/vendor/illuminate/container/Util.php(41): Illuminate\\Container\\BoundMethod::Illuminate\\Container\\{closure}()
#9 /app/vendor/illuminate/container/BoundMethod.php(93): Illuminate\\Container\\Util::unwrapIfClosure(Object(Closure))
#10 /app/vendor/illuminate/container/BoundMethod.php(35): Illuminate\\Container\\BoundMethod::callBoundMethod(Object(Laravel\\Lumen\\Application), Array, Object(Closure))
#11 /app/vendor/illuminate/container/Container.php(662): Illuminate\\Container\\BoundMethod::call(Object(Laravel\\Lumen\\Application), Array, Array, NULL)
#12 /app/vendor/laravel/lumen-framework/src/Concerns/RoutesRequests.php(391): Illuminate\\Container\\Container->call(Array, Array)
#13 /app/vendor/laravel/lumen-framework/src/Concerns/RoutesRequests.php(356): Laravel\\Lumen\\Application->callControllerCallable(Array, Array)
#14 /app/vendor/laravel/lumen-framework/src/Concerns/RoutesRequests.php(331): Laravel\\Lumen\\Application->callLumenController(Object(App\\Http\\Controllers\\AdminController), 'workshops', Array)
#15 /app/vendor/laravel/lumen-framework/src/Concerns/RoutesRequests.php(284): Laravel\\Lumen\\Application->callControllerAction(Array)
#16 /app/vendor/laravel/lumen-framework/src/Concerns/RoutesRequests.php(264): Laravel\\Lumen\\Application->callActionOnArrayBasedRoute(Array)
#17 /app/vendor/laravel/lumen-framework/src/Routing/Pipeline.php(48): Laravel\\Lumen\\Application->Laravel\\Lumen\\Concerns\\{closure}(Object(Laravel\\Lumen\\Http\\Request))
#18 /app/app/Http/Middleware/AdminOnly.php(18): Laravel\\Lumen\\Routing\\Pipeline->Laravel\\Lumen\\Routing\\{closure}(Object(Laravel\\Lumen\\Http\\Request))
#19 /app/vendor/illuminate/pipeline/Pipeline.php(183): App\\Http\\Middleware\\AdminOnly->handle(Object(Laravel\\Lumen\\Http\\Request), Object(Closure))
#20 /app/vendor/laravel/lumen-framework/src/Routing/Pipeline.php(30): Illuminate\\Pipeline\\Pipeline->Illuminate\\Pipeline\\{closure}(Object(Laravel\\Lumen\\Http\\Request))
#21 /app/app/Http/Middleware/Authenticate.php(35): Laravel\\Lumen\\Routing\\Pipeline->Laravel\\Lumen\\Routing\\{closure}(Object(Laravel\\Lumen\\Http\\Request))
#22 /app/vendor/illuminate/pipeline/Pipeline.php(183): App\\Http\\Middleware\\Authenticate->handle(Object(Laravel\\Lumen\\Http\\Request), Object(Closure))
#23 /app/vendor/laravel/lumen-framework/src/Routing/Pipeline.php(30): Illuminate\\Pipeline\\Pipeline->Illuminate\\Pipeline\\{closure}(Object(Laravel\\Lumen\\Http\\Request))
#24 /app/vendor/illuminate/pipeline/Pipeline.php(119): Laravel\\Lumen\\Routing\\Pipeline->Laravel\\Lumen\\Routing\\{closure}(Object(Laravel\\Lumen\\Http\\Request))
#25 /app/vendor/laravel/lumen-framework/src/Concerns/RoutesRequests.php(428): Illuminate\\Pipeline\\Pipeline->then(Object(Closure))
#26 /app/vendor/laravel/lumen-framework/src/Concerns/RoutesRequests.php(263): Laravel\\Lumen\\Application->sendThroughPipeline(Array, Object(Closure))
#27 /app/vendor/laravel/lumen-framework/src/Concerns/RoutesRequests.php(171): Laravel\\Lumen\\Application->handleFoundRoute(Array)
#28 /app/vendor/laravel/lumen-framework/src/Routing/Pipeline.php(48): Laravel\\Lumen\\Application->Laravel\\Lumen\\Concerns\\{closure}(Object(Laravel\\Lumen\\Http\\Request))
#29 /app/app/Http/Middleware/CorsMiddleware.php(12): Laravel\\Lumen\\Routing\\Pipeline->Laravel\\Lumen\\Routing\\{closure}(Object(Laravel\\Lumen\\Http\\Request))
#30 /app/vendor/illuminate/pipeline/Pipeline.php(183): App\\Http\\Middleware\\CorsMiddleware->handle(Object(Laravel\\Lumen\\Http\\Request), Object(Closure))
#31 /app/vendor/laravel/lumen-framework/src/Routing/Pipeline.php(30): Illuminate\\Pipeline\\Pipeline->Illuminate\\Pipeline\\{closure}(Object(Laravel\\Lumen\\Http\\Request))
#32 /app/vendor/illuminate/pipeline/Pipeline.php(119): Laravel\\Lumen\\Routing\\Pipeline->Laravel\\Lumen\\Routing\\{closure}(Object(Laravel\\Lumen\\Http\\Request))
#33 /app/vendor/laravel/lumen-framework/src/Concerns/RoutesRequests.php(428): Illuminate\\Pipeline\\Pipeline->then(Object(Closure))
#34 /app/vendor/laravel/lumen-framework/src/Concerns/RoutesRequests.php(167): Laravel\\Lumen\\Application->sendThroughPipeline(Array, Object(Closure))
#35 /app/vendor/laravel/lumen-framework/src/Concerns/RoutesRequests.php(112): Laravel\\Lumen\\Application->dispatch(NULL)
#36 /app/public/index.php(5): Laravel\\Lumen\\Application->run()
#37 {main}
"} 
[2026-04-27 01:54:15] local.ERROR: SQLSTATE[42703]: Undefined column: 7 ERROR:  column w.pending_changes does not exist
LINE 8:                        w.pending_changes,
                               ^ (Connection: pgsql, SQL: SELECT w.id, w.title, w.slug, COALESCE(w.description,'') as description,
                       w.type, w.modality, w.price, w.currency,
                       w.capacity, COALESCE(w.location,'') as location,
                       COALESCE(w.online_url,'') as online_url,
                       COALESCE(w.cover_image_url,'') as cover_image_url,
                       w.status, w.approval_status,
                       COALESCE(w.admin_observations,'') as admin_observations,
                       w.pending_changes,
                       COALESCE(w.reviewed_at::text,'') as reviewed_at,
                       COALESCE(w.created_at::text,'') as created_at,
                       COALESCE(c.id::text,'') as category_id,
                       COALESCE(c.name,'') as category_name,
                       w.instructor_id::text as instructor_id,
                       COALESCE(p.name,'') as instructor_name,
                       COALESCE(u.email,'') as instructor_email
                FROM workshops w
                LEFT JOIN categories c ON c.id = w.category_id
                LEFT JOIN profiles p ON p.user_id = w.instructor_id
                LEFT JOIN users u ON u.id = w.instructor_id
                WHERE w.status != 'archived' ORDER BY w.created_at DESC) {"exception":"[object] (Illuminate\\Database\\QueryException(code: 42703): SQLSTATE[42703]: Undefined column: 7 ERROR:  column w.pending_changes does not exist
LINE 8:                        w.pending_changes,
                               ^ (Connection: pgsql, SQL: SELECT w.id, w.title, w.slug, COALESCE(w.description,'') as description,
                       w.type, w.modality, w.price, w.currency,
                       w.capacity, COALESCE(w.location,'') as location,
                       COALESCE(w.online_url,'') as online_url,
                       COALESCE(w.cover_image_url,'') as cover_image_url,
                       w.status, w.approval_status,
                       COALESCE(w.admin_observations,'') as admin_observations,
                       w.pending_changes,
                       COALESCE(w.reviewed_at::text,'') as reviewed_at,
                       COALESCE(w.created_at::text,'') as created_at,
                       COALESCE(c.id::text,'') as category_id,
                       COALESCE(c.name,'') as category_name,
                       w.instructor_id::text as instructor_id,
                       COALESCE(p.name,'') as instructor_name,
                       COALESCE(u.email,'') as instructor_email
                FROM workshops w
                LEFT JOIN categories c ON c.id = w.category_id
                LEFT JOIN profiles p ON p.user_id = w.instructor_id
                LEFT JOIN users u ON u.id = w.instructor_id
                WHERE w.status != 'archived' ORDER BY w.created_at DESC) at /app/vendor/illuminate/database/Connection.php:822)
[stacktrace]
#0 /app/vendor/illuminate/database/Connection.php(776): Illuminate\\Database\\Connection->runQueryCallback('SELECT w.id, w....', Array, Object(Closure))
#1 /app/vendor/illuminate/database/Connection.php(407): Illuminate\\Database\\Connection->run('SELECT w.id, w....', Array, Object(Closure))
#2 /app/vendor/illuminate/database/DatabaseManager.php(469): Illuminate\\Database\\Connection->select('SELECT w.id, w....', Array)
#3 /app/vendor/illuminate/support/Facades/Facade.php(355): Illuminate\\Database\\DatabaseManager->__call('select', Array)
#4 /app/app/Http/Controllers/AdminController.php(68): Illuminate\\Support\\Facades\\Facade::__callStatic('select', Array)
#5 /app/vendor/illuminate/container/BoundMethod.php(36): App\\Http\\Controllers\\AdminController->workshops(Object(Laravel\\Lumen\\Http\\Request))
#6 /app/vendor/illuminate/container/Util.php(41): Illuminate\\Container\\BoundMethod::Illuminate\\Container\\{closure}()
#7 /app/vendor/illuminate/container/BoundMethod.php(93): Illuminate\\Container\\Util::unwrapIfClosure(Object(Closure))
#8 /app/vendor/illuminate/container/BoundMethod.php(35): Illuminate\\Container\\BoundMethod::callBoundMethod(Object(Laravel\\Lumen\\Application), Array, Object(Closure))
#9 /app/vendor/illuminate/container/Container.php(662): Illuminate\\Container\\BoundMethod::call(Object(Laravel\\Lumen\\Application), Array, Array, NULL)
#10 /app/vendor/laravel/lumen-framework/src/Concerns/RoutesRequests.php(391): Illuminate\\Container\\Container->call(Array, Array)
#11 /app/vendor/laravel/lumen-framework/src/Concerns/RoutesRequests.php(356): Laravel\\Lumen\\Application->callControllerCallable(Array, Array)
#12 /app/vendor/laravel/lumen-framework/src/Concerns/RoutesRequests.php(331): Laravel\\Lumen\\Application->callLumenController(Object(App\\Http\\Controllers\\AdminController), 'workshops', Array)
#13 /app/vendor/laravel/lumen-framework/src/Concerns/RoutesRequests.php(284): Laravel\\Lumen\\Application->callControllerAction(Array)
#14 /app/vendor/laravel/lumen-framework/src/Concerns/RoutesRequests.php(264): Laravel\\Lumen\\Application->callActionOnArrayBasedRoute(Array)
#15 /app/vendor/laravel/lumen-framework/src/Routing/Pipeline.php(48): Laravel\\Lumen\\Application->Laravel\\Lumen\\Concerns\\{closure}(Object(Laravel\\Lumen\\Http\\Request))
#16 /app/app/Http/Middleware/AdminOnly.php(18): Laravel\\Lumen\\Routing\\Pipeline->Laravel\\Lumen\\Routing\\{closure}(Object(Laravel\\Lumen\\Http\\Request))
#17 /app/vendor/illuminate/pipeline/Pipeline.php(183): App\\Http\\Middleware\\AdminOnly->handle(Object(Laravel\\Lumen\\Http\\Request), Object(Closure))
#18 /app/vendor/laravel/lumen-framework/src/Routing/Pipeline.php(30): Illuminate\\Pipeline\\Pipeline->Illuminate\\Pipeline\\{closure}(Object(Laravel\\Lumen\\Http\\Request))
#19 /app/app/Http/Middleware/Authenticate.php(35): Laravel\\Lumen\\Routing\\Pipeline->Laravel\\Lumen\\Routing\\{closure}(Object(Laravel\\Lumen\\Http\\Request))
#20 /app/vendor/illuminate/pipeline/Pipeline.php(183): App\\Http\\Middleware\\Authenticate->handle(Object(Laravel\\Lumen\\Http\\Request), Object(Closure))
#21 /app/vendor/laravel/lumen-framework/src/Routing/Pipeline.php(30): Illuminate\\Pipeline\\Pipeline->Illuminate\\Pipeline\\{closure}(Object(Laravel\\Lumen\\Http\\Request))
#22 /app/vendor/illuminate/pipeline/Pipeline.php(119): Laravel\\Lumen\\Routing\\Pipeline->Laravel\\Lumen\\Routing\\{closure}(Object(Laravel\\Lumen\\Http\\Request))
#23 /app/vendor/laravel/lumen-framework/src/Concerns/RoutesRequests.php(428): Illuminate\\Pipeline\\Pipeline->then(Object(Closure))
#24 /app/vendor/laravel/lumen-framework/src/Concerns/RoutesRequests.php(263): Laravel\\Lumen\\Application->sendThroughPipeline(Array, Object(Closure))
#25 /app/vendor/laravel/lumen-framework/src/Concerns/RoutesRequests.php(171): Laravel\\Lumen\\Application->handleFoundRoute(Array)
#26 /app/vendor/laravel/lumen-framework/src/Routing/Pipeline.php(48): Laravel\\Lumen\\Application->Laravel\\Lumen\\Concerns\\{closure}(Object(Laravel\\Lumen\\Http\\Request))
#27 /app/app/Http/Middleware/CorsMiddleware.php(12): Laravel\\Lumen\\Routing\\Pipeline->Laravel\\Lumen\\Routing\\{closure}(Object(Laravel\\Lumen\\Http\\Request))
#28 /app/vendor/illuminate/pipeline/Pipeline.php(183): App\\Http\\Middleware\\CorsMiddleware->handle(Object(Laravel\\Lumen\\Http\\Request), Object(Closure))
#29 /app/vendor/laravel/lumen-framework/src/Routing/Pipeline.php(30): Illuminate\\Pipeline\\Pipeline->Illuminate\\Pipeline\\{closure}(Object(Laravel\\Lumen\\Http\\Request))
#30 /app/vendor/illuminate/pipeline/Pipeline.php(119): Laravel\\Lumen\\Routing\\Pipeline->Laravel\\Lumen\\Routing\\{closure}(Object(Laravel\\Lumen\\Http\\Request))
#31 /app/vendor/laravel/lumen-framework/src/Concerns/RoutesRequests.php(428): Illuminate\\Pipeline\\Pipeline->then(Object(Closure))
#32 /app/vendor/laravel/lumen-framework/src/Concerns/RoutesRequests.php(167): Laravel\\Lumen\\Application->sendThroughPipeline(Array, Object(Closure))
#33 /app/vendor/laravel/lumen-framework/src/Concerns/RoutesRequests.php(112): Laravel\\Lumen\\Application->dispatch(NULL)
#34 /app/public/index.php(5): Laravel\\Lumen\\Application->run()
#35 {main}

[previous exception] [object] (PDOException(code: 42703): SQLSTATE[42703]: Undefined column: 7 ERROR:  column w.pending_changes does not exist
LINE 8:                        w.pending_changes,
                               ^ at /app/vendor/illuminate/database/Connection.php:421)
[stacktrace]
#0 /app/vendor/illuminate/database/Connection.php(421): PDOStatement->execute()
#1 /app/vendor/illuminate/database/Connection.php(809): Illuminate\\Database\\Connection->Illuminate\\Database\\{closure}('SELECT w.id, w....', Array)
#2 /app/vendor/illuminate/database/Connection.php(776): Illuminate\\Database\\Connection->runQueryCallback('SELECT w.id, w....', Array, Object(Closure))
#3 /app/vendor/illuminate/database/Connection.php(407): Illuminate\\Database\\Connection->run('SELECT w.id, w....', Array, Object(Closure))
#4 /app/vendor/illuminate/database/DatabaseManager.php(469): Illuminate\\Database\\Connection->select('SELECT w.id, w....', Array)
#5 /app/vendor/illuminate/support/Facades/Facade.php(355): Illuminate\\Database\\DatabaseManager->__call('select', Array)
#6 /app/app/Http/Controllers/AdminController.php(68): Illuminate\\Support\\Facades\\Facade::__callStatic('select', Array)
#7 /app/vendor/illuminate/container/BoundMethod.php(36): App\\Http\\Controllers\\AdminController->workshops(Object(Laravel\\Lumen\\Http\\Request))
#8 /app/vendor/illuminate/container/Util.php(41): Illuminate\\Container\\BoundMethod::Illuminate\\Container\\{closure}()
#9 /app/vendor/illuminate/container/BoundMethod.php(93): Illuminate\\Container\\Util::unwrapIfClosure(Object(Closure))
#10 /app/vendor/illuminate/container/BoundMethod.php(35): Illuminate\\Container\\BoundMethod::callBoundMethod(Object(Laravel\\Lumen\\Application), Array, Object(Closure))
#11 /app/vendor/illuminate/container/Container.php(662): Illuminate\\Container\\BoundMethod::call(Object(Laravel\\Lumen\\Application), Array, Array, NULL)
#12 /app/vendor/laravel/lumen-framework/src/Concerns/RoutesRequests.php(391): Illuminate\\Container\\Container->call(Array, Array)
#13 /app/vendor/laravel/lumen-framework/src/Concerns/RoutesRequests.php(356): Laravel\\Lumen\\Application->callControllerCallable(Array, Array)
#14 /app/vendor/laravel/lumen-framework/src/Concerns/RoutesRequests.php(331): Laravel\\Lumen\\Application->callLumenController(Object(App\\Http\\Controllers\\AdminController), 'workshops', Array)
#15 /app/vendor/laravel/lumen-framework/src/Concerns/RoutesRequests.php(284): Laravel\\Lumen\\Application->callControllerAction(Array)
#16 /app/vendor/laravel/lumen-framework/src/Concerns/RoutesRequests.php(264): Laravel\\Lumen\\Application->callActionOnArrayBasedRoute(Array)
#17 /app/vendor/laravel/lumen-framework/src/Routing/Pipeline.php(48): Laravel\\Lumen\\Application->Laravel\\Lumen\\Concerns\\{closure}(Object(Laravel\\Lumen\\Http\\Request))
#18 /app/app/Http/Middleware/AdminOnly.php(18): Laravel\\Lumen\\Routing\\Pipeline->Laravel\\Lumen\\Routing\\{closure}(Object(Laravel\\Lumen\\Http\\Request))
#19 /app/vendor/illuminate/pipeline/Pipeline.php(183): App\\Http\\Middleware\\AdminOnly->handle(Object(Laravel\\Lumen\\Http\\Request), Object(Closure))
#20 /app/vendor/laravel/lumen-framework/src/Routing/Pipeline.php(30): Illuminate\\Pipeline\\Pipeline->Illuminate\\Pipeline\\{closure}(Object(Laravel\\Lumen\\Http\\Request))
#21 /app/app/Http/Middleware/Authenticate.php(35): Laravel\\Lumen\\Routing\\Pipeline->Laravel\\Lumen\\Routing\\{closure}(Object(Laravel\\Lumen\\Http\\Request))
#22 /app/vendor/illuminate/pipeline/Pipeline.php(183): App\\Http\\Middleware\\Authenticate->handle(Object(Laravel\\Lumen\\Http\\Request), Object(Closure))
#23 /app/vendor/laravel/lumen-framework/src/Routing/Pipeline.php(30): Illuminate\\Pipeline\\Pipeline->Illuminate\\Pipeline\\{closure}(Object(Laravel\\Lumen\\Http\\Request))
#24 /app/vendor/illuminate/pipeline/Pipeline.php(119): Laravel\\Lumen\\Routing\\Pipeline->Laravel\\Lumen\\Routing\\{closure}(Object(Laravel\\Lumen\\Http\\Request))
#25 /app/vendor/laravel/lumen-framework/src/Concerns/RoutesRequests.php(428): Illuminate\\Pipeline\\Pipeline->then(Object(Closure))
#26 /app/vendor/laravel/lumen-framework/src/Concerns/RoutesRequests.php(263): Laravel\\Lumen\\Application->sendThroughPipeline(Array, Object(Closure))
#27 /app/vendor/laravel/lumen-framework/src/Concerns/RoutesRequests.php(171): Laravel\\Lumen\\Application->handleFoundRoute(Array)
#28 /app/vendor/laravel/lumen-framework/src/Routing/Pipeline.php(48): Laravel\\Lumen\\Application->Laravel\\Lumen\\Concerns\\{closure}(Object(Laravel\\Lumen\\Http\\Request))
#29 /app/app/Http/Middleware/CorsMiddleware.php(12): Laravel\\Lumen\\Routing\\Pipeline->Laravel\\Lumen\\Routing\\{closure}(Object(Laravel\\Lumen\\Http\\Request))
#30 /app/vendor/illuminate/pipeline/Pipeline.php(183): App\\Http\\Middleware\\CorsMiddleware->handle(Object(Laravel\\Lumen\\Http\\Request), Object(Closure))
#31 /app/vendor/laravel/lumen-framework/src/Routing/Pipeline.php(30): Illuminate\\Pipeline\\Pipeline->Illuminate\\Pipeline\\{closure}(Object(Laravel\\Lumen\\Http\\Request))
#32 /app/vendor/illuminate/pipeline/Pipeline.php(119): Laravel\\Lumen\\Routing\\Pipeline->Laravel\\Lumen\\Routing\\{closure}(Object(Laravel\\Lumen\\Http\\Request))
#33 /app/vendor/laravel/lumen-framework/src/Concerns/RoutesRequests.php(428): Illuminate\\Pipeline\\Pipeline->then(Object(Closure))
#34 /app/vendor/laravel/lumen-framework/src/Concerns/RoutesRequests.php(167): Laravel\\Lumen\\Application->sendThroughPipeline(Array, Object(Closure))
#35 /app/vendor/laravel/lumen-framework/src/Concerns/RoutesRequests.php(112): Laravel\\Lumen\\Application->dispatch(NULL)
#36 /app/public/index.php(5): Laravel\\Lumen\\Application->run()
#37 {main}
"} 
[2026-04-27 01:54:15] local.ERROR: SQLSTATE[42703]: Undefined column: 7 ERROR:  column w.pending_changes does not exist
LINE 8:                        w.pending_changes,
                               ^ (Connection: pgsql, SQL: SELECT w.id, w.title, w.slug, COALESCE(w.description,'') as description,
                       w.type, w.modality, w.price, w.currency,
                       w.capacity, COALESCE(w.location,'') as location,
                       COALESCE(w.online_url,'') as online_url,
                       COALESCE(w.cover_image_url,'') as cover_image_url,
                       w.status, w.approval_status,
                       COALESCE(w.admin_observations,'') as admin_observations,
                       w.pending_changes,
                       COALESCE(w.reviewed_at::text,'') as reviewed_at,
                       COALESCE(w.created_at::text,'') as created_at,
                       COALESCE(c.id::text,'') as category_id,
                       COALESCE(c.name,'') as category_name,
                       w.instructor_id::text as instructor_id,
                       COALESCE(p.name,'') as instructor_name,
                       COALESCE(u.email,'') as instructor_email
                FROM workshops w
                LEFT JOIN categories c ON c.id = w.category_id
                LEFT JOIN profiles p ON p.user_id = w.instructor_id
                LEFT JOIN users u ON u.id = w.instructor_id
                WHERE w.status != 'archived' ORDER BY w.created_at DESC) {"exception":"[object] (Illuminate\\Database\\QueryException(code: 42703): SQLSTATE[42703]: Undefined column: 7 ERROR:  column w.pending_changes does not exist
LINE 8:                        w.pending_changes,
                               ^ (Connection: pgsql, SQL: SELECT w.id, w.title, w.slug, COALESCE(w.description,'') as description,
                       w.type, w.modality, w.price, w.currency,
                       w.capacity, COALESCE(w.location,'') as location,
                       COALESCE(w.online_url,'') as online_url,
                       COALESCE(w.cover_image_url,'') as cover_image_url,
                       w.status, w.approval_status,
                       COALESCE(w.admin_observations,'') as admin_observations,
                       w.pending_changes,
                       COALESCE(w.reviewed_at::text,'') as reviewed_at,
                       COALESCE(w.created_at::text,'') as created_at,
                       COALESCE(c.id::text,'') as category_id,
                       COALESCE(c.name,'') as category_name,
                       w.instructor_id::text as instructor_id,
                       COALESCE(p.name,'') as instructor_name,
                       COALESCE(u.email,'') as instructor_email
                FROM workshops w
                LEFT JOIN categories c ON c.id = w.category_id
                LEFT JOIN profiles p ON p.user_id = w.instructor_id
                LEFT JOIN users u ON u.id = w.instructor_id
                WHERE w.status != 'archived' ORDER BY w.created_at DESC) at /app/vendor/illuminate/database/Connection.php:822)
[stacktrace]
#0 /app/vendor/illuminate/database/Connection.php(776): Illuminate\\Database\\Connection->runQueryCallback('SELECT w.id, w....', Array, Object(Closure))
#1 /app/vendor/illuminate/database/Connection.php(407): Illuminate\\Database\\Connection->run('SELECT w.id, w....', Array, Object(Closure))
#2 /app/vendor/illuminate/database/DatabaseManager.php(469): Illuminate\\Database\\Connection->select('SELECT w.id, w....', Array)
#3 /app/vendor/illuminate/support/Facades/Facade.php(355): Illuminate\\Database\\DatabaseManager->__call('select', Array)
#4 /app/app/Http/Controllers/AdminController.php(68): Illuminate\\Support\\Facades\\Facade::__callStatic('select', Array)
#5 /app/vendor/illuminate/container/BoundMethod.php(36): App\\Http\\Controllers\\AdminController->workshops(Object(Laravel\\Lumen\\Http\\Request))
#6 /app/vendor/illuminate/container/Util.php(41): Illuminate\\Container\\BoundMethod::Illuminate\\Container\\{closure}()
#7 /app/vendor/illuminate/container/BoundMethod.php(93): Illuminate\\Container\\Util::unwrapIfClosure(Object(Closure))
#8 /app/vendor/illuminate/container/BoundMethod.php(35): Illuminate\\Container\\BoundMethod::callBoundMethod(Object(Laravel\\Lumen\\Application), Array, Object(Closure))
#9 /app/vendor/illuminate/container/Container.php(662): Illuminate\\Container\\BoundMethod::call(Object(Laravel\\Lumen\\Application), Array, Array, NULL)
#10 /app/vendor/laravel/lumen-framework/src/Concerns/RoutesRequests.php(391): Illuminate\\Container\\Container->call(Array, Array)
#11 /app/vendor/laravel/lumen-framework/src/Concerns/RoutesRequests.php(356): Laravel\\Lumen\\Application->callControllerCallable(Array, Array)
#12 /app/vendor/laravel/lumen-framework/src/Concerns/RoutesRequests.php(331): Laravel\\Lumen\\Application->callLumenController(Object(App\\Http\\Controllers\\AdminController), 'workshops', Array)
#13 /app/vendor/laravel/lumen-framework/src/Concerns/RoutesRequests.php(284): Laravel\\Lumen\\Application->callControllerAction(Array)
#14 /app/vendor/laravel/lumen-framework/src/Concerns/RoutesRequests.php(264): Laravel\\Lumen\\Application->callActionOnArrayBasedRoute(Array)
#15 /app/vendor/laravel/lumen-framework/src/Routing/Pipeline.php(48): Laravel\\Lumen\\Application->Laravel\\Lumen\\Concerns\\{closure}(Object(Laravel\\Lumen\\Http\\Request))
#16 /app/app/Http/Middleware/AdminOnly.php(18): Laravel\\Lumen\\Routing\\Pipeline->Laravel\\Lumen\\Routing\\{closure}(Object(Laravel\\Lumen\\Http\\Request))
#17 /app/vendor/illuminate/pipeline/Pipeline.php(183): App\\Http\\Middleware\\AdminOnly->handle(Object(Laravel\\Lumen\\Http\\Request), Object(Closure))
#18 /app/vendor/laravel/lumen-framework/src/Routing/Pipeline.php(30): Illuminate\\Pipeline\\Pipeline->Illuminate\\Pipeline\\{closure}(Object(Laravel\\Lumen\\Http\\Request))
#19 /app/app/Http/Middleware/Authenticate.php(35): Laravel\\Lumen\\Routing\\Pipeline->Laravel\\Lumen\\Routing\\{closure}(Object(Laravel\\Lumen\\Http\\Request))
#20 /app/vendor/illuminate/pipeline/Pipeline.php(183): App\\Http\\Middleware\\Authenticate->handle(Object(Laravel\\Lumen\\Http\\Request), Object(Closure))
#21 /app/vendor/laravel/lumen-framework/src/Routing/Pipeline.php(30): Illuminate\\Pipeline\\Pipeline->Illuminate\\Pipeline\\{closure}(Object(Laravel\\Lumen\\Http\\Request))
#22 /app/vendor/illuminate/pipeline/Pipeline.php(119): Laravel\\Lumen\\Routing\\Pipeline->Laravel\\Lumen\\Routing\\{closure}(Object(Laravel\\Lumen\\Http\\Request))
#23 /app/vendor/laravel/lumen-framework/src/Concerns/RoutesRequests.php(428): Illuminate\\Pipeline\\Pipeline->then(Object(Closure))
#24 /app/vendor/laravel/lumen-framework/src/Concerns/RoutesRequests.php(263): Laravel\\Lumen\\Application->sendThroughPipeline(Array, Object(Closure))
#25 /app/vendor/laravel/lumen-framework/src/Concerns/RoutesRequests.php(171): Laravel\\Lumen\\Application->handleFoundRoute(Array)
#26 /app/vendor/laravel/lumen-framework/src/Routing/Pipeline.php(48): Laravel\\Lumen\\Application->Laravel\\Lumen\\Concerns\\{closure}(Object(Laravel\\Lumen\\Http\\Request))
#27 /app/app/Http/Middleware/CorsMiddleware.php(12): Laravel\\Lumen\\Routing\\Pipeline->Laravel\\Lumen\\Routing\\{closure}(Object(Laravel\\Lumen\\Http\\Request))
#28 /app/vendor/illuminate/pipeline/Pipeline.php(183): App\\Http\\Middleware\\CorsMiddleware->handle(Object(Laravel\\Lumen\\Http\\Request), Object(Closure))
#29 /app/vendor/laravel/lumen-framework/src/Routing/Pipeline.php(30): Illuminate\\Pipeline\\Pipeline->Illuminate\\Pipeline\\{closure}(Object(Laravel\\Lumen\\Http\\Request))
#30 /app/vendor/illuminate/pipeline/Pipeline.php(119): Laravel\\Lumen\\Routing\\Pipeline->Laravel\\Lumen\\Routing\\{closure}(Object(Laravel\\Lumen\\Http\\Request))
#31 /app/vendor/laravel/lumen-framework/src/Concerns/RoutesRequests.php(428): Illuminate\\Pipeline\\Pipeline->then(Object(Closure))
#32 /app/vendor/laravel/lumen-framework/src/Concerns/RoutesRequests.php(167): Laravel\\Lumen\\Application->sendThroughPipeline(Array, Object(Closure))
#33 /app/vendor/laravel/lumen-framework/src/Concerns/RoutesRequests.php(112): Laravel\\Lumen\\Application->dispatch(NULL)
#34 /app/public/index.php(5): Laravel\\Lumen\\Application->run()
#35 {main}

[previous exception] [object] (PDOException(code: 42703): SQLSTATE[42703]: Undefined column: 7 ERROR:  column w.pending_changes does not exist
LINE 8:                        w.pending_changes,
                               ^ at /app/vendor/illuminate/database/Connection.php:421)
[stacktrace]
#0 /app/vendor/illuminate/database/Connection.php(421): PDOStatement->execute()
#1 /app/vendor/illuminate/database/Connection.php(809): Illuminate\\Database\\Connection->Illuminate\\Database\\{closure}('SELECT w.id, w....', Array)
#2 /app/vendor/illuminate/database/Connection.php(776): Illuminate\\Database\\Connection->runQueryCallback('SELECT w.id, w....', Array, Object(Closure))
#3 /app/vendor/illuminate/database/Connection.php(407): Illuminate\\Database\\Connection->run('SELECT w.id, w....', Array, Object(Closure))
#4 /app/vendor/illuminate/database/DatabaseManager.php(469): Illuminate\\Database\\Connection->select('SELECT w.id, w....', Array)
#5 /app/vendor/illuminate/support/Facades/Facade.php(355): Illuminate\\Database\\DatabaseManager->__call('select', Array)
#6 /app/app/Http/Controllers/AdminController.php(68): Illuminate\\Support\\Facades\\Facade::__callStatic('select', Array)
#7 /app/vendor/illuminate/container/BoundMethod.php(36): App\\Http\\Controllers\\AdminController->workshops(Object(Laravel\\Lumen\\Http\\Request))
#8 /app/vendor/illuminate/container/Util.php(41): Illuminate\\Container\\BoundMethod::Illuminate\\Container\\{closure}()
#9 /app/vendor/illuminate/container/BoundMethod.php(93): Illuminate\\Container\\Util::unwrapIfClosure(Object(Closure))
#10 /app/vendor/illuminate/container/BoundMethod.php(35): Illuminate\\Container\\BoundMethod::callBoundMethod(Object(Laravel\\Lumen\\Application), Array, Object(Closure))
#11 /app/vendor/illuminate/container/Container.php(662): Illuminate\\Container\\BoundMethod::call(Object(Laravel\\Lumen\\Application), Array, Array, NULL)
#12 /app/vendor/laravel/lumen-framework/src/Concerns/RoutesRequests.php(391): Illuminate\\Container\\Container->call(Array, Array)
#13 /app/vendor/laravel/lumen-framework/src/Concerns/RoutesRequests.php(356): Laravel\\Lumen\\Application->callControllerCallable(Array, Array)
#14 /app/vendor/laravel/lumen-framework/src/Concerns/RoutesRequests.php(331): Laravel\\Lumen\\Application->callLumenController(Object(App\\Http\\Controllers\\AdminController), 'workshops', Array)
#15 /app/vendor/laravel/lumen-framework/src/Concerns/RoutesRequests.php(284): Laravel\\Lumen\\Application->callControllerAction(Array)
#16 /app/vendor/laravel/lumen-framework/src/Concerns/RoutesRequests.php(264): Laravel\\Lumen\\Application->callActionOnArrayBasedRoute(Array)
#17 /app/vendor/laravel/lumen-framework/src/Routing/Pipeline.php(48): Laravel\\Lumen\\Application->Laravel\\Lumen\\Concerns\\{closure}(Object(Laravel\\Lumen\\Http\\Request))
#18 /app/app/Http/Middleware/AdminOnly.php(18): Laravel\\Lumen\\Routing\\Pipeline->Laravel\\Lumen\\Routing\\{closure}(Object(Laravel\\Lumen\\Http\\Request))
#19 /app/vendor/illuminate/pipeline/Pipeline.php(183): App\\Http\\Middleware\\AdminOnly->handle(Object(Laravel\\Lumen\\Http\\Request), Object(Closure))
#20 /app/vendor/laravel/lumen-framework/src/Routing/Pipeline.php(30): Illuminate\\Pipeline\\Pipeline->Illuminate\\Pipeline\\{closure}(Object(Laravel\\Lumen\\Http\\Request))
#21 /app/app/Http/Middleware/Authenticate.php(35): Laravel\\Lumen\\Routing\\Pipeline->Laravel\\Lumen\\Routing\\{closure}(Object(Laravel\\Lumen\\Http\\Request))
#22 /app/vendor/illuminate/pipeline/Pipeline.php(183): App\\Http\\Middleware\\Authenticate->handle(Object(Laravel\\Lumen\\Http\\Request), Object(Closure))
#23 /app/vendor/laravel/lumen-framework/src/Routing/Pipeline.php(30): Illuminate\\Pipeline\\Pipeline->Illuminate\\Pipeline\\{closure}(Object(Laravel\\Lumen\\Http\\Request))
#24 /app/vendor/illuminate/pipeline/Pipeline.php(119): Laravel\\Lumen\\Routing\\Pipeline->Laravel\\Lumen\\Routing\\{closure}(Object(Laravel\\Lumen\\Http\\Request))
#25 /app/vendor/laravel/lumen-framework/src/Concerns/RoutesRequests.php(428): Illuminate\\Pipeline\\Pipeline->then(Object(Closure))
#26 /app/vendor/laravel/lumen-framework/src/Concerns/RoutesRequests.php(263): Laravel\\Lumen\\Application->sendThroughPipeline(Array, Object(Closure))
#27 /app/vendor/laravel/lumen-framework/src/Concerns/RoutesRequests.php(171): Laravel\\Lumen\\Application->handleFoundRoute(Array)
#28 /app/vendor/laravel/lumen-framework/src/Routing/Pipeline.php(48): Laravel\\Lumen\\Application->Laravel\\Lumen\\Concerns\\{closure}(Object(Laravel\\Lumen\\Http\\Request))
#29 /app/app/Http/Middleware/CorsMiddleware.php(12): Laravel\\Lumen\\Routing\\Pipeline->Laravel\\Lumen\\Routing\\{closure}(Object(Laravel\\Lumen\\Http\\Request))
#30 /app/vendor/illuminate/pipeline/Pipeline.php(183): App\\Http\\Middleware\\CorsMiddleware->handle(Object(Laravel\\Lumen\\Http\\Request), Object(Closure))
#31 /app/vendor/laravel/lumen-framework/src/Routing/Pipeline.php(30): Illuminate\\Pipeline\\Pipeline->Illuminate\\Pipeline\\{closure}(Object(Laravel\\Lumen\\Http\\Request))
#32 /app/vendor/illuminate/pipeline/Pipeline.php(119): Laravel\\Lumen\\Routing\\Pipeline->Laravel\\Lumen\\Routing\\{closure}(Object(Laravel\\Lumen\\Http\\Request))
#33 /app/vendor/laravel/lumen-framework/src/Concerns/RoutesRequests.php(428): Illuminate\\Pipeline\\Pipeline->then(Object(Closure))
#34 /app/vendor/laravel/lumen-framework/src/Concerns/RoutesRequests.php(167): Laravel\\Lumen\\Application->sendThroughPipeline(Array, Object(Closure))
#35 /app/vendor/laravel/lumen-framework/src/Concerns/RoutesRequests.php(112): Laravel\\Lumen\\Application->dispatch(NULL)
#36 /app/public/index.php(5): Laravel\\Lumen\\Application->run()
#37 {main}
"} 
