[2026-04-26 19:13:37] local.ERROR: Class "Illuminate\Redis\RedisServiceProvider" not found {"exception":"[object] (Error(code: 0): Class \"Illuminate\\Redis\\RedisServiceProvider\" not found at /app/vendor/laravel/lumen-framework/src/Application.php:250)
[stacktrace]
#0 /app/bootstrap/app.php(71): Laravel\\Lumen\\Application->register('Illuminate\\\\Redi...')
#1 /app/artisan(10): require_once('/app/bootstrap/...')
#2 {main}
"} 
[2026-04-26 19:13:38] local.ERROR: Class "Illuminate\Redis\RedisServiceProvider" not found {"exception":"[object] (Error(code: 0): Class \"Illuminate\\Redis\\RedisServiceProvider\" not found at /app/vendor/laravel/lumen-framework/src/Application.php:250)
[stacktrace]
#0 /app/bootstrap/app.php(71): Laravel\\Lumen\\Application->register('Illuminate\\\\Redi...')
#1 /app/artisan(10): require_once('/app/bootstrap/...')
#2 {main}
"} 
[2026-04-26 19:13:40] local.ERROR: Class "Illuminate\Redis\RedisServiceProvider" not found {"exception":"[object] (Error(code: 0): Class \"Illuminate\\Redis\\RedisServiceProvider\" not found at /app/vendor/laravel/lumen-framework/src/Application.php:250)
[stacktrace]
#0 /app/bootstrap/app.php(71): Laravel\\Lumen\\Application->register('Illuminate\\\\Redi...')
#1 /app/artisan(10): require_once('/app/bootstrap/...')
#2 {main}
"} 
[2026-04-26 19:13:43] local.ERROR: Class "Illuminate\Redis\RedisServiceProvider" not found {"exception":"[object] (Error(code: 0): Class \"Illuminate\\Redis\\RedisServiceProvider\" not found at /app/vendor/laravel/lumen-framework/src/Application.php:250)
[stacktrace]
#0 /app/bootstrap/app.php(71): Laravel\\Lumen\\Application->register('Illuminate\\\\Redi...')
#1 /app/artisan(10): require_once('/app/bootstrap/...')
#2 {main}
"} 
[2026-04-26 19:15:01] local.ERROR: Class "Illuminate\Redis\RedisServiceProvider" not found {"exception":"[object] (Error(code: 0): Class \"Illuminate\\Redis\\RedisServiceProvider\" not found at /app/vendor/laravel/lumen-framework/src/Application.php:250)
[stacktrace]
#0 /app/bootstrap/app.php(71): Laravel\\Lumen\\Application->register('Illuminate\\\\Redi...')
#1 /app/artisan(10): require_once('/app/bootstrap/...')
#2 {main}
"} 
[2026-04-26 19:15:02] local.ERROR: Class "Illuminate\Redis\RedisServiceProvider" not found {"exception":"[object] (Error(code: 0): Class \"Illuminate\\Redis\\RedisServiceProvider\" not found at /app/vendor/laravel/lumen-framework/src/Application.php:250)
[stacktrace]
#0 /app/bootstrap/app.php(71): Laravel\\Lumen\\Application->register('Illuminate\\\\Redi...')
#1 /app/artisan(10): require_once('/app/bootstrap/...')
#2 {main}
"} 
[2026-04-26 19:15:04] local.ERROR: Class "Illuminate\Redis\RedisServiceProvider" not found {"exception":"[object] (Error(code: 0): Class \"Illuminate\\Redis\\RedisServiceProvider\" not found at /app/vendor/laravel/lumen-framework/src/Application.php:250)
[stacktrace]
#0 /app/bootstrap/app.php(71): Laravel\\Lumen\\Application->register('Illuminate\\\\Redi...')
#1 /app/artisan(10): require_once('/app/bootstrap/...')
#2 {main}
"} 
[2026-04-26 19:15:07] local.ERROR: Class "Illuminate\Redis\RedisServiceProvider" not found {"exception":"[object] (Error(code: 0): Class \"Illuminate\\Redis\\RedisServiceProvider\" not found at /app/vendor/laravel/lumen-framework/src/Application.php:250)
[stacktrace]
#0 /app/bootstrap/app.php(71): Laravel\\Lumen\\Application->register('Illuminate\\\\Redi...')
#1 /app/artisan(10): require_once('/app/bootstrap/...')
#2 {main}
"} 
[2026-04-26 19:15:54] local.ERROR: Class "Illuminate\Redis\RedisServiceProvider" not found {"exception":"[object] (Error(code: 0): Class \"Illuminate\\Redis\\RedisServiceProvider\" not found at /app/vendor/laravel/lumen-framework/src/Application.php:250)
[stacktrace]
#0 /app/bootstrap/app.php(71): Laravel\\Lumen\\Application->register('Illuminate\\\\Redi...')
#1 /app/artisan(10): require_once('/app/bootstrap/...')
#2 {main}
"} 
[2026-04-26 19:15:55] local.ERROR: Class "Illuminate\Redis\RedisServiceProvider" not found {"exception":"[object] (Error(code: 0): Class \"Illuminate\\Redis\\RedisServiceProvider\" not found at /app/vendor/laravel/lumen-framework/src/Application.php:250)
[stacktrace]
#0 /app/bootstrap/app.php(71): Laravel\\Lumen\\Application->register('Illuminate\\\\Redi...')
#1 /app/artisan(10): require_once('/app/bootstrap/...')
#2 {main}
"} 
[2026-04-26 19:15:57] local.ERROR: Class "Illuminate\Redis\RedisServiceProvider" not found {"exception":"[object] (Error(code: 0): Class \"Illuminate\\Redis\\RedisServiceProvider\" not found at /app/vendor/laravel/lumen-framework/src/Application.php:250)
[stacktrace]
#0 /app/bootstrap/app.php(71): Laravel\\Lumen\\Application->register('Illuminate\\\\Redi...')
#1 /app/artisan(10): require_once('/app/bootstrap/...')
#2 {main}
"} 
[2026-04-26 19:16:00] local.ERROR: Class "Illuminate\Redis\RedisServiceProvider" not found {"exception":"[object] (Error(code: 0): Class \"Illuminate\\Redis\\RedisServiceProvider\" not found at /app/vendor/laravel/lumen-framework/src/Application.php:250)
[stacktrace]
#0 /app/bootstrap/app.php(71): Laravel\\Lumen\\Application->register('Illuminate\\\\Redi...')
#1 /app/artisan(10): require_once('/app/bootstrap/...')
#2 {main}
"} 
[2026-04-26 19:27:57] local.ERROR: SQLSTATE[42703]: Undefined column: 7 ERROR:  column w.approval_status does not exist
LINE 6:                     w.status, w.approval_status,
                                      ^ (Connection: pgsql, SQL: SELECT w.id, w.title, w.slug, COALESCE(w.description,'') as description,
                    w.type, w.modality, w.price, w.currency,
                    w.capacity, COALESCE(w.location,'') as location,
                    COALESCE(w.online_url,'') as online_url,
                    COALESCE(w.cover_image_url,'') as cover_image_url,
                    w.status, w.approval_status,
                    COALESCE(w.admin_observations,'') as admin_observations,
                    COALESCE(w.created_at::text,'') as created_at,
                    COALESCE(c.id::text,'') as category_id,
                    COALESCE(c.name,'') as category_name,
                    COALESCE(c.slug,'') as category_slug,
                    COALESCE(p.name,'') as instructor_name
             FROM workshops w
             LEFT JOIN categories c ON c.id = w.category_id
             LEFT JOIN profiles p ON p.user_id = w.instructor_id
             WHERE w.instructor_id = 00000000-0000-0000-0000-000000000001
             ORDER BY w.created_at DESC) {"exception":"[object] (Illuminate\\Database\\QueryException(code: 42703): SQLSTATE[42703]: Undefined column: 7 ERROR:  column w.approval_status does not exist
LINE 6:                     w.status, w.approval_status,
                                      ^ (Connection: pgsql, SQL: SELECT w.id, w.title, w.slug, COALESCE(w.description,'') as description,
                    w.type, w.modality, w.price, w.currency,
                    w.capacity, COALESCE(w.location,'') as location,
                    COALESCE(w.online_url,'') as online_url,
                    COALESCE(w.cover_image_url,'') as cover_image_url,
                    w.status, w.approval_status,
                    COALESCE(w.admin_observations,'') as admin_observations,
                    COALESCE(w.created_at::text,'') as created_at,
                    COALESCE(c.id::text,'') as category_id,
                    COALESCE(c.name,'') as category_name,
                    COALESCE(c.slug,'') as category_slug,
                    COALESCE(p.name,'') as instructor_name
             FROM workshops w
             LEFT JOIN categories c ON c.id = w.category_id
             LEFT JOIN profiles p ON p.user_id = w.instructor_id
             WHERE w.instructor_id = 00000000-0000-0000-0000-000000000001
             ORDER BY w.created_at DESC) at /app/vendor/illuminate/database/Connection.php:829)
[stacktrace]
#0 /app/vendor/illuminate/database/Connection.php(783): Illuminate\\Database\\Connection->runQueryCallback('SELECT w.id, w....', Array, Object(Closure))
#1 /app/vendor/illuminate/database/Connection.php(414): Illuminate\\Database\\Connection->run('SELECT w.id, w....', Array, Object(Closure))
#2 /app/vendor/illuminate/database/DatabaseManager.php(509): Illuminate\\Database\\Connection->select('SELECT w.id, w....', Array)
#3 /app/vendor/illuminate/support/Facades/Facade.php(355): Illuminate\\Database\\DatabaseManager->__call('select', Array)
#4 /app/app/Http/Controllers/WorkshopWriteController.php(16): Illuminate\\Support\\Facades\\Facade::__callStatic('select', Array)
#5 /app/vendor/illuminate/container/BoundMethod.php(36): App\\Http\\Controllers\\WorkshopWriteController->index(Object(Laravel\\Lumen\\Http\\Request))
#6 /app/vendor/illuminate/container/Util.php(41): Illuminate\\Container\\BoundMethod::Illuminate\\Container\\{closure}()
#7 /app/vendor/illuminate/container/BoundMethod.php(93): Illuminate\\Container\\Util::unwrapIfClosure(Object(Closure))
#8 /app/vendor/illuminate/container/BoundMethod.php(35): Illuminate\\Container\\BoundMethod::callBoundMethod(Object(Laravel\\Lumen\\Application), Array, Object(Closure))
#9 /app/vendor/illuminate/container/Container.php(662): Illuminate\\Container\\BoundMethod::call(Object(Laravel\\Lumen\\Application), Array, Array, NULL)
#10 /app/vendor/laravel/lumen-framework/src/Concerns/RoutesRequests.php(391): Illuminate\\Container\\Container->call(Array, Array)
#11 /app/vendor/laravel/lumen-framework/src/Concerns/RoutesRequests.php(356): Laravel\\Lumen\\Application->callControllerCallable(Array, Array)
#12 /app/vendor/laravel/lumen-framework/src/Concerns/RoutesRequests.php(331): Laravel\\Lumen\\Application->callLumenController(Object(App\\Http\\Controllers\\WorkshopWriteController), 'index', Array)
#13 /app/vendor/laravel/lumen-framework/src/Concerns/RoutesRequests.php(284): Laravel\\Lumen\\Application->callControllerAction(Array)
#14 /app/vendor/laravel/lumen-framework/src/Concerns/RoutesRequests.php(264): Laravel\\Lumen\\Application->callActionOnArrayBasedRoute(Array)
#15 /app/vendor/laravel/lumen-framework/src/Routing/Pipeline.php(48): Laravel\\Lumen\\Application->Laravel\\Lumen\\Concerns\\{closure}(Object(Laravel\\Lumen\\Http\\Request))
#16 /app/app/Http/Middleware/Authenticate.php(35): Laravel\\Lumen\\Routing\\Pipeline->Laravel\\Lumen\\Routing\\{closure}(Object(Laravel\\Lumen\\Http\\Request))
#17 /app/vendor/illuminate/pipeline/Pipeline.php(183): App\\Http\\Middleware\\Authenticate->handle(Object(Laravel\\Lumen\\Http\\Request), Object(Closure))
#18 /app/vendor/laravel/lumen-framework/src/Routing/Pipeline.php(30): Illuminate\\Pipeline\\Pipeline->Illuminate\\Pipeline\\{closure}(Object(Laravel\\Lumen\\Http\\Request))
#19 /app/vendor/illuminate/pipeline/Pipeline.php(119): Laravel\\Lumen\\Routing\\Pipeline->Laravel\\Lumen\\Routing\\{closure}(Object(Laravel\\Lumen\\Http\\Request))
#20 /app/vendor/laravel/lumen-framework/src/Concerns/RoutesRequests.php(428): Illuminate\\Pipeline\\Pipeline->then(Object(Closure))
#21 /app/vendor/laravel/lumen-framework/src/Concerns/RoutesRequests.php(263): Laravel\\Lumen\\Application->sendThroughPipeline(Array, Object(Closure))
#22 /app/vendor/laravel/lumen-framework/src/Concerns/RoutesRequests.php(171): Laravel\\Lumen\\Application->handleFoundRoute(Array)
#23 /app/vendor/laravel/lumen-framework/src/Routing/Pipeline.php(48): Laravel\\Lumen\\Application->Laravel\\Lumen\\Concerns\\{closure}(Object(Laravel\\Lumen\\Http\\Request))
#24 /app/app/Http/Middleware/CorsMiddleware.php(12): Laravel\\Lumen\\Routing\\Pipeline->Laravel\\Lumen\\Routing\\{closure}(Object(Laravel\\Lumen\\Http\\Request))
#25 /app/vendor/illuminate/pipeline/Pipeline.php(183): App\\Http\\Middleware\\CorsMiddleware->handle(Object(Laravel\\Lumen\\Http\\Request), Object(Closure))
#26 /app/vendor/laravel/lumen-framework/src/Routing/Pipeline.php(30): Illuminate\\Pipeline\\Pipeline->Illuminate\\Pipeline\\{closure}(Object(Laravel\\Lumen\\Http\\Request))
#27 /app/vendor/illuminate/pipeline/Pipeline.php(119): Laravel\\Lumen\\Routing\\Pipeline->Laravel\\Lumen\\Routing\\{closure}(Object(Laravel\\Lumen\\Http\\Request))
#28 /app/vendor/laravel/lumen-framework/src/Concerns/RoutesRequests.php(428): Illuminate\\Pipeline\\Pipeline->then(Object(Closure))
#29 /app/vendor/laravel/lumen-framework/src/Concerns/RoutesRequests.php(167): Laravel\\Lumen\\Application->sendThroughPipeline(Array, Object(Closure))
#30 /app/vendor/laravel/lumen-framework/src/Concerns/RoutesRequests.php(112): Laravel\\Lumen\\Application->dispatch(NULL)
#31 /app/public/index.php(5): Laravel\\Lumen\\Application->run()
#32 {main}

[previous exception] [object] (PDOException(code: 42703): SQLSTATE[42703]: Undefined column: 7 ERROR:  column w.approval_status does not exist
LINE 6:                     w.status, w.approval_status,
                                      ^ at /app/vendor/illuminate/database/Connection.php:428)
[stacktrace]
#0 /app/vendor/illuminate/database/Connection.php(428): PDOStatement->execute()
#1 /app/vendor/illuminate/database/Connection.php(816): Illuminate\\Database\\Connection->Illuminate\\Database\\{closure}('SELECT w.id, w....', Array)
#2 /app/vendor/illuminate/database/Connection.php(783): Illuminate\\Database\\Connection->runQueryCallback('SELECT w.id, w....', Array, Object(Closure))
#3 /app/vendor/illuminate/database/Connection.php(414): Illuminate\\Database\\Connection->run('SELECT w.id, w....', Array, Object(Closure))
#4 /app/vendor/illuminate/database/DatabaseManager.php(509): Illuminate\\Database\\Connection->select('SELECT w.id, w....', Array)
#5 /app/vendor/illuminate/support/Facades/Facade.php(355): Illuminate\\Database\\DatabaseManager->__call('select', Array)
#6 /app/app/Http/Controllers/WorkshopWriteController.php(16): Illuminate\\Support\\Facades\\Facade::__callStatic('select', Array)
#7 /app/vendor/illuminate/container/BoundMethod.php(36): App\\Http\\Controllers\\WorkshopWriteController->index(Object(Laravel\\Lumen\\Http\\Request))
#8 /app/vendor/illuminate/container/Util.php(41): Illuminate\\Container\\BoundMethod::Illuminate\\Container\\{closure}()
#9 /app/vendor/illuminate/container/BoundMethod.php(93): Illuminate\\Container\\Util::unwrapIfClosure(Object(Closure))
#10 /app/vendor/illuminate/container/BoundMethod.php(35): Illuminate\\Container\\BoundMethod::callBoundMethod(Object(Laravel\\Lumen\\Application), Array, Object(Closure))
#11 /app/vendor/illuminate/container/Container.php(662): Illuminate\\Container\\BoundMethod::call(Object(Laravel\\Lumen\\Application), Array, Array, NULL)
#12 /app/vendor/laravel/lumen-framework/src/Concerns/RoutesRequests.php(391): Illuminate\\Container\\Container->call(Array, Array)
#13 /app/vendor/laravel/lumen-framework/src/Concerns/RoutesRequests.php(356): Laravel\\Lumen\\Application->callControllerCallable(Array, Array)
#14 /app/vendor/laravel/lumen-framework/src/Concerns/RoutesRequests.php(331): Laravel\\Lumen\\Application->callLumenController(Object(App\\Http\\Controllers\\WorkshopWriteController), 'index', Array)
#15 /app/vendor/laravel/lumen-framework/src/Concerns/RoutesRequests.php(284): Laravel\\Lumen\\Application->callControllerAction(Array)
#16 /app/vendor/laravel/lumen-framework/src/Concerns/RoutesRequests.php(264): Laravel\\Lumen\\Application->callActionOnArrayBasedRoute(Array)
#17 /app/vendor/laravel/lumen-framework/src/Routing/Pipeline.php(48): Laravel\\Lumen\\Application->Laravel\\Lumen\\Concerns\\{closure}(Object(Laravel\\Lumen\\Http\\Request))
#18 /app/app/Http/Middleware/Authenticate.php(35): Laravel\\Lumen\\Routing\\Pipeline->Laravel\\Lumen\\Routing\\{closure}(Object(Laravel\\Lumen\\Http\\Request))
#19 /app/vendor/illuminate/pipeline/Pipeline.php(183): App\\Http\\Middleware\\Authenticate->handle(Object(Laravel\\Lumen\\Http\\Request), Object(Closure))
#20 /app/vendor/laravel/lumen-framework/src/Routing/Pipeline.php(30): Illuminate\\Pipeline\\Pipeline->Illuminate\\Pipeline\\{closure}(Object(Laravel\\Lumen\\Http\\Request))
#21 /app/vendor/illuminate/pipeline/Pipeline.php(119): Laravel\\Lumen\\Routing\\Pipeline->Laravel\\Lumen\\Routing\\{closure}(Object(Laravel\\Lumen\\Http\\Request))
#22 /app/vendor/laravel/lumen-framework/src/Concerns/RoutesRequests.php(428): Illuminate\\Pipeline\\Pipeline->then(Object(Closure))
#23 /app/vendor/laravel/lumen-framework/src/Concerns/RoutesRequests.php(263): Laravel\\Lumen\\Application->sendThroughPipeline(Array, Object(Closure))
#24 /app/vendor/laravel/lumen-framework/src/Concerns/RoutesRequests.php(171): Laravel\\Lumen\\Application->handleFoundRoute(Array)
#25 /app/vendor/laravel/lumen-framework/src/Routing/Pipeline.php(48): Laravel\\Lumen\\Application->Laravel\\Lumen\\Concerns\\{closure}(Object(Laravel\\Lumen\\Http\\Request))
#26 /app/app/Http/Middleware/CorsMiddleware.php(12): Laravel\\Lumen\\Routing\\Pipeline->Laravel\\Lumen\\Routing\\{closure}(Object(Laravel\\Lumen\\Http\\Request))
#27 /app/vendor/illuminate/pipeline/Pipeline.php(183): App\\Http\\Middleware\\CorsMiddleware->handle(Object(Laravel\\Lumen\\Http\\Request), Object(Closure))
#28 /app/vendor/laravel/lumen-framework/src/Routing/Pipeline.php(30): Illuminate\\Pipeline\\Pipeline->Illuminate\\Pipeline\\{closure}(Object(Laravel\\Lumen\\Http\\Request))
#29 /app/vendor/illuminate/pipeline/Pipeline.php(119): Laravel\\Lumen\\Routing\\Pipeline->Laravel\\Lumen\\Routing\\{closure}(Object(Laravel\\Lumen\\Http\\Request))
#30 /app/vendor/laravel/lumen-framework/src/Concerns/RoutesRequests.php(428): Illuminate\\Pipeline\\Pipeline->then(Object(Closure))
#31 /app/vendor/laravel/lumen-framework/src/Concerns/RoutesRequests.php(167): Laravel\\Lumen\\Application->sendThroughPipeline(Array, Object(Closure))
#32 /app/vendor/laravel/lumen-framework/src/Concerns/RoutesRequests.php(112): Laravel\\Lumen\\Application->dispatch(NULL)
#33 /app/public/index.php(5): Laravel\\Lumen\\Application->run()
#34 {main}
"} 
[2026-04-26 19:27:58] local.ERROR: SQLSTATE[42703]: Undefined column: 7 ERROR:  column w.approval_status does not exist
LINE 6:                     w.status, w.approval_status,
                                      ^ (Connection: pgsql, SQL: SELECT w.id, w.title, w.slug, COALESCE(w.description,'') as description,
                    w.type, w.modality, w.price, w.currency,
                    w.capacity, COALESCE(w.location,'') as location,
                    COALESCE(w.online_url,'') as online_url,
                    COALESCE(w.cover_image_url,'') as cover_image_url,
                    w.status, w.approval_status,
                    COALESCE(w.admin_observations,'') as admin_observations,
                    COALESCE(w.created_at::text,'') as created_at,
                    COALESCE(c.id::text,'') as category_id,
                    COALESCE(c.name,'') as category_name,
                    COALESCE(c.slug,'') as category_slug,
                    COALESCE(p.name,'') as instructor_name
             FROM workshops w
             LEFT JOIN categories c ON c.id = w.category_id
             LEFT JOIN profiles p ON p.user_id = w.instructor_id
             WHERE w.instructor_id = 00000000-0000-0000-0000-000000000001
             ORDER BY w.created_at DESC) {"exception":"[object] (Illuminate\\Database\\QueryException(code: 42703): SQLSTATE[42703]: Undefined column: 7 ERROR:  column w.approval_status does not exist
LINE 6:                     w.status, w.approval_status,
                                      ^ (Connection: pgsql, SQL: SELECT w.id, w.title, w.slug, COALESCE(w.description,'') as description,
                    w.type, w.modality, w.price, w.currency,
                    w.capacity, COALESCE(w.location,'') as location,
                    COALESCE(w.online_url,'') as online_url,
                    COALESCE(w.cover_image_url,'') as cover_image_url,
                    w.status, w.approval_status,
                    COALESCE(w.admin_observations,'') as admin_observations,
                    COALESCE(w.created_at::text,'') as created_at,
                    COALESCE(c.id::text,'') as category_id,
                    COALESCE(c.name,'') as category_name,
                    COALESCE(c.slug,'') as category_slug,
                    COALESCE(p.name,'') as instructor_name
             FROM workshops w
             LEFT JOIN categories c ON c.id = w.category_id
             LEFT JOIN profiles p ON p.user_id = w.instructor_id
             WHERE w.instructor_id = 00000000-0000-0000-0000-000000000001
             ORDER BY w.created_at DESC) at /app/vendor/illuminate/database/Connection.php:829)
[stacktrace]
#0 /app/vendor/illuminate/database/Connection.php(783): Illuminate\\Database\\Connection->runQueryCallback('SELECT w.id, w....', Array, Object(Closure))
#1 /app/vendor/illuminate/database/Connection.php(414): Illuminate\\Database\\Connection->run('SELECT w.id, w....', Array, Object(Closure))
#2 /app/vendor/illuminate/database/DatabaseManager.php(509): Illuminate\\Database\\Connection->select('SELECT w.id, w....', Array)
#3 /app/vendor/illuminate/support/Facades/Facade.php(355): Illuminate\\Database\\DatabaseManager->__call('select', Array)
#4 /app/app/Http/Controllers/WorkshopWriteController.php(16): Illuminate\\Support\\Facades\\Facade::__callStatic('select', Array)
#5 /app/vendor/illuminate/container/BoundMethod.php(36): App\\Http\\Controllers\\WorkshopWriteController->index(Object(Laravel\\Lumen\\Http\\Request))
#6 /app/vendor/illuminate/container/Util.php(41): Illuminate\\Container\\BoundMethod::Illuminate\\Container\\{closure}()
#7 /app/vendor/illuminate/container/BoundMethod.php(93): Illuminate\\Container\\Util::unwrapIfClosure(Object(Closure))
#8 /app/vendor/illuminate/container/BoundMethod.php(35): Illuminate\\Container\\BoundMethod::callBoundMethod(Object(Laravel\\Lumen\\Application), Array, Object(Closure))
#9 /app/vendor/illuminate/container/Container.php(662): Illuminate\\Container\\BoundMethod::call(Object(Laravel\\Lumen\\Application), Array, Array, NULL)
#10 /app/vendor/laravel/lumen-framework/src/Concerns/RoutesRequests.php(391): Illuminate\\Container\\Container->call(Array, Array)
#11 /app/vendor/laravel/lumen-framework/src/Concerns/RoutesRequests.php(356): Laravel\\Lumen\\Application->callControllerCallable(Array, Array)
#12 /app/vendor/laravel/lumen-framework/src/Concerns/RoutesRequests.php(331): Laravel\\Lumen\\Application->callLumenController(Object(App\\Http\\Controllers\\WorkshopWriteController), 'index', Array)
#13 /app/vendor/laravel/lumen-framework/src/Concerns/RoutesRequests.php(284): Laravel\\Lumen\\Application->callControllerAction(Array)
#14 /app/vendor/laravel/lumen-framework/src/Concerns/RoutesRequests.php(264): Laravel\\Lumen\\Application->callActionOnArrayBasedRoute(Array)
#15 /app/vendor/laravel/lumen-framework/src/Routing/Pipeline.php(48): Laravel\\Lumen\\Application->Laravel\\Lumen\\Concerns\\{closure}(Object(Laravel\\Lumen\\Http\\Request))
#16 /app/app/Http/Middleware/Authenticate.php(35): Laravel\\Lumen\\Routing\\Pipeline->Laravel\\Lumen\\Routing\\{closure}(Object(Laravel\\Lumen\\Http\\Request))
#17 /app/vendor/illuminate/pipeline/Pipeline.php(183): App\\Http\\Middleware\\Authenticate->handle(Object(Laravel\\Lumen\\Http\\Request), Object(Closure))
#18 /app/vendor/laravel/lumen-framework/src/Routing/Pipeline.php(30): Illuminate\\Pipeline\\Pipeline->Illuminate\\Pipeline\\{closure}(Object(Laravel\\Lumen\\Http\\Request))
#19 /app/vendor/illuminate/pipeline/Pipeline.php(119): Laravel\\Lumen\\Routing\\Pipeline->Laravel\\Lumen\\Routing\\{closure}(Object(Laravel\\Lumen\\Http\\Request))
#20 /app/vendor/laravel/lumen-framework/src/Concerns/RoutesRequests.php(428): Illuminate\\Pipeline\\Pipeline->then(Object(Closure))
#21 /app/vendor/laravel/lumen-framework/src/Concerns/RoutesRequests.php(263): Laravel\\Lumen\\Application->sendThroughPipeline(Array, Object(Closure))
#22 /app/vendor/laravel/lumen-framework/src/Concerns/RoutesRequests.php(171): Laravel\\Lumen\\Application->handleFoundRoute(Array)
#23 /app/vendor/laravel/lumen-framework/src/Routing/Pipeline.php(48): Laravel\\Lumen\\Application->Laravel\\Lumen\\Concerns\\{closure}(Object(Laravel\\Lumen\\Http\\Request))
#24 /app/app/Http/Middleware/CorsMiddleware.php(12): Laravel\\Lumen\\Routing\\Pipeline->Laravel\\Lumen\\Routing\\{closure}(Object(Laravel\\Lumen\\Http\\Request))
#25 /app/vendor/illuminate/pipeline/Pipeline.php(183): App\\Http\\Middleware\\CorsMiddleware->handle(Object(Laravel\\Lumen\\Http\\Request), Object(Closure))
#26 /app/vendor/laravel/lumen-framework/src/Routing/Pipeline.php(30): Illuminate\\Pipeline\\Pipeline->Illuminate\\Pipeline\\{closure}(Object(Laravel\\Lumen\\Http\\Request))
#27 /app/vendor/illuminate/pipeline/Pipeline.php(119): Laravel\\Lumen\\Routing\\Pipeline->Laravel\\Lumen\\Routing\\{closure}(Object(Laravel\\Lumen\\Http\\Request))
#28 /app/vendor/laravel/lumen-framework/src/Concerns/RoutesRequests.php(428): Illuminate\\Pipeline\\Pipeline->then(Object(Closure))
#29 /app/vendor/laravel/lumen-framework/src/Concerns/RoutesRequests.php(167): Laravel\\Lumen\\Application->sendThroughPipeline(Array, Object(Closure))
#30 /app/vendor/laravel/lumen-framework/src/Concerns/RoutesRequests.php(112): Laravel\\Lumen\\Application->dispatch(NULL)
#31 /app/public/index.php(5): Laravel\\Lumen\\Application->run()
#32 {main}

[previous exception] [object] (PDOException(code: 42703): SQLSTATE[42703]: Undefined column: 7 ERROR:  column w.approval_status does not exist
LINE 6:                     w.status, w.approval_status,
                                      ^ at /app/vendor/illuminate/database/Connection.php:428)
[stacktrace]
#0 /app/vendor/illuminate/database/Connection.php(428): PDOStatement->execute()
#1 /app/vendor/illuminate/database/Connection.php(816): Illuminate\\Database\\Connection->Illuminate\\Database\\{closure}('SELECT w.id, w....', Array)
#2 /app/vendor/illuminate/database/Connection.php(783): Illuminate\\Database\\Connection->runQueryCallback('SELECT w.id, w....', Array, Object(Closure))
#3 /app/vendor/illuminate/database/Connection.php(414): Illuminate\\Database\\Connection->run('SELECT w.id, w....', Array, Object(Closure))
#4 /app/vendor/illuminate/database/DatabaseManager.php(509): Illuminate\\Database\\Connection->select('SELECT w.id, w....', Array)
#5 /app/vendor/illuminate/support/Facades/Facade.php(355): Illuminate\\Database\\DatabaseManager->__call('select', Array)
#6 /app/app/Http/Controllers/WorkshopWriteController.php(16): Illuminate\\Support\\Facades\\Facade::__callStatic('select', Array)
#7 /app/vendor/illuminate/container/BoundMethod.php(36): App\\Http\\Controllers\\WorkshopWriteController->index(Object(Laravel\\Lumen\\Http\\Request))
#8 /app/vendor/illuminate/container/Util.php(41): Illuminate\\Container\\BoundMethod::Illuminate\\Container\\{closure}()
#9 /app/vendor/illuminate/container/BoundMethod.php(93): Illuminate\\Container\\Util::unwrapIfClosure(Object(Closure))
#10 /app/vendor/illuminate/container/BoundMethod.php(35): Illuminate\\Container\\BoundMethod::callBoundMethod(Object(Laravel\\Lumen\\Application), Array, Object(Closure))
#11 /app/vendor/illuminate/container/Container.php(662): Illuminate\\Container\\BoundMethod::call(Object(Laravel\\Lumen\\Application), Array, Array, NULL)
#12 /app/vendor/laravel/lumen-framework/src/Concerns/RoutesRequests.php(391): Illuminate\\Container\\Container->call(Array, Array)
#13 /app/vendor/laravel/lumen-framework/src/Concerns/RoutesRequests.php(356): Laravel\\Lumen\\Application->callControllerCallable(Array, Array)
#14 /app/vendor/laravel/lumen-framework/src/Concerns/RoutesRequests.php(331): Laravel\\Lumen\\Application->callLumenController(Object(App\\Http\\Controllers\\WorkshopWriteController), 'index', Array)
#15 /app/vendor/laravel/lumen-framework/src/Concerns/RoutesRequests.php(284): Laravel\\Lumen\\Application->callControllerAction(Array)
#16 /app/vendor/laravel/lumen-framework/src/Concerns/RoutesRequests.php(264): Laravel\\Lumen\\Application->callActionOnArrayBasedRoute(Array)
#17 /app/vendor/laravel/lumen-framework/src/Routing/Pipeline.php(48): Laravel\\Lumen\\Application->Laravel\\Lumen\\Concerns\\{closure}(Object(Laravel\\Lumen\\Http\\Request))
#18 /app/app/Http/Middleware/Authenticate.php(35): Laravel\\Lumen\\Routing\\Pipeline->Laravel\\Lumen\\Routing\\{closure}(Object(Laravel\\Lumen\\Http\\Request))
#19 /app/vendor/illuminate/pipeline/Pipeline.php(183): App\\Http\\Middleware\\Authenticate->handle(Object(Laravel\\Lumen\\Http\\Request), Object(Closure))
#20 /app/vendor/laravel/lumen-framework/src/Routing/Pipeline.php(30): Illuminate\\Pipeline\\Pipeline->Illuminate\\Pipeline\\{closure}(Object(Laravel\\Lumen\\Http\\Request))
#21 /app/vendor/illuminate/pipeline/Pipeline.php(119): Laravel\\Lumen\\Routing\\Pipeline->Laravel\\Lumen\\Routing\\{closure}(Object(Laravel\\Lumen\\Http\\Request))
#22 /app/vendor/laravel/lumen-framework/src/Concerns/RoutesRequests.php(428): Illuminate\\Pipeline\\Pipeline->then(Object(Closure))
#23 /app/vendor/laravel/lumen-framework/src/Concerns/RoutesRequests.php(263): Laravel\\Lumen\\Application->sendThroughPipeline(Array, Object(Closure))
#24 /app/vendor/laravel/lumen-framework/src/Concerns/RoutesRequests.php(171): Laravel\\Lumen\\Application->handleFoundRoute(Array)
#25 /app/vendor/laravel/lumen-framework/src/Routing/Pipeline.php(48): Laravel\\Lumen\\Application->Laravel\\Lumen\\Concerns\\{closure}(Object(Laravel\\Lumen\\Http\\Request))
#26 /app/app/Http/Middleware/CorsMiddleware.php(12): Laravel\\Lumen\\Routing\\Pipeline->Laravel\\Lumen\\Routing\\{closure}(Object(Laravel\\Lumen\\Http\\Request))
#27 /app/vendor/illuminate/pipeline/Pipeline.php(183): App\\Http\\Middleware\\CorsMiddleware->handle(Object(Laravel\\Lumen\\Http\\Request), Object(Closure))
#28 /app/vendor/laravel/lumen-framework/src/Routing/Pipeline.php(30): Illuminate\\Pipeline\\Pipeline->Illuminate\\Pipeline\\{closure}(Object(Laravel\\Lumen\\Http\\Request))
#29 /app/vendor/illuminate/pipeline/Pipeline.php(119): Laravel\\Lumen\\Routing\\Pipeline->Laravel\\Lumen\\Routing\\{closure}(Object(Laravel\\Lumen\\Http\\Request))
#30 /app/vendor/laravel/lumen-framework/src/Concerns/RoutesRequests.php(428): Illuminate\\Pipeline\\Pipeline->then(Object(Closure))
#31 /app/vendor/laravel/lumen-framework/src/Concerns/RoutesRequests.php(167): Laravel\\Lumen\\Application->sendThroughPipeline(Array, Object(Closure))
#32 /app/vendor/laravel/lumen-framework/src/Concerns/RoutesRequests.php(112): Laravel\\Lumen\\Application->dispatch(NULL)
#33 /app/public/index.php(5): Laravel\\Lumen\\Application->run()
#34 {main}
"} 
[2026-04-26 19:28:14] local.ERROR: SQLSTATE[42703]: Undefined column: 7 ERROR:  column w.approval_status does not exist
LINE 6:                     w.status, w.approval_status,
                                      ^ (Connection: pgsql, SQL: SELECT w.id, w.title, w.slug, COALESCE(w.description,'') as description,
                    w.type, w.modality, w.price, w.currency,
                    w.capacity, COALESCE(w.location,'') as location,
                    COALESCE(w.online_url,'') as online_url,
                    COALESCE(w.cover_image_url,'') as cover_image_url,
                    w.status, w.approval_status,
                    COALESCE(w.admin_observations,'') as admin_observations,
                    COALESCE(w.created_at::text,'') as created_at,
                    COALESCE(c.id::text,'') as category_id,
                    COALESCE(c.name,'') as category_name,
                    COALESCE(c.slug,'') as category_slug,
                    COALESCE(p.name,'') as instructor_name
             FROM workshops w
             LEFT JOIN categories c ON c.id = w.category_id
             LEFT JOIN profiles p ON p.user_id = w.instructor_id
             WHERE w.instructor_id = 00000000-0000-0000-0000-000000000001
             ORDER BY w.created_at DESC) {"exception":"[object] (Illuminate\\Database\\QueryException(code: 42703): SQLSTATE[42703]: Undefined column: 7 ERROR:  column w.approval_status does not exist
LINE 6:                     w.status, w.approval_status,
                                      ^ (Connection: pgsql, SQL: SELECT w.id, w.title, w.slug, COALESCE(w.description,'') as description,
                    w.type, w.modality, w.price, w.currency,
                    w.capacity, COALESCE(w.location,'') as location,
                    COALESCE(w.online_url,'') as online_url,
                    COALESCE(w.cover_image_url,'') as cover_image_url,
                    w.status, w.approval_status,
                    COALESCE(w.admin_observations,'') as admin_observations,
                    COALESCE(w.created_at::text,'') as created_at,
                    COALESCE(c.id::text,'') as category_id,
                    COALESCE(c.name,'') as category_name,
                    COALESCE(c.slug,'') as category_slug,
                    COALESCE(p.name,'') as instructor_name
             FROM workshops w
             LEFT JOIN categories c ON c.id = w.category_id
             LEFT JOIN profiles p ON p.user_id = w.instructor_id
             WHERE w.instructor_id = 00000000-0000-0000-0000-000000000001
             ORDER BY w.created_at DESC) at /app/vendor/illuminate/database/Connection.php:829)
[stacktrace]
#0 /app/vendor/illuminate/database/Connection.php(783): Illuminate\\Database\\Connection->runQueryCallback('SELECT w.id, w....', Array, Object(Closure))
#1 /app/vendor/illuminate/database/Connection.php(414): Illuminate\\Database\\Connection->run('SELECT w.id, w....', Array, Object(Closure))
#2 /app/vendor/illuminate/database/DatabaseManager.php(509): Illuminate\\Database\\Connection->select('SELECT w.id, w....', Array)
#3 /app/vendor/illuminate/support/Facades/Facade.php(355): Illuminate\\Database\\DatabaseManager->__call('select', Array)
#4 /app/app/Http/Controllers/WorkshopWriteController.php(16): Illuminate\\Support\\Facades\\Facade::__callStatic('select', Array)
#5 /app/vendor/illuminate/container/BoundMethod.php(36): App\\Http\\Controllers\\WorkshopWriteController->index(Object(Laravel\\Lumen\\Http\\Request))
#6 /app/vendor/illuminate/container/Util.php(41): Illuminate\\Container\\BoundMethod::Illuminate\\Container\\{closure}()
#7 /app/vendor/illuminate/container/BoundMethod.php(93): Illuminate\\Container\\Util::unwrapIfClosure(Object(Closure))
#8 /app/vendor/illuminate/container/BoundMethod.php(35): Illuminate\\Container\\BoundMethod::callBoundMethod(Object(Laravel\\Lumen\\Application), Array, Object(Closure))
#9 /app/vendor/illuminate/container/Container.php(662): Illuminate\\Container\\BoundMethod::call(Object(Laravel\\Lumen\\Application), Array, Array, NULL)
#10 /app/vendor/laravel/lumen-framework/src/Concerns/RoutesRequests.php(391): Illuminate\\Container\\Container->call(Array, Array)
#11 /app/vendor/laravel/lumen-framework/src/Concerns/RoutesRequests.php(356): Laravel\\Lumen\\Application->callControllerCallable(Array, Array)
#12 /app/vendor/laravel/lumen-framework/src/Concerns/RoutesRequests.php(331): Laravel\\Lumen\\Application->callLumenController(Object(App\\Http\\Controllers\\WorkshopWriteController), 'index', Array)
#13 /app/vendor/laravel/lumen-framework/src/Concerns/RoutesRequests.php(284): Laravel\\Lumen\\Application->callControllerAction(Array)
#14 /app/vendor/laravel/lumen-framework/src/Concerns/RoutesRequests.php(264): Laravel\\Lumen\\Application->callActionOnArrayBasedRoute(Array)
#15 /app/vendor/laravel/lumen-framework/src/Routing/Pipeline.php(48): Laravel\\Lumen\\Application->Laravel\\Lumen\\Concerns\\{closure}(Object(Laravel\\Lumen\\Http\\Request))
#16 /app/app/Http/Middleware/Authenticate.php(35): Laravel\\Lumen\\Routing\\Pipeline->Laravel\\Lumen\\Routing\\{closure}(Object(Laravel\\Lumen\\Http\\Request))
#17 /app/vendor/illuminate/pipeline/Pipeline.php(183): App\\Http\\Middleware\\Authenticate->handle(Object(Laravel\\Lumen\\Http\\Request), Object(Closure))
#18 /app/vendor/laravel/lumen-framework/src/Routing/Pipeline.php(30): Illuminate\\Pipeline\\Pipeline->Illuminate\\Pipeline\\{closure}(Object(Laravel\\Lumen\\Http\\Request))
#19 /app/vendor/illuminate/pipeline/Pipeline.php(119): Laravel\\Lumen\\Routing\\Pipeline->Laravel\\Lumen\\Routing\\{closure}(Object(Laravel\\Lumen\\Http\\Request))
#20 /app/vendor/laravel/lumen-framework/src/Concerns/RoutesRequests.php(428): Illuminate\\Pipeline\\Pipeline->then(Object(Closure))
#21 /app/vendor/laravel/lumen-framework/src/Concerns/RoutesRequests.php(263): Laravel\\Lumen\\Application->sendThroughPipeline(Array, Object(Closure))
#22 /app/vendor/laravel/lumen-framework/src/Concerns/RoutesRequests.php(171): Laravel\\Lumen\\Application->handleFoundRoute(Array)
#23 /app/vendor/laravel/lumen-framework/src/Routing/Pipeline.php(48): Laravel\\Lumen\\Application->Laravel\\Lumen\\Concerns\\{closure}(Object(Laravel\\Lumen\\Http\\Request))
#24 /app/app/Http/Middleware/CorsMiddleware.php(12): Laravel\\Lumen\\Routing\\Pipeline->Laravel\\Lumen\\Routing\\{closure}(Object(Laravel\\Lumen\\Http\\Request))
#25 /app/vendor/illuminate/pipeline/Pipeline.php(183): App\\Http\\Middleware\\CorsMiddleware->handle(Object(Laravel\\Lumen\\Http\\Request), Object(Closure))
#26 /app/vendor/laravel/lumen-framework/src/Routing/Pipeline.php(30): Illuminate\\Pipeline\\Pipeline->Illuminate\\Pipeline\\{closure}(Object(Laravel\\Lumen\\Http\\Request))
#27 /app/vendor/illuminate/pipeline/Pipeline.php(119): Laravel\\Lumen\\Routing\\Pipeline->Laravel\\Lumen\\Routing\\{closure}(Object(Laravel\\Lumen\\Http\\Request))
#28 /app/vendor/laravel/lumen-framework/src/Concerns/RoutesRequests.php(428): Illuminate\\Pipeline\\Pipeline->then(Object(Closure))
#29 /app/vendor/laravel/lumen-framework/src/Concerns/RoutesRequests.php(167): Laravel\\Lumen\\Application->sendThroughPipeline(Array, Object(Closure))
#30 /app/vendor/laravel/lumen-framework/src/Concerns/RoutesRequests.php(112): Laravel\\Lumen\\Application->dispatch(NULL)
#31 /app/public/index.php(5): Laravel\\Lumen\\Application->run()
#32 {main}

[previous exception] [object] (PDOException(code: 42703): SQLSTATE[42703]: Undefined column: 7 ERROR:  column w.approval_status does not exist
LINE 6:                     w.status, w.approval_status,
                                      ^ at /app/vendor/illuminate/database/Connection.php:428)
[stacktrace]
#0 /app/vendor/illuminate/database/Connection.php(428): PDOStatement->execute()
#1 /app/vendor/illuminate/database/Connection.php(816): Illuminate\\Database\\Connection->Illuminate\\Database\\{closure}('SELECT w.id, w....', Array)
#2 /app/vendor/illuminate/database/Connection.php(783): Illuminate\\Database\\Connection->runQueryCallback('SELECT w.id, w....', Array, Object(Closure))
#3 /app/vendor/illuminate/database/Connection.php(414): Illuminate\\Database\\Connection->run('SELECT w.id, w....', Array, Object(Closure))
#4 /app/vendor/illuminate/database/DatabaseManager.php(509): Illuminate\\Database\\Connection->select('SELECT w.id, w....', Array)
#5 /app/vendor/illuminate/support/Facades/Facade.php(355): Illuminate\\Database\\DatabaseManager->__call('select', Array)
#6 /app/app/Http/Controllers/WorkshopWriteController.php(16): Illuminate\\Support\\Facades\\Facade::__callStatic('select', Array)
#7 /app/vendor/illuminate/container/BoundMethod.php(36): App\\Http\\Controllers\\WorkshopWriteController->index(Object(Laravel\\Lumen\\Http\\Request))
#8 /app/vendor/illuminate/container/Util.php(41): Illuminate\\Container\\BoundMethod::Illuminate\\Container\\{closure}()
#9 /app/vendor/illuminate/container/BoundMethod.php(93): Illuminate\\Container\\Util::unwrapIfClosure(Object(Closure))
#10 /app/vendor/illuminate/container/BoundMethod.php(35): Illuminate\\Container\\BoundMethod::callBoundMethod(Object(Laravel\\Lumen\\Application), Array, Object(Closure))
#11 /app/vendor/illuminate/container/Container.php(662): Illuminate\\Container\\BoundMethod::call(Object(Laravel\\Lumen\\Application), Array, Array, NULL)
#12 /app/vendor/laravel/lumen-framework/src/Concerns/RoutesRequests.php(391): Illuminate\\Container\\Container->call(Array, Array)
#13 /app/vendor/laravel/lumen-framework/src/Concerns/RoutesRequests.php(356): Laravel\\Lumen\\Application->callControllerCallable(Array, Array)
#14 /app/vendor/laravel/lumen-framework/src/Concerns/RoutesRequests.php(331): Laravel\\Lumen\\Application->callLumenController(Object(App\\Http\\Controllers\\WorkshopWriteController), 'index', Array)
#15 /app/vendor/laravel/lumen-framework/src/Concerns/RoutesRequests.php(284): Laravel\\Lumen\\Application->callControllerAction(Array)
#16 /app/vendor/laravel/lumen-framework/src/Concerns/RoutesRequests.php(264): Laravel\\Lumen\\Application->callActionOnArrayBasedRoute(Array)
#17 /app/vendor/laravel/lumen-framework/src/Routing/Pipeline.php(48): Laravel\\Lumen\\Application->Laravel\\Lumen\\Concerns\\{closure}(Object(Laravel\\Lumen\\Http\\Request))
#18 /app/app/Http/Middleware/Authenticate.php(35): Laravel\\Lumen\\Routing\\Pipeline->Laravel\\Lumen\\Routing\\{closure}(Object(Laravel\\Lumen\\Http\\Request))
#19 /app/vendor/illuminate/pipeline/Pipeline.php(183): App\\Http\\Middleware\\Authenticate->handle(Object(Laravel\\Lumen\\Http\\Request), Object(Closure))
#20 /app/vendor/laravel/lumen-framework/src/Routing/Pipeline.php(30): Illuminate\\Pipeline\\Pipeline->Illuminate\\Pipeline\\{closure}(Object(Laravel\\Lumen\\Http\\Request))
#21 /app/vendor/illuminate/pipeline/Pipeline.php(119): Laravel\\Lumen\\Routing\\Pipeline->Laravel\\Lumen\\Routing\\{closure}(Object(Laravel\\Lumen\\Http\\Request))
#22 /app/vendor/laravel/lumen-framework/src/Concerns/RoutesRequests.php(428): Illuminate\\Pipeline\\Pipeline->then(Object(Closure))
#23 /app/vendor/laravel/lumen-framework/src/Concerns/RoutesRequests.php(263): Laravel\\Lumen\\Application->sendThroughPipeline(Array, Object(Closure))
#24 /app/vendor/laravel/lumen-framework/src/Concerns/RoutesRequests.php(171): Laravel\\Lumen\\Application->handleFoundRoute(Array)
#25 /app/vendor/laravel/lumen-framework/src/Routing/Pipeline.php(48): Laravel\\Lumen\\Application->Laravel\\Lumen\\Concerns\\{closure}(Object(Laravel\\Lumen\\Http\\Request))
#26 /app/app/Http/Middleware/CorsMiddleware.php(12): Laravel\\Lumen\\Routing\\Pipeline->Laravel\\Lumen\\Routing\\{closure}(Object(Laravel\\Lumen\\Http\\Request))
#27 /app/vendor/illuminate/pipeline/Pipeline.php(183): App\\Http\\Middleware\\CorsMiddleware->handle(Object(Laravel\\Lumen\\Http\\Request), Object(Closure))
#28 /app/vendor/laravel/lumen-framework/src/Routing/Pipeline.php(30): Illuminate\\Pipeline\\Pipeline->Illuminate\\Pipeline\\{closure}(Object(Laravel\\Lumen\\Http\\Request))
#29 /app/vendor/illuminate/pipeline/Pipeline.php(119): Laravel\\Lumen\\Routing\\Pipeline->Laravel\\Lumen\\Routing\\{closure}(Object(Laravel\\Lumen\\Http\\Request))
#30 /app/vendor/laravel/lumen-framework/src/Concerns/RoutesRequests.php(428): Illuminate\\Pipeline\\Pipeline->then(Object(Closure))
#31 /app/vendor/laravel/lumen-framework/src/Concerns/RoutesRequests.php(167): Laravel\\Lumen\\Application->sendThroughPipeline(Array, Object(Closure))
#32 /app/vendor/laravel/lumen-framework/src/Concerns/RoutesRequests.php(112): Laravel\\Lumen\\Application->dispatch(NULL)
#33 /app/public/index.php(5): Laravel\\Lumen\\Application->run()
#34 {main}
"} 
[2026-04-26 19:28:15] local.ERROR: SQLSTATE[42703]: Undefined column: 7 ERROR:  column w.approval_status does not exist
LINE 6:                     w.status, w.approval_status,
                                      ^ (Connection: pgsql, SQL: SELECT w.id, w.title, w.slug, COALESCE(w.description,'') as description,
                    w.type, w.modality, w.price, w.currency,
                    w.capacity, COALESCE(w.location,'') as location,
                    COALESCE(w.online_url,'') as online_url,
                    COALESCE(w.cover_image_url,'') as cover_image_url,
                    w.status, w.approval_status,
                    COALESCE(w.admin_observations,'') as admin_observations,
                    COALESCE(w.created_at::text,'') as created_at,
                    COALESCE(c.id::text,'') as category_id,
                    COALESCE(c.name,'') as category_name,
                    COALESCE(c.slug,'') as category_slug,
                    COALESCE(p.name,'') as instructor_name
             FROM workshops w
             LEFT JOIN categories c ON c.id = w.category_id
             LEFT JOIN profiles p ON p.user_id = w.instructor_id
             WHERE w.instructor_id = 00000000-0000-0000-0000-000000000001
             ORDER BY w.created_at DESC) {"exception":"[object] (Illuminate\\Database\\QueryException(code: 42703): SQLSTATE[42703]: Undefined column: 7 ERROR:  column w.approval_status does not exist
LINE 6:                     w.status, w.approval_status,
                                      ^ (Connection: pgsql, SQL: SELECT w.id, w.title, w.slug, COALESCE(w.description,'') as description,
                    w.type, w.modality, w.price, w.currency,
                    w.capacity, COALESCE(w.location,'') as location,
                    COALESCE(w.online_url,'') as online_url,
                    COALESCE(w.cover_image_url,'') as cover_image_url,
                    w.status, w.approval_status,
                    COALESCE(w.admin_observations,'') as admin_observations,
                    COALESCE(w.created_at::text,'') as created_at,
                    COALESCE(c.id::text,'') as category_id,
                    COALESCE(c.name,'') as category_name,
                    COALESCE(c.slug,'') as category_slug,
                    COALESCE(p.name,'') as instructor_name
             FROM workshops w
             LEFT JOIN categories c ON c.id = w.category_id
             LEFT JOIN profiles p ON p.user_id = w.instructor_id
             WHERE w.instructor_id = 00000000-0000-0000-0000-000000000001
             ORDER BY w.created_at DESC) at /app/vendor/illuminate/database/Connection.php:829)
[stacktrace]
#0 /app/vendor/illuminate/database/Connection.php(783): Illuminate\\Database\\Connection->runQueryCallback('SELECT w.id, w....', Array, Object(Closure))
#1 /app/vendor/illuminate/database/Connection.php(414): Illuminate\\Database\\Connection->run('SELECT w.id, w....', Array, Object(Closure))
#2 /app/vendor/illuminate/database/DatabaseManager.php(509): Illuminate\\Database\\Connection->select('SELECT w.id, w....', Array)
#3 /app/vendor/illuminate/support/Facades/Facade.php(355): Illuminate\\Database\\DatabaseManager->__call('select', Array)
#4 /app/app/Http/Controllers/WorkshopWriteController.php(16): Illuminate\\Support\\Facades\\Facade::__callStatic('select', Array)
#5 /app/vendor/illuminate/container/BoundMethod.php(36): App\\Http\\Controllers\\WorkshopWriteController->index(Object(Laravel\\Lumen\\Http\\Request))
#6 /app/vendor/illuminate/container/Util.php(41): Illuminate\\Container\\BoundMethod::Illuminate\\Container\\{closure}()
#7 /app/vendor/illuminate/container/BoundMethod.php(93): Illuminate\\Container\\Util::unwrapIfClosure(Object(Closure))
#8 /app/vendor/illuminate/container/BoundMethod.php(35): Illuminate\\Container\\BoundMethod::callBoundMethod(Object(Laravel\\Lumen\\Application), Array, Object(Closure))
#9 /app/vendor/illuminate/container/Container.php(662): Illuminate\\Container\\BoundMethod::call(Object(Laravel\\Lumen\\Application), Array, Array, NULL)
#10 /app/vendor/laravel/lumen-framework/src/Concerns/RoutesRequests.php(391): Illuminate\\Container\\Container->call(Array, Array)
#11 /app/vendor/laravel/lumen-framework/src/Concerns/RoutesRequests.php(356): Laravel\\Lumen\\Application->callControllerCallable(Array, Array)
#12 /app/vendor/laravel/lumen-framework/src/Concerns/RoutesRequests.php(331): Laravel\\Lumen\\Application->callLumenController(Object(App\\Http\\Controllers\\WorkshopWriteController), 'index', Array)
#13 /app/vendor/laravel/lumen-framework/src/Concerns/RoutesRequests.php(284): Laravel\\Lumen\\Application->callControllerAction(Array)
#14 /app/vendor/laravel/lumen-framework/src/Concerns/RoutesRequests.php(264): Laravel\\Lumen\\Application->callActionOnArrayBasedRoute(Array)
#15 /app/vendor/laravel/lumen-framework/src/Routing/Pipeline.php(48): Laravel\\Lumen\\Application->Laravel\\Lumen\\Concerns\\{closure}(Object(Laravel\\Lumen\\Http\\Request))
#16 /app/app/Http/Middleware/Authenticate.php(35): Laravel\\Lumen\\Routing\\Pipeline->Laravel\\Lumen\\Routing\\{closure}(Object(Laravel\\Lumen\\Http\\Request))
#17 /app/vendor/illuminate/pipeline/Pipeline.php(183): App\\Http\\Middleware\\Authenticate->handle(Object(Laravel\\Lumen\\Http\\Request), Object(Closure))
#18 /app/vendor/laravel/lumen-framework/src/Routing/Pipeline.php(30): Illuminate\\Pipeline\\Pipeline->Illuminate\\Pipeline\\{closure}(Object(Laravel\\Lumen\\Http\\Request))
#19 /app/vendor/illuminate/pipeline/Pipeline.php(119): Laravel\\Lumen\\Routing\\Pipeline->Laravel\\Lumen\\Routing\\{closure}(Object(Laravel\\Lumen\\Http\\Request))
#20 /app/vendor/laravel/lumen-framework/src/Concerns/RoutesRequests.php(428): Illuminate\\Pipeline\\Pipeline->then(Object(Closure))
#21 /app/vendor/laravel/lumen-framework/src/Concerns/RoutesRequests.php(263): Laravel\\Lumen\\Application->sendThroughPipeline(Array, Object(Closure))
#22 /app/vendor/laravel/lumen-framework/src/Concerns/RoutesRequests.php(171): Laravel\\Lumen\\Application->handleFoundRoute(Array)
#23 /app/vendor/laravel/lumen-framework/src/Routing/Pipeline.php(48): Laravel\\Lumen\\Application->Laravel\\Lumen\\Concerns\\{closure}(Object(Laravel\\Lumen\\Http\\Request))
#24 /app/app/Http/Middleware/CorsMiddleware.php(12): Laravel\\Lumen\\Routing\\Pipeline->Laravel\\Lumen\\Routing\\{closure}(Object(Laravel\\Lumen\\Http\\Request))
#25 /app/vendor/illuminate/pipeline/Pipeline.php(183): App\\Http\\Middleware\\CorsMiddleware->handle(Object(Laravel\\Lumen\\Http\\Request), Object(Closure))
#26 /app/vendor/laravel/lumen-framework/src/Routing/Pipeline.php(30): Illuminate\\Pipeline\\Pipeline->Illuminate\\Pipeline\\{closure}(Object(Laravel\\Lumen\\Http\\Request))
#27 /app/vendor/illuminate/pipeline/Pipeline.php(119): Laravel\\Lumen\\Routing\\Pipeline->Laravel\\Lumen\\Routing\\{closure}(Object(Laravel\\Lumen\\Http\\Request))
#28 /app/vendor/laravel/lumen-framework/src/Concerns/RoutesRequests.php(428): Illuminate\\Pipeline\\Pipeline->then(Object(Closure))
#29 /app/vendor/laravel/lumen-framework/src/Concerns/RoutesRequests.php(167): Laravel\\Lumen\\Application->sendThroughPipeline(Array, Object(Closure))
#30 /app/vendor/laravel/lumen-framework/src/Concerns/RoutesRequests.php(112): Laravel\\Lumen\\Application->dispatch(NULL)
#31 /app/public/index.php(5): Laravel\\Lumen\\Application->run()
#32 {main}

[previous exception] [object] (PDOException(code: 42703): SQLSTATE[42703]: Undefined column: 7 ERROR:  column w.approval_status does not exist
LINE 6:                     w.status, w.approval_status,
                                      ^ at /app/vendor/illuminate/database/Connection.php:428)
[stacktrace]
#0 /app/vendor/illuminate/database/Connection.php(428): PDOStatement->execute()
#1 /app/vendor/illuminate/database/Connection.php(816): Illuminate\\Database\\Connection->Illuminate\\Database\\{closure}('SELECT w.id, w....', Array)
#2 /app/vendor/illuminate/database/Connection.php(783): Illuminate\\Database\\Connection->runQueryCallback('SELECT w.id, w....', Array, Object(Closure))
#3 /app/vendor/illuminate/database/Connection.php(414): Illuminate\\Database\\Connection->run('SELECT w.id, w....', Array, Object(Closure))
#4 /app/vendor/illuminate/database/DatabaseManager.php(509): Illuminate\\Database\\Connection->select('SELECT w.id, w....', Array)
#5 /app/vendor/illuminate/support/Facades/Facade.php(355): Illuminate\\Database\\DatabaseManager->__call('select', Array)
#6 /app/app/Http/Controllers/WorkshopWriteController.php(16): Illuminate\\Support\\Facades\\Facade::__callStatic('select', Array)
#7 /app/vendor/illuminate/container/BoundMethod.php(36): App\\Http\\Controllers\\WorkshopWriteController->index(Object(Laravel\\Lumen\\Http\\Request))
#8 /app/vendor/illuminate/container/Util.php(41): Illuminate\\Container\\BoundMethod::Illuminate\\Container\\{closure}()
#9 /app/vendor/illuminate/container/BoundMethod.php(93): Illuminate\\Container\\Util::unwrapIfClosure(Object(Closure))
#10 /app/vendor/illuminate/container/BoundMethod.php(35): Illuminate\\Container\\BoundMethod::callBoundMethod(Object(Laravel\\Lumen\\Application), Array, Object(Closure))
#11 /app/vendor/illuminate/container/Container.php(662): Illuminate\\Container\\BoundMethod::call(Object(Laravel\\Lumen\\Application), Array, Array, NULL)
#12 /app/vendor/laravel/lumen-framework/src/Concerns/RoutesRequests.php(391): Illuminate\\Container\\Container->call(Array, Array)
#13 /app/vendor/laravel/lumen-framework/src/Concerns/RoutesRequests.php(356): Laravel\\Lumen\\Application->callControllerCallable(Array, Array)
#14 /app/vendor/laravel/lumen-framework/src/Concerns/RoutesRequests.php(331): Laravel\\Lumen\\Application->callLumenController(Object(App\\Http\\Controllers\\WorkshopWriteController), 'index', Array)
#15 /app/vendor/laravel/lumen-framework/src/Concerns/RoutesRequests.php(284): Laravel\\Lumen\\Application->callControllerAction(Array)
#16 /app/vendor/laravel/lumen-framework/src/Concerns/RoutesRequests.php(264): Laravel\\Lumen\\Application->callActionOnArrayBasedRoute(Array)
#17 /app/vendor/laravel/lumen-framework/src/Routing/Pipeline.php(48): Laravel\\Lumen\\Application->Laravel\\Lumen\\Concerns\\{closure}(Object(Laravel\\Lumen\\Http\\Request))
#18 /app/app/Http/Middleware/Authenticate.php(35): Laravel\\Lumen\\Routing\\Pipeline->Laravel\\Lumen\\Routing\\{closure}(Object(Laravel\\Lumen\\Http\\Request))
#19 /app/vendor/illuminate/pipeline/Pipeline.php(183): App\\Http\\Middleware\\Authenticate->handle(Object(Laravel\\Lumen\\Http\\Request), Object(Closure))
#20 /app/vendor/laravel/lumen-framework/src/Routing/Pipeline.php(30): Illuminate\\Pipeline\\Pipeline->Illuminate\\Pipeline\\{closure}(Object(Laravel\\Lumen\\Http\\Request))
#21 /app/vendor/illuminate/pipeline/Pipeline.php(119): Laravel\\Lumen\\Routing\\Pipeline->Laravel\\Lumen\\Routing\\{closure}(Object(Laravel\\Lumen\\Http\\Request))
#22 /app/vendor/laravel/lumen-framework/src/Concerns/RoutesRequests.php(428): Illuminate\\Pipeline\\Pipeline->then(Object(Closure))
#23 /app/vendor/laravel/lumen-framework/src/Concerns/RoutesRequests.php(263): Laravel\\Lumen\\Application->sendThroughPipeline(Array, Object(Closure))
#24 /app/vendor/laravel/lumen-framework/src/Concerns/RoutesRequests.php(171): Laravel\\Lumen\\Application->handleFoundRoute(Array)
#25 /app/vendor/laravel/lumen-framework/src/Routing/Pipeline.php(48): Laravel\\Lumen\\Application->Laravel\\Lumen\\Concerns\\{closure}(Object(Laravel\\Lumen\\Http\\Request))
#26 /app/app/Http/Middleware/CorsMiddleware.php(12): Laravel\\Lumen\\Routing\\Pipeline->Laravel\\Lumen\\Routing\\{closure}(Object(Laravel\\Lumen\\Http\\Request))
#27 /app/vendor/illuminate/pipeline/Pipeline.php(183): App\\Http\\Middleware\\CorsMiddleware->handle(Object(Laravel\\Lumen\\Http\\Request), Object(Closure))
#28 /app/vendor/laravel/lumen-framework/src/Routing/Pipeline.php(30): Illuminate\\Pipeline\\Pipeline->Illuminate\\Pipeline\\{closure}(Object(Laravel\\Lumen\\Http\\Request))
#29 /app/vendor/illuminate/pipeline/Pipeline.php(119): Laravel\\Lumen\\Routing\\Pipeline->Laravel\\Lumen\\Routing\\{closure}(Object(Laravel\\Lumen\\Http\\Request))
#30 /app/vendor/laravel/lumen-framework/src/Concerns/RoutesRequests.php(428): Illuminate\\Pipeline\\Pipeline->then(Object(Closure))
#31 /app/vendor/laravel/lumen-framework/src/Concerns/RoutesRequests.php(167): Laravel\\Lumen\\Application->sendThroughPipeline(Array, Object(Closure))
#32 /app/vendor/laravel/lumen-framework/src/Concerns/RoutesRequests.php(112): Laravel\\Lumen\\Application->dispatch(NULL)
#33 /app/public/index.php(5): Laravel\\Lumen\\Application->run()
#34 {main}
"} 
[2026-04-26 19:28:16] local.ERROR: SQLSTATE[42703]: Undefined column: 7 ERROR:  column w.approval_status does not exist
LINE 6:                     w.status, w.approval_status,
                                      ^ (Connection: pgsql, SQL: SELECT w.id, w.title, w.slug, COALESCE(w.description,'') as description,
                    w.type, w.modality, w.price, w.currency,
                    w.capacity, COALESCE(w.location,'') as location,
                    COALESCE(w.online_url,'') as online_url,
                    COALESCE(w.cover_image_url,'') as cover_image_url,
                    w.status, w.approval_status,
                    COALESCE(w.admin_observations,'') as admin_observations,
                    COALESCE(w.created_at::text,'') as created_at,
                    COALESCE(c.id::text,'') as category_id,
                    COALESCE(c.name,'') as category_name,
                    COALESCE(c.slug,'') as category_slug,
                    COALESCE(p.name,'') as instructor_name
             FROM workshops w
             LEFT JOIN categories c ON c.id = w.category_id
             LEFT JOIN profiles p ON p.user_id = w.instructor_id
             WHERE w.instructor_id = 00000000-0000-0000-0000-000000000001
             ORDER BY w.created_at DESC) {"exception":"[object] (Illuminate\\Database\\QueryException(code: 42703): SQLSTATE[42703]: Undefined column: 7 ERROR:  column w.approval_status does not exist
LINE 6:                     w.status, w.approval_status,
                                      ^ (Connection: pgsql, SQL: SELECT w.id, w.title, w.slug, COALESCE(w.description,'') as description,
                    w.type, w.modality, w.price, w.currency,
                    w.capacity, COALESCE(w.location,'') as location,
                    COALESCE(w.online_url,'') as online_url,
                    COALESCE(w.cover_image_url,'') as cover_image_url,
                    w.status, w.approval_status,
                    COALESCE(w.admin_observations,'') as admin_observations,
                    COALESCE(w.created_at::text,'') as created_at,
                    COALESCE(c.id::text,'') as category_id,
                    COALESCE(c.name,'') as category_name,
                    COALESCE(c.slug,'') as category_slug,
                    COALESCE(p.name,'') as instructor_name
             FROM workshops w
             LEFT JOIN categories c ON c.id = w.category_id
             LEFT JOIN profiles p ON p.user_id = w.instructor_id
             WHERE w.instructor_id = 00000000-0000-0000-0000-000000000001
             ORDER BY w.created_at DESC) at /app/vendor/illuminate/database/Connection.php:829)
[stacktrace]
#0 /app/vendor/illuminate/database/Connection.php(783): Illuminate\\Database\\Connection->runQueryCallback('SELECT w.id, w....', Array, Object(Closure))
#1 /app/vendor/illuminate/database/Connection.php(414): Illuminate\\Database\\Connection->run('SELECT w.id, w....', Array, Object(Closure))
#2 /app/vendor/illuminate/database/DatabaseManager.php(509): Illuminate\\Database\\Connection->select('SELECT w.id, w....', Array)
#3 /app/vendor/illuminate/support/Facades/Facade.php(355): Illuminate\\Database\\DatabaseManager->__call('select', Array)
#4 /app/app/Http/Controllers/WorkshopWriteController.php(16): Illuminate\\Support\\Facades\\Facade::__callStatic('select', Array)
#5 /app/vendor/illuminate/container/BoundMethod.php(36): App\\Http\\Controllers\\WorkshopWriteController->index(Object(Laravel\\Lumen\\Http\\Request))
#6 /app/vendor/illuminate/container/Util.php(41): Illuminate\\Container\\BoundMethod::Illuminate\\Container\\{closure}()
#7 /app/vendor/illuminate/container/BoundMethod.php(93): Illuminate\\Container\\Util::unwrapIfClosure(Object(Closure))
#8 /app/vendor/illuminate/container/BoundMethod.php(35): Illuminate\\Container\\BoundMethod::callBoundMethod(Object(Laravel\\Lumen\\Application), Array, Object(Closure))
#9 /app/vendor/illuminate/container/Container.php(662): Illuminate\\Container\\BoundMethod::call(Object(Laravel\\Lumen\\Application), Array, Array, NULL)
#10 /app/vendor/laravel/lumen-framework/src/Concerns/RoutesRequests.php(391): Illuminate\\Container\\Container->call(Array, Array)
#11 /app/vendor/laravel/lumen-framework/src/Concerns/RoutesRequests.php(356): Laravel\\Lumen\\Application->callControllerCallable(Array, Array)
#12 /app/vendor/laravel/lumen-framework/src/Concerns/RoutesRequests.php(331): Laravel\\Lumen\\Application->callLumenController(Object(App\\Http\\Controllers\\WorkshopWriteController), 'index', Array)
#13 /app/vendor/laravel/lumen-framework/src/Concerns/RoutesRequests.php(284): Laravel\\Lumen\\Application->callControllerAction(Array)
#14 /app/vendor/laravel/lumen-framework/src/Concerns/RoutesRequests.php(264): Laravel\\Lumen\\Application->callActionOnArrayBasedRoute(Array)
#15 /app/vendor/laravel/lumen-framework/src/Routing/Pipeline.php(48): Laravel\\Lumen\\Application->Laravel\\Lumen\\Concerns\\{closure}(Object(Laravel\\Lumen\\Http\\Request))
#16 /app/app/Http/Middleware/Authenticate.php(35): Laravel\\Lumen\\Routing\\Pipeline->Laravel\\Lumen\\Routing\\{closure}(Object(Laravel\\Lumen\\Http\\Request))
#17 /app/vendor/illuminate/pipeline/Pipeline.php(183): App\\Http\\Middleware\\Authenticate->handle(Object(Laravel\\Lumen\\Http\\Request), Object(Closure))
#18 /app/vendor/laravel/lumen-framework/src/Routing/Pipeline.php(30): Illuminate\\Pipeline\\Pipeline->Illuminate\\Pipeline\\{closure}(Object(Laravel\\Lumen\\Http\\Request))
#19 /app/vendor/illuminate/pipeline/Pipeline.php(119): Laravel\\Lumen\\Routing\\Pipeline->Laravel\\Lumen\\Routing\\{closure}(Object(Laravel\\Lumen\\Http\\Request))
#20 /app/vendor/laravel/lumen-framework/src/Concerns/RoutesRequests.php(428): Illuminate\\Pipeline\\Pipeline->then(Object(Closure))
#21 /app/vendor/laravel/lumen-framework/src/Concerns/RoutesRequests.php(263): Laravel\\Lumen\\Application->sendThroughPipeline(Array, Object(Closure))
#22 /app/vendor/laravel/lumen-framework/src/Concerns/RoutesRequests.php(171): Laravel\\Lumen\\Application->handleFoundRoute(Array)
#23 /app/vendor/laravel/lumen-framework/src/Routing/Pipeline.php(48): Laravel\\Lumen\\Application->Laravel\\Lumen\\Concerns\\{closure}(Object(Laravel\\Lumen\\Http\\Request))
#24 /app/app/Http/Middleware/CorsMiddleware.php(12): Laravel\\Lumen\\Routing\\Pipeline->Laravel\\Lumen\\Routing\\{closure}(Object(Laravel\\Lumen\\Http\\Request))
#25 /app/vendor/illuminate/pipeline/Pipeline.php(183): App\\Http\\Middleware\\CorsMiddleware->handle(Object(Laravel\\Lumen\\Http\\Request), Object(Closure))
#26 /app/vendor/laravel/lumen-framework/src/Routing/Pipeline.php(30): Illuminate\\Pipeline\\Pipeline->Illuminate\\Pipeline\\{closure}(Object(Laravel\\Lumen\\Http\\Request))
#27 /app/vendor/illuminate/pipeline/Pipeline.php(119): Laravel\\Lumen\\Routing\\Pipeline->Laravel\\Lumen\\Routing\\{closure}(Object(Laravel\\Lumen\\Http\\Request))
#28 /app/vendor/laravel/lumen-framework/src/Concerns/RoutesRequests.php(428): Illuminate\\Pipeline\\Pipeline->then(Object(Closure))
#29 /app/vendor/laravel/lumen-framework/src/Concerns/RoutesRequests.php(167): Laravel\\Lumen\\Application->sendThroughPipeline(Array, Object(Closure))
#30 /app/vendor/laravel/lumen-framework/src/Concerns/RoutesRequests.php(112): Laravel\\Lumen\\Application->dispatch(NULL)
#31 /app/public/index.php(5): Laravel\\Lumen\\Application->run()
#32 {main}

[previous exception] [object] (PDOException(code: 42703): SQLSTATE[42703]: Undefined column: 7 ERROR:  column w.approval_status does not exist
LINE 6:                     w.status, w.approval_status,
                                      ^ at /app/vendor/illuminate/database/Connection.php:428)
[stacktrace]
#0 /app/vendor/illuminate/database/Connection.php(428): PDOStatement->execute()
#1 /app/vendor/illuminate/database/Connection.php(816): Illuminate\\Database\\Connection->Illuminate\\Database\\{closure}('SELECT w.id, w....', Array)
#2 /app/vendor/illuminate/database/Connection.php(783): Illuminate\\Database\\Connection->runQueryCallback('SELECT w.id, w....', Array, Object(Closure))
#3 /app/vendor/illuminate/database/Connection.php(414): Illuminate\\Database\\Connection->run('SELECT w.id, w....', Array, Object(Closure))
#4 /app/vendor/illuminate/database/DatabaseManager.php(509): Illuminate\\Database\\Connection->select('SELECT w.id, w....', Array)
#5 /app/vendor/illuminate/support/Facades/Facade.php(355): Illuminate\\Database\\DatabaseManager->__call('select', Array)
#6 /app/app/Http/Controllers/WorkshopWriteController.php(16): Illuminate\\Support\\Facades\\Facade::__callStatic('select', Array)
#7 /app/vendor/illuminate/container/BoundMethod.php(36): App\\Http\\Controllers\\WorkshopWriteController->index(Object(Laravel\\Lumen\\Http\\Request))
#8 /app/vendor/illuminate/container/Util.php(41): Illuminate\\Container\\BoundMethod::Illuminate\\Container\\{closure}()
#9 /app/vendor/illuminate/container/BoundMethod.php(93): Illuminate\\Container\\Util::unwrapIfClosure(Object(Closure))
#10 /app/vendor/illuminate/container/BoundMethod.php(35): Illuminate\\Container\\BoundMethod::callBoundMethod(Object(Laravel\\Lumen\\Application), Array, Object(Closure))
#11 /app/vendor/illuminate/container/Container.php(662): Illuminate\\Container\\BoundMethod::call(Object(Laravel\\Lumen\\Application), Array, Array, NULL)
#12 /app/vendor/laravel/lumen-framework/src/Concerns/RoutesRequests.php(391): Illuminate\\Container\\Container->call(Array, Array)
#13 /app/vendor/laravel/lumen-framework/src/Concerns/RoutesRequests.php(356): Laravel\\Lumen\\Application->callControllerCallable(Array, Array)
#14 /app/vendor/laravel/lumen-framework/src/Concerns/RoutesRequests.php(331): Laravel\\Lumen\\Application->callLumenController(Object(App\\Http\\Controllers\\WorkshopWriteController), 'index', Array)
#15 /app/vendor/laravel/lumen-framework/src/Concerns/RoutesRequests.php(284): Laravel\\Lumen\\Application->callControllerAction(Array)
#16 /app/vendor/laravel/lumen-framework/src/Concerns/RoutesRequests.php(264): Laravel\\Lumen\\Application->callActionOnArrayBasedRoute(Array)
#17 /app/vendor/laravel/lumen-framework/src/Routing/Pipeline.php(48): Laravel\\Lumen\\Application->Laravel\\Lumen\\Concerns\\{closure}(Object(Laravel\\Lumen\\Http\\Request))
#18 /app/app/Http/Middleware/Authenticate.php(35): Laravel\\Lumen\\Routing\\Pipeline->Laravel\\Lumen\\Routing\\{closure}(Object(Laravel\\Lumen\\Http\\Request))
#19 /app/vendor/illuminate/pipeline/Pipeline.php(183): App\\Http\\Middleware\\Authenticate->handle(Object(Laravel\\Lumen\\Http\\Request), Object(Closure))
#20 /app/vendor/laravel/lumen-framework/src/Routing/Pipeline.php(30): Illuminate\\Pipeline\\Pipeline->Illuminate\\Pipeline\\{closure}(Object(Laravel\\Lumen\\Http\\Request))
#21 /app/vendor/illuminate/pipeline/Pipeline.php(119): Laravel\\Lumen\\Routing\\Pipeline->Laravel\\Lumen\\Routing\\{closure}(Object(Laravel\\Lumen\\Http\\Request))
#22 /app/vendor/laravel/lumen-framework/src/Concerns/RoutesRequests.php(428): Illuminate\\Pipeline\\Pipeline->then(Object(Closure))
#23 /app/vendor/laravel/lumen-framework/src/Concerns/RoutesRequests.php(263): Laravel\\Lumen\\Application->sendThroughPipeline(Array, Object(Closure))
#24 /app/vendor/laravel/lumen-framework/src/Concerns/RoutesRequests.php(171): Laravel\\Lumen\\Application->handleFoundRoute(Array)
#25 /app/vendor/laravel/lumen-framework/src/Routing/Pipeline.php(48): Laravel\\Lumen\\Application->Laravel\\Lumen\\Concerns\\{closure}(Object(Laravel\\Lumen\\Http\\Request))
#26 /app/app/Http/Middleware/CorsMiddleware.php(12): Laravel\\Lumen\\Routing\\Pipeline->Laravel\\Lumen\\Routing\\{closure}(Object(Laravel\\Lumen\\Http\\Request))
#27 /app/vendor/illuminate/pipeline/Pipeline.php(183): App\\Http\\Middleware\\CorsMiddleware->handle(Object(Laravel\\Lumen\\Http\\Request), Object(Closure))
#28 /app/vendor/laravel/lumen-framework/src/Routing/Pipeline.php(30): Illuminate\\Pipeline\\Pipeline->Illuminate\\Pipeline\\{closure}(Object(Laravel\\Lumen\\Http\\Request))
#29 /app/vendor/illuminate/pipeline/Pipeline.php(119): Laravel\\Lumen\\Routing\\Pipeline->Laravel\\Lumen\\Routing\\{closure}(Object(Laravel\\Lumen\\Http\\Request))
#30 /app/vendor/laravel/lumen-framework/src/Concerns/RoutesRequests.php(428): Illuminate\\Pipeline\\Pipeline->then(Object(Closure))
#31 /app/vendor/laravel/lumen-framework/src/Concerns/RoutesRequests.php(167): Laravel\\Lumen\\Application->sendThroughPipeline(Array, Object(Closure))
#32 /app/vendor/laravel/lumen-framework/src/Concerns/RoutesRequests.php(112): Laravel\\Lumen\\Application->dispatch(NULL)
#33 /app/public/index.php(5): Laravel\\Lumen\\Application->run()
#34 {main}
"} 
[2026-04-26 19:28:22] local.ERROR: SQLSTATE[42703]: Undefined column: 7 ERROR:  column w.approval_status does not exist
LINE 6:                     w.status, w.approval_status,
                                      ^ (Connection: pgsql, SQL: SELECT w.id, w.title, w.slug, COALESCE(w.description,'') as description,
                    w.type, w.modality, w.price, w.currency,
                    w.capacity, COALESCE(w.location,'') as location,
                    COALESCE(w.online_url,'') as online_url,
                    COALESCE(w.cover_image_url,'') as cover_image_url,
                    w.status, w.approval_status,
                    COALESCE(w.admin_observations,'') as admin_observations,
                    COALESCE(w.created_at::text,'') as created_at,
                    COALESCE(c.id::text,'') as category_id,
                    COALESCE(c.name,'') as category_name,
                    COALESCE(c.slug,'') as category_slug,
                    COALESCE(p.name,'') as instructor_name
             FROM workshops w
             LEFT JOIN categories c ON c.id = w.category_id
             LEFT JOIN profiles p ON p.user_id = w.instructor_id
             WHERE w.instructor_id = 00000000-0000-0000-0000-000000000001
             ORDER BY w.created_at DESC) {"exception":"[object] (Illuminate\\Database\\QueryException(code: 42703): SQLSTATE[42703]: Undefined column: 7 ERROR:  column w.approval_status does not exist
LINE 6:                     w.status, w.approval_status,
                                      ^ (Connection: pgsql, SQL: SELECT w.id, w.title, w.slug, COALESCE(w.description,'') as description,
                    w.type, w.modality, w.price, w.currency,
                    w.capacity, COALESCE(w.location,'') as location,
                    COALESCE(w.online_url,'') as online_url,
                    COALESCE(w.cover_image_url,'') as cover_image_url,
                    w.status, w.approval_status,
                    COALESCE(w.admin_observations,'') as admin_observations,
                    COALESCE(w.created_at::text,'') as created_at,
                    COALESCE(c.id::text,'') as category_id,
                    COALESCE(c.name,'') as category_name,
                    COALESCE(c.slug,'') as category_slug,
                    COALESCE(p.name,'') as instructor_name
             FROM workshops w
             LEFT JOIN categories c ON c.id = w.category_id
             LEFT JOIN profiles p ON p.user_id = w.instructor_id
             WHERE w.instructor_id = 00000000-0000-0000-0000-000000000001
             ORDER BY w.created_at DESC) at /app/vendor/illuminate/database/Connection.php:829)
[stacktrace]
#0 /app/vendor/illuminate/database/Connection.php(783): Illuminate\\Database\\Connection->runQueryCallback('SELECT w.id, w....', Array, Object(Closure))
#1 /app/vendor/illuminate/database/Connection.php(414): Illuminate\\Database\\Connection->run('SELECT w.id, w....', Array, Object(Closure))
#2 /app/vendor/illuminate/database/DatabaseManager.php(509): Illuminate\\Database\\Connection->select('SELECT w.id, w....', Array)
#3 /app/vendor/illuminate/support/Facades/Facade.php(355): Illuminate\\Database\\DatabaseManager->__call('select', Array)
#4 /app/app/Http/Controllers/WorkshopWriteController.php(16): Illuminate\\Support\\Facades\\Facade::__callStatic('select', Array)
#5 /app/vendor/illuminate/container/BoundMethod.php(36): App\\Http\\Controllers\\WorkshopWriteController->index(Object(Laravel\\Lumen\\Http\\Request))
#6 /app/vendor/illuminate/container/Util.php(41): Illuminate\\Container\\BoundMethod::Illuminate\\Container\\{closure}()
#7 /app/vendor/illuminate/container/BoundMethod.php(93): Illuminate\\Container\\Util::unwrapIfClosure(Object(Closure))
#8 /app/vendor/illuminate/container/BoundMethod.php(35): Illuminate\\Container\\BoundMethod::callBoundMethod(Object(Laravel\\Lumen\\Application), Array, Object(Closure))
#9 /app/vendor/illuminate/container/Container.php(662): Illuminate\\Container\\BoundMethod::call(Object(Laravel\\Lumen\\Application), Array, Array, NULL)
#10 /app/vendor/laravel/lumen-framework/src/Concerns/RoutesRequests.php(391): Illuminate\\Container\\Container->call(Array, Array)
#11 /app/vendor/laravel/lumen-framework/src/Concerns/RoutesRequests.php(356): Laravel\\Lumen\\Application->callControllerCallable(Array, Array)
#12 /app/vendor/laravel/lumen-framework/src/Concerns/RoutesRequests.php(331): Laravel\\Lumen\\Application->callLumenController(Object(App\\Http\\Controllers\\WorkshopWriteController), 'index', Array)
#13 /app/vendor/laravel/lumen-framework/src/Concerns/RoutesRequests.php(284): Laravel\\Lumen\\Application->callControllerAction(Array)
#14 /app/vendor/laravel/lumen-framework/src/Concerns/RoutesRequests.php(264): Laravel\\Lumen\\Application->callActionOnArrayBasedRoute(Array)
#15 /app/vendor/laravel/lumen-framework/src/Routing/Pipeline.php(48): Laravel\\Lumen\\Application->Laravel\\Lumen\\Concerns\\{closure}(Object(Laravel\\Lumen\\Http\\Request))
#16 /app/app/Http/Middleware/Authenticate.php(35): Laravel\\Lumen\\Routing\\Pipeline->Laravel\\Lumen\\Routing\\{closure}(Object(Laravel\\Lumen\\Http\\Request))
#17 /app/vendor/illuminate/pipeline/Pipeline.php(183): App\\Http\\Middleware\\Authenticate->handle(Object(Laravel\\Lumen\\Http\\Request), Object(Closure))
#18 /app/vendor/laravel/lumen-framework/src/Routing/Pipeline.php(30): Illuminate\\Pipeline\\Pipeline->Illuminate\\Pipeline\\{closure}(Object(Laravel\\Lumen\\Http\\Request))
#19 /app/vendor/illuminate/pipeline/Pipeline.php(119): Laravel\\Lumen\\Routing\\Pipeline->Laravel\\Lumen\\Routing\\{closure}(Object(Laravel\\Lumen\\Http\\Request))
#20 /app/vendor/laravel/lumen-framework/src/Concerns/RoutesRequests.php(428): Illuminate\\Pipeline\\Pipeline->then(Object(Closure))
#21 /app/vendor/laravel/lumen-framework/src/Concerns/RoutesRequests.php(263): Laravel\\Lumen\\Application->sendThroughPipeline(Array, Object(Closure))
#22 /app/vendor/laravel/lumen-framework/src/Concerns/RoutesRequests.php(171): Laravel\\Lumen\\Application->handleFoundRoute(Array)
#23 /app/vendor/laravel/lumen-framework/src/Routing/Pipeline.php(48): Laravel\\Lumen\\Application->Laravel\\Lumen\\Concerns\\{closure}(Object(Laravel\\Lumen\\Http\\Request))
#24 /app/app/Http/Middleware/CorsMiddleware.php(12): Laravel\\Lumen\\Routing\\Pipeline->Laravel\\Lumen\\Routing\\{closure}(Object(Laravel\\Lumen\\Http\\Request))
#25 /app/vendor/illuminate/pipeline/Pipeline.php(183): App\\Http\\Middleware\\CorsMiddleware->handle(Object(Laravel\\Lumen\\Http\\Request), Object(Closure))
#26 /app/vendor/laravel/lumen-framework/src/Routing/Pipeline.php(30): Illuminate\\Pipeline\\Pipeline->Illuminate\\Pipeline\\{closure}(Object(Laravel\\Lumen\\Http\\Request))
#27 /app/vendor/illuminate/pipeline/Pipeline.php(119): Laravel\\Lumen\\Routing\\Pipeline->Laravel\\Lumen\\Routing\\{closure}(Object(Laravel\\Lumen\\Http\\Request))
#28 /app/vendor/laravel/lumen-framework/src/Concerns/RoutesRequests.php(428): Illuminate\\Pipeline\\Pipeline->then(Object(Closure))
#29 /app/vendor/laravel/lumen-framework/src/Concerns/RoutesRequests.php(167): Laravel\\Lumen\\Application->sendThroughPipeline(Array, Object(Closure))
#30 /app/vendor/laravel/lumen-framework/src/Concerns/RoutesRequests.php(112): Laravel\\Lumen\\Application->dispatch(NULL)
#31 /app/public/index.php(5): Laravel\\Lumen\\Application->run()
#32 {main}

[previous exception] [object] (PDOException(code: 42703): SQLSTATE[42703]: Undefined column: 7 ERROR:  column w.approval_status does not exist
LINE 6:                     w.status, w.approval_status,
                                      ^ at /app/vendor/illuminate/database/Connection.php:428)
[stacktrace]
#0 /app/vendor/illuminate/database/Connection.php(428): PDOStatement->execute()
#1 /app/vendor/illuminate/database/Connection.php(816): Illuminate\\Database\\Connection->Illuminate\\Database\\{closure}('SELECT w.id, w....', Array)
#2 /app/vendor/illuminate/database/Connection.php(783): Illuminate\\Database\\Connection->runQueryCallback('SELECT w.id, w....', Array, Object(Closure))
#3 /app/vendor/illuminate/database/Connection.php(414): Illuminate\\Database\\Connection->run('SELECT w.id, w....', Array, Object(Closure))
#4 /app/vendor/illuminate/database/DatabaseManager.php(509): Illuminate\\Database\\Connection->select('SELECT w.id, w....', Array)
#5 /app/vendor/illuminate/support/Facades/Facade.php(355): Illuminate\\Database\\DatabaseManager->__call('select', Array)
#6 /app/app/Http/Controllers/WorkshopWriteController.php(16): Illuminate\\Support\\Facades\\Facade::__callStatic('select', Array)
#7 /app/vendor/illuminate/container/BoundMethod.php(36): App\\Http\\Controllers\\WorkshopWriteController->index(Object(Laravel\\Lumen\\Http\\Request))
#8 /app/vendor/illuminate/container/Util.php(41): Illuminate\\Container\\BoundMethod::Illuminate\\Container\\{closure}()
#9 /app/vendor/illuminate/container/BoundMethod.php(93): Illuminate\\Container\\Util::unwrapIfClosure(Object(Closure))
#10 /app/vendor/illuminate/container/BoundMethod.php(35): Illuminate\\Container\\BoundMethod::callBoundMethod(Object(Laravel\\Lumen\\Application), Array, Object(Closure))
#11 /app/vendor/illuminate/container/Container.php(662): Illuminate\\Container\\BoundMethod::call(Object(Laravel\\Lumen\\Application), Array, Array, NULL)
#12 /app/vendor/laravel/lumen-framework/src/Concerns/RoutesRequests.php(391): Illuminate\\Container\\Container->call(Array, Array)
#13 /app/vendor/laravel/lumen-framework/src/Concerns/RoutesRequests.php(356): Laravel\\Lumen\\Application->callControllerCallable(Array, Array)
#14 /app/vendor/laravel/lumen-framework/src/Concerns/RoutesRequests.php(331): Laravel\\Lumen\\Application->callLumenController(Object(App\\Http\\Controllers\\WorkshopWriteController), 'index', Array)
#15 /app/vendor/laravel/lumen-framework/src/Concerns/RoutesRequests.php(284): Laravel\\Lumen\\Application->callControllerAction(Array)
#16 /app/vendor/laravel/lumen-framework/src/Concerns/RoutesRequests.php(264): Laravel\\Lumen\\Application->callActionOnArrayBasedRoute(Array)
#17 /app/vendor/laravel/lumen-framework/src/Routing/Pipeline.php(48): Laravel\\Lumen\\Application->Laravel\\Lumen\\Concerns\\{closure}(Object(Laravel\\Lumen\\Http\\Request))
#18 /app/app/Http/Middleware/Authenticate.php(35): Laravel\\Lumen\\Routing\\Pipeline->Laravel\\Lumen\\Routing\\{closure}(Object(Laravel\\Lumen\\Http\\Request))
#19 /app/vendor/illuminate/pipeline/Pipeline.php(183): App\\Http\\Middleware\\Authenticate->handle(Object(Laravel\\Lumen\\Http\\Request), Object(Closure))
#20 /app/vendor/laravel/lumen-framework/src/Routing/Pipeline.php(30): Illuminate\\Pipeline\\Pipeline->Illuminate\\Pipeline\\{closure}(Object(Laravel\\Lumen\\Http\\Request))
#21 /app/vendor/illuminate/pipeline/Pipeline.php(119): Laravel\\Lumen\\Routing\\Pipeline->Laravel\\Lumen\\Routing\\{closure}(Object(Laravel\\Lumen\\Http\\Request))
#22 /app/vendor/laravel/lumen-framework/src/Concerns/RoutesRequests.php(428): Illuminate\\Pipeline\\Pipeline->then(Object(Closure))
#23 /app/vendor/laravel/lumen-framework/src/Concerns/RoutesRequests.php(263): Laravel\\Lumen\\Application->sendThroughPipeline(Array, Object(Closure))
#24 /app/vendor/laravel/lumen-framework/src/Concerns/RoutesRequests.php(171): Laravel\\Lumen\\Application->handleFoundRoute(Array)
#25 /app/vendor/laravel/lumen-framework/src/Routing/Pipeline.php(48): Laravel\\Lumen\\Application->Laravel\\Lumen\\Concerns\\{closure}(Object(Laravel\\Lumen\\Http\\Request))
#26 /app/app/Http/Middleware/CorsMiddleware.php(12): Laravel\\Lumen\\Routing\\Pipeline->Laravel\\Lumen\\Routing\\{closure}(Object(Laravel\\Lumen\\Http\\Request))
#27 /app/vendor/illuminate/pipeline/Pipeline.php(183): App\\Http\\Middleware\\CorsMiddleware->handle(Object(Laravel\\Lumen\\Http\\Request), Object(Closure))
#28 /app/vendor/laravel/lumen-framework/src/Routing/Pipeline.php(30): Illuminate\\Pipeline\\Pipeline->Illuminate\\Pipeline\\{closure}(Object(Laravel\\Lumen\\Http\\Request))
#29 /app/vendor/illuminate/pipeline/Pipeline.php(119): Laravel\\Lumen\\Routing\\Pipeline->Laravel\\Lumen\\Routing\\{closure}(Object(Laravel\\Lumen\\Http\\Request))
#30 /app/vendor/laravel/lumen-framework/src/Concerns/RoutesRequests.php(428): Illuminate\\Pipeline\\Pipeline->then(Object(Closure))
#31 /app/vendor/laravel/lumen-framework/src/Concerns/RoutesRequests.php(167): Laravel\\Lumen\\Application->sendThroughPipeline(Array, Object(Closure))
#32 /app/vendor/laravel/lumen-framework/src/Concerns/RoutesRequests.php(112): Laravel\\Lumen\\Application->dispatch(NULL)
#33 /app/public/index.php(5): Laravel\\Lumen\\Application->run()
#34 {main}
"} 
[2026-04-26 19:34:05] local.ERROR: Command "test" is not defined. {"exception":"[object] (Symfony\\Component\\Console\\Exception\\CommandNotFoundException(code: 0): Command \"test\" is not defined. at /app/vendor/symfony/console/Application.php:745)
[stacktrace]
#0 /app/vendor/symfony/console/Application.php(266): Symfony\\Component\\Console\\Application->find('test')
#1 /app/vendor/symfony/console/Application.php(175): Symfony\\Component\\Console\\Application->doRun(Object(Symfony\\Component\\Console\\Input\\ArgvInput), Object(Symfony\\Component\\Console\\Output\\ConsoleOutput))
#2 /app/vendor/laravel/lumen-framework/src/Console/Kernel.php(160): Symfony\\Component\\Console\\Application->run(Object(Symfony\\Component\\Console\\Input\\ArgvInput), Object(Symfony\\Component\\Console\\Output\\ConsoleOutput))
#3 /app/artisan(16): Laravel\\Lumen\\Console\\Kernel->handle(Object(Symfony\\Component\\Console\\Input\\ArgvInput), Object(Symfony\\Component\\Console\\Output\\ConsoleOutput))
#4 {main}
"} 
[2026-04-26 19:34:15] local.ERROR: Command "test" is not defined. {"exception":"[object] (Symfony\\Component\\Console\\Exception\\CommandNotFoundException(code: 0): Command \"test\" is not defined. at /app/vendor/symfony/console/Application.php:745)
[stacktrace]
#0 /app/vendor/symfony/console/Application.php(266): Symfony\\Component\\Console\\Application->find('test')
#1 /app/vendor/symfony/console/Application.php(175): Symfony\\Component\\Console\\Application->doRun(Object(Symfony\\Component\\Console\\Input\\ArgvInput), Object(Symfony\\Component\\Console\\Output\\ConsoleOutput))
#2 /app/vendor/laravel/lumen-framework/src/Console/Kernel.php(160): Symfony\\Component\\Console\\Application->run(Object(Symfony\\Component\\Console\\Input\\ArgvInput), Object(Symfony\\Component\\Console\\Output\\ConsoleOutput))
#3 /app/artisan(16): Laravel\\Lumen\\Console\\Kernel->handle(Object(Symfony\\Component\\Console\\Input\\ArgvInput), Object(Symfony\\Component\\Console\\Output\\ConsoleOutput))
#4 {main}
"} 
[2026-04-26 19:37:01] local.ERROR: Unable to resolve dependency [Parameter #1 [ <required> string $workshopId ]] in class App\Http\Controllers\ScheduleController {"exception":"[object] (Illuminate\\Contracts\\Container\\BindingResolutionException(code: 0): Unable to resolve dependency [Parameter #1 [ <required> string $workshopId ]] in class App\\Http\\Controllers\\ScheduleController at /app/vendor/illuminate/container/BoundMethod.php:188)
[stacktrace]
#0 /app/vendor/illuminate/container/BoundMethod.php(124): Illuminate\\Container\\BoundMethod::addDependencyForCallParameter(Object(Laravel\\Lumen\\Application), Object(ReflectionParameter), Array, Array)
#1 /app/vendor/illuminate/container/BoundMethod.php(36): Illuminate\\Container\\BoundMethod::getMethodDependencies(Object(Laravel\\Lumen\\Application), Array, Array)
#2 /app/vendor/illuminate/container/Util.php(41): Illuminate\\Container\\BoundMethod::Illuminate\\Container\\{closure}()
#3 /app/vendor/illuminate/container/BoundMethod.php(93): Illuminate\\Container\\Util::unwrapIfClosure(Object(Closure))
#4 /app/vendor/illuminate/container/BoundMethod.php(35): Illuminate\\Container\\BoundMethod::callBoundMethod(Object(Laravel\\Lumen\\Application), Array, Object(Closure))
#5 /app/vendor/illuminate/container/Container.php(662): Illuminate\\Container\\BoundMethod::call(Object(Laravel\\Lumen\\Application), Array, Array, NULL)
#6 /app/vendor/laravel/lumen-framework/src/Concerns/RoutesRequests.php(391): Illuminate\\Container\\Container->call(Array, Array)
#7 /app/vendor/laravel/lumen-framework/src/Concerns/RoutesRequests.php(356): Laravel\\Lumen\\Application->callControllerCallable(Array, Array)
#8 /app/vendor/laravel/lumen-framework/src/Concerns/RoutesRequests.php(331): Laravel\\Lumen\\Application->callLumenController(Object(App\\Http\\Controllers\\ScheduleController), 'store', Array)
#9 /app/vendor/laravel/lumen-framework/src/Concerns/RoutesRequests.php(284): Laravel\\Lumen\\Application->callControllerAction(Array)
#10 /app/vendor/laravel/lumen-framework/src/Concerns/RoutesRequests.php(264): Laravel\\Lumen\\Application->callActionOnArrayBasedRoute(Array)
#11 /app/vendor/laravel/lumen-framework/src/Routing/Pipeline.php(48): Laravel\\Lumen\\Application->Laravel\\Lumen\\Concerns\\{closure}(Object(Laravel\\Lumen\\Http\\Request))
#12 /app/app/Http/Middleware/Authenticate.php(35): Laravel\\Lumen\\Routing\\Pipeline->Laravel\\Lumen\\Routing\\{closure}(Object(Laravel\\Lumen\\Http\\Request))
#13 /app/vendor/illuminate/pipeline/Pipeline.php(183): App\\Http\\Middleware\\Authenticate->handle(Object(Laravel\\Lumen\\Http\\Request), Object(Closure))
#14 /app/vendor/laravel/lumen-framework/src/Routing/Pipeline.php(30): Illuminate\\Pipeline\\Pipeline->Illuminate\\Pipeline\\{closure}(Object(Laravel\\Lumen\\Http\\Request))
#15 /app/vendor/illuminate/pipeline/Pipeline.php(119): Laravel\\Lumen\\Routing\\Pipeline->Laravel\\Lumen\\Routing\\{closure}(Object(Laravel\\Lumen\\Http\\Request))
#16 /app/vendor/laravel/lumen-framework/src/Concerns/RoutesRequests.php(428): Illuminate\\Pipeline\\Pipeline->then(Object(Closure))
#17 /app/vendor/laravel/lumen-framework/src/Concerns/RoutesRequests.php(263): Laravel\\Lumen\\Application->sendThroughPipeline(Array, Object(Closure))
#18 /app/vendor/laravel/lumen-framework/src/Concerns/RoutesRequests.php(239): Laravel\\Lumen\\Application->handleFoundRoute(Array)
#19 /app/vendor/laravel/lumen-framework/src/Concerns/RoutesRequests.php(174): Laravel\\Lumen\\Application->handleDispatcherResponse(Array)
#20 /app/vendor/laravel/lumen-framework/src/Routing/Pipeline.php(48): Laravel\\Lumen\\Application->Laravel\\Lumen\\Concerns\\{closure}(Object(Laravel\\Lumen\\Http\\Request))
#21 /app/app/Http/Middleware/CorsMiddleware.php(12): Laravel\\Lumen\\Routing\\Pipeline->Laravel\\Lumen\\Routing\\{closure}(Object(Laravel\\Lumen\\Http\\Request))
#22 /app/vendor/illuminate/pipeline/Pipeline.php(183): App\\Http\\Middleware\\CorsMiddleware->handle(Object(Laravel\\Lumen\\Http\\Request), Object(Closure))
#23 /app/vendor/laravel/lumen-framework/src/Routing/Pipeline.php(30): Illuminate\\Pipeline\\Pipeline->Illuminate\\Pipeline\\{closure}(Object(Laravel\\Lumen\\Http\\Request))
#24 /app/vendor/illuminate/pipeline/Pipeline.php(119): Laravel\\Lumen\\Routing\\Pipeline->Laravel\\Lumen\\Routing\\{closure}(Object(Laravel\\Lumen\\Http\\Request))
#25 /app/vendor/laravel/lumen-framework/src/Concerns/RoutesRequests.php(428): Illuminate\\Pipeline\\Pipeline->then(Object(Closure))
#26 /app/vendor/laravel/lumen-framework/src/Concerns/RoutesRequests.php(167): Laravel\\Lumen\\Application->sendThroughPipeline(Array, Object(Closure))
#27 /app/vendor/laravel/lumen-framework/src/Concerns/RoutesRequests.php(95): Laravel\\Lumen\\Application->dispatch(Object(Laravel\\Lumen\\Http\\Request))
#28 /app/vendor/laravel/lumen-framework/src/Testing/Concerns/MakesHttpRequests.php(361): Laravel\\Lumen\\Application->handle(Object(Laravel\\Lumen\\Http\\Request))
#29 /app/vendor/laravel/lumen-framework/src/Testing/Concerns/MakesHttpRequests.php(48): Laravel\\Lumen\\Testing\\TestCase->call('POST', '/api/v1/worksho...', Array, Array, Array, Array, '{\"days_of_week\"...')
#30 /app/tests/Feature/ScheduleControllerTest.php(39): Laravel\\Lumen\\Testing\\TestCase->json('POST', '/api/v1/worksho...', Array, Array)
#31 /app/vendor/phpunit/phpunit/src/Framework/TestCase.php(1548): Tests\\Feature\\ScheduleControllerTest->create_schedule_returns_201_for_owner()
#32 /app/vendor/phpunit/phpunit/src/Framework/TestCase.php(686): PHPUnit\\Framework\\TestCase->runTest()
#33 /app/vendor/phpunit/phpunit/src/Framework/TestRunner.php(106): PHPUnit\\Framework\\TestCase->runBare()
#34 /app/vendor/phpunit/phpunit/src/Framework/TestCase.php(516): PHPUnit\\Framework\\TestRunner->run(Object(Tests\\Feature\\ScheduleControllerTest))
#35 /app/vendor/phpunit/phpunit/src/Framework/TestSuite.php(374): PHPUnit\\Framework\\TestCase->run()
#36 /app/vendor/phpunit/phpunit/src/Framework/TestSuite.php(374): PHPUnit\\Framework\\TestSuite->run()
#37 /app/vendor/phpunit/phpunit/src/Framework/TestSuite.php(374): PHPUnit\\Framework\\TestSuite->run()
#38 /app/vendor/phpunit/phpunit/src/TextUI/TestRunner.php(64): PHPUnit\\Framework\\TestSuite->run()
#39 /app/vendor/phpunit/phpunit/src/TextUI/Application.php(204): PHPUnit\\TextUI\\TestRunner->run(Object(PHPUnit\\TextUI\\Configuration\\Configuration), Object(PHPUnit\\Runner\\ResultCache\\DefaultResultCache), Object(PHPUnit\\Framework\\TestSuite))
#40 /app/vendor/phpunit/phpunit/phpunit(104): PHPUnit\\TextUI\\Application->run(Array)
#41 /app/vendor/bin/phpunit(122): include('/app/vendor/php...')
#42 {main}
"} 
[2026-04-26 19:37:01] local.ERROR: Unable to resolve dependency [Parameter #1 [ <required> string $workshopId ]] in class App\Http\Controllers\ScheduleController {"exception":"[object] (Illuminate\\Contracts\\Container\\BindingResolutionException(code: 0): Unable to resolve dependency [Parameter #1 [ <required> string $workshopId ]] in class App\\Http\\Controllers\\ScheduleController at /app/vendor/illuminate/container/BoundMethod.php:188)
[stacktrace]
#0 /app/vendor/illuminate/container/BoundMethod.php(124): Illuminate\\Container\\BoundMethod::addDependencyForCallParameter(Object(Laravel\\Lumen\\Application), Object(ReflectionParameter), Array, Array)
#1 /app/vendor/illuminate/container/BoundMethod.php(36): Illuminate\\Container\\BoundMethod::getMethodDependencies(Object(Laravel\\Lumen\\Application), Array, Array)
#2 /app/vendor/illuminate/container/Util.php(41): Illuminate\\Container\\BoundMethod::Illuminate\\Container\\{closure}()
#3 /app/vendor/illuminate/container/BoundMethod.php(93): Illuminate\\Container\\Util::unwrapIfClosure(Object(Closure))
#4 /app/vendor/illuminate/container/BoundMethod.php(35): Illuminate\\Container\\BoundMethod::callBoundMethod(Object(Laravel\\Lumen\\Application), Array, Object(Closure))
#5 /app/vendor/illuminate/container/Container.php(662): Illuminate\\Container\\BoundMethod::call(Object(Laravel\\Lumen\\Application), Array, Array, NULL)
#6 /app/vendor/laravel/lumen-framework/src/Concerns/RoutesRequests.php(391): Illuminate\\Container\\Container->call(Array, Array)
#7 /app/vendor/laravel/lumen-framework/src/Concerns/RoutesRequests.php(356): Laravel\\Lumen\\Application->callControllerCallable(Array, Array)
#8 /app/vendor/laravel/lumen-framework/src/Concerns/RoutesRequests.php(331): Laravel\\Lumen\\Application->callLumenController(Object(App\\Http\\Controllers\\ScheduleController), 'store', Array)
#9 /app/vendor/laravel/lumen-framework/src/Concerns/RoutesRequests.php(284): Laravel\\Lumen\\Application->callControllerAction(Array)
#10 /app/vendor/laravel/lumen-framework/src/Concerns/RoutesRequests.php(264): Laravel\\Lumen\\Application->callActionOnArrayBasedRoute(Array)
#11 /app/vendor/laravel/lumen-framework/src/Routing/Pipeline.php(48): Laravel\\Lumen\\Application->Laravel\\Lumen\\Concerns\\{closure}(Object(Laravel\\Lumen\\Http\\Request))
#12 /app/app/Http/Middleware/Authenticate.php(35): Laravel\\Lumen\\Routing\\Pipeline->Laravel\\Lumen\\Routing\\{closure}(Object(Laravel\\Lumen\\Http\\Request))
#13 /app/vendor/illuminate/pipeline/Pipeline.php(183): App\\Http\\Middleware\\Authenticate->handle(Object(Laravel\\Lumen\\Http\\Request), Object(Closure))
#14 /app/vendor/laravel/lumen-framework/src/Routing/Pipeline.php(30): Illuminate\\Pipeline\\Pipeline->Illuminate\\Pipeline\\{closure}(Object(Laravel\\Lumen\\Http\\Request))
#15 /app/vendor/illuminate/pipeline/Pipeline.php(119): Laravel\\Lumen\\Routing\\Pipeline->Laravel\\Lumen\\Routing\\{closure}(Object(Laravel\\Lumen\\Http\\Request))
#16 /app/vendor/laravel/lumen-framework/src/Concerns/RoutesRequests.php(428): Illuminate\\Pipeline\\Pipeline->then(Object(Closure))
#17 /app/vendor/laravel/lumen-framework/src/Concerns/RoutesRequests.php(263): Laravel\\Lumen\\Application->sendThroughPipeline(Array, Object(Closure))
#18 /app/vendor/laravel/lumen-framework/src/Concerns/RoutesRequests.php(239): Laravel\\Lumen\\Application->handleFoundRoute(Array)
#19 /app/vendor/laravel/lumen-framework/src/Concerns/RoutesRequests.php(174): Laravel\\Lumen\\Application->handleDispatcherResponse(Array)
#20 /app/vendor/laravel/lumen-framework/src/Routing/Pipeline.php(48): Laravel\\Lumen\\Application->Laravel\\Lumen\\Concerns\\{closure}(Object(Laravel\\Lumen\\Http\\Request))
#21 /app/app/Http/Middleware/CorsMiddleware.php(12): Laravel\\Lumen\\Routing\\Pipeline->Laravel\\Lumen\\Routing\\{closure}(Object(Laravel\\Lumen\\Http\\Request))
#22 /app/vendor/illuminate/pipeline/Pipeline.php(183): App\\Http\\Middleware\\CorsMiddleware->handle(Object(Laravel\\Lumen\\Http\\Request), Object(Closure))
#23 /app/vendor/laravel/lumen-framework/src/Routing/Pipeline.php(30): Illuminate\\Pipeline\\Pipeline->Illuminate\\Pipeline\\{closure}(Object(Laravel\\Lumen\\Http\\Request))
#24 /app/vendor/illuminate/pipeline/Pipeline.php(119): Laravel\\Lumen\\Routing\\Pipeline->Laravel\\Lumen\\Routing\\{closure}(Object(Laravel\\Lumen\\Http\\Request))
#25 /app/vendor/laravel/lumen-framework/src/Concerns/RoutesRequests.php(428): Illuminate\\Pipeline\\Pipeline->then(Object(Closure))
#26 /app/vendor/laravel/lumen-framework/src/Concerns/RoutesRequests.php(167): Laravel\\Lumen\\Application->sendThroughPipeline(Array, Object(Closure))
#27 /app/vendor/laravel/lumen-framework/src/Concerns/RoutesRequests.php(95): Laravel\\Lumen\\Application->dispatch(Object(Laravel\\Lumen\\Http\\Request))
#28 /app/vendor/laravel/lumen-framework/src/Testing/Concerns/MakesHttpRequests.php(361): Laravel\\Lumen\\Application->handle(Object(Laravel\\Lumen\\Http\\Request))
#29 /app/vendor/laravel/lumen-framework/src/Testing/Concerns/MakesHttpRequests.php(48): Laravel\\Lumen\\Testing\\TestCase->call('POST', '/api/v1/worksho...', Array, Array, Array, Array, '{\"days_of_week\"...')
#30 /app/tests/Feature/ScheduleControllerTest.php(64): Laravel\\Lumen\\Testing\\TestCase->json('POST', '/api/v1/worksho...', Array, Array)
#31 /app/vendor/phpunit/phpunit/src/Framework/TestCase.php(1548): Tests\\Feature\\ScheduleControllerTest->create_schedule_returns_403_for_non_owner()
#32 /app/vendor/phpunit/phpunit/src/Framework/TestCase.php(686): PHPUnit\\Framework\\TestCase->runTest()
#33 /app/vendor/phpunit/phpunit/src/Framework/TestRunner.php(106): PHPUnit\\Framework\\TestCase->runBare()
#34 /app/vendor/phpunit/phpunit/src/Framework/TestCase.php(516): PHPUnit\\Framework\\TestRunner->run(Object(Tests\\Feature\\ScheduleControllerTest))
#35 /app/vendor/phpunit/phpunit/src/Framework/TestSuite.php(374): PHPUnit\\Framework\\TestCase->run()
#36 /app/vendor/phpunit/phpunit/src/Framework/TestSuite.php(374): PHPUnit\\Framework\\TestSuite->run()
#37 /app/vendor/phpunit/phpunit/src/Framework/TestSuite.php(374): PHPUnit\\Framework\\TestSuite->run()
#38 /app/vendor/phpunit/phpunit/src/TextUI/TestRunner.php(64): PHPUnit\\Framework\\TestSuite->run()
#39 /app/vendor/phpunit/phpunit/src/TextUI/Application.php(204): PHPUnit\\TextUI\\TestRunner->run(Object(PHPUnit\\TextUI\\Configuration\\Configuration), Object(PHPUnit\\Runner\\ResultCache\\DefaultResultCache), Object(PHPUnit\\Framework\\TestSuite))
#40 /app/vendor/phpunit/phpunit/phpunit(104): PHPUnit\\TextUI\\Application->run(Array)
#41 /app/vendor/bin/phpunit(122): include('/app/vendor/php...')
#42 {main}
"} 
[2026-04-26 19:37:01] local.ERROR: Unable to resolve dependency [Parameter #1 [ <required> string $workshopId ]] in class App\Http\Controllers\ScheduleController {"exception":"[object] (Illuminate\\Contracts\\Container\\BindingResolutionException(code: 0): Unable to resolve dependency [Parameter #1 [ <required> string $workshopId ]] in class App\\Http\\Controllers\\ScheduleController at /app/vendor/illuminate/container/BoundMethod.php:188)
[stacktrace]
#0 /app/vendor/illuminate/container/BoundMethod.php(124): Illuminate\\Container\\BoundMethod::addDependencyForCallParameter(Object(Laravel\\Lumen\\Application), Object(ReflectionParameter), Array, Array)
#1 /app/vendor/illuminate/container/BoundMethod.php(36): Illuminate\\Container\\BoundMethod::getMethodDependencies(Object(Laravel\\Lumen\\Application), Array, Array)
#2 /app/vendor/illuminate/container/Util.php(41): Illuminate\\Container\\BoundMethod::Illuminate\\Container\\{closure}()
#3 /app/vendor/illuminate/container/BoundMethod.php(93): Illuminate\\Container\\Util::unwrapIfClosure(Object(Closure))
#4 /app/vendor/illuminate/container/BoundMethod.php(35): Illuminate\\Container\\BoundMethod::callBoundMethod(Object(Laravel\\Lumen\\Application), Array, Object(Closure))
#5 /app/vendor/illuminate/container/Container.php(662): Illuminate\\Container\\BoundMethod::call(Object(Laravel\\Lumen\\Application), Array, Array, NULL)
#6 /app/vendor/laravel/lumen-framework/src/Concerns/RoutesRequests.php(391): Illuminate\\Container\\Container->call(Array, Array)
#7 /app/vendor/laravel/lumen-framework/src/Concerns/RoutesRequests.php(356): Laravel\\Lumen\\Application->callControllerCallable(Array, Array)
#8 /app/vendor/laravel/lumen-framework/src/Concerns/RoutesRequests.php(331): Laravel\\Lumen\\Application->callLumenController(Object(App\\Http\\Controllers\\ScheduleController), 'store', Array)
#9 /app/vendor/laravel/lumen-framework/src/Concerns/RoutesRequests.php(284): Laravel\\Lumen\\Application->callControllerAction(Array)
#10 /app/vendor/laravel/lumen-framework/src/Concerns/RoutesRequests.php(264): Laravel\\Lumen\\Application->callActionOnArrayBasedRoute(Array)
#11 /app/vendor/laravel/lumen-framework/src/Routing/Pipeline.php(48): Laravel\\Lumen\\Application->Laravel\\Lumen\\Concerns\\{closure}(Object(Laravel\\Lumen\\Http\\Request))
#12 /app/app/Http/Middleware/Authenticate.php(35): Laravel\\Lumen\\Routing\\Pipeline->Laravel\\Lumen\\Routing\\{closure}(Object(Laravel\\Lumen\\Http\\Request))
#13 /app/vendor/illuminate/pipeline/Pipeline.php(183): App\\Http\\Middleware\\Authenticate->handle(Object(Laravel\\Lumen\\Http\\Request), Object(Closure))
#14 /app/vendor/laravel/lumen-framework/src/Routing/Pipeline.php(30): Illuminate\\Pipeline\\Pipeline->Illuminate\\Pipeline\\{closure}(Object(Laravel\\Lumen\\Http\\Request))
#15 /app/vendor/illuminate/pipeline/Pipeline.php(119): Laravel\\Lumen\\Routing\\Pipeline->Laravel\\Lumen\\Routing\\{closure}(Object(Laravel\\Lumen\\Http\\Request))
#16 /app/vendor/laravel/lumen-framework/src/Concerns/RoutesRequests.php(428): Illuminate\\Pipeline\\Pipeline->then(Object(Closure))
#17 /app/vendor/laravel/lumen-framework/src/Concerns/RoutesRequests.php(263): Laravel\\Lumen\\Application->sendThroughPipeline(Array, Object(Closure))
#18 /app/vendor/laravel/lumen-framework/src/Concerns/RoutesRequests.php(239): Laravel\\Lumen\\Application->handleFoundRoute(Array)
#19 /app/vendor/laravel/lumen-framework/src/Concerns/RoutesRequests.php(174): Laravel\\Lumen\\Application->handleDispatcherResponse(Array)
#20 /app/vendor/laravel/lumen-framework/src/Routing/Pipeline.php(48): Laravel\\Lumen\\Application->Laravel\\Lumen\\Concerns\\{closure}(Object(Laravel\\Lumen\\Http\\Request))
#21 /app/app/Http/Middleware/CorsMiddleware.php(12): Laravel\\Lumen\\Routing\\Pipeline->Laravel\\Lumen\\Routing\\{closure}(Object(Laravel\\Lumen\\Http\\Request))
#22 /app/vendor/illuminate/pipeline/Pipeline.php(183): App\\Http\\Middleware\\CorsMiddleware->handle(Object(Laravel\\Lumen\\Http\\Request), Object(Closure))
#23 /app/vendor/laravel/lumen-framework/src/Routing/Pipeline.php(30): Illuminate\\Pipeline\\Pipeline->Illuminate\\Pipeline\\{closure}(Object(Laravel\\Lumen\\Http\\Request))
#24 /app/vendor/illuminate/pipeline/Pipeline.php(119): Laravel\\Lumen\\Routing\\Pipeline->Laravel\\Lumen\\Routing\\{closure}(Object(Laravel\\Lumen\\Http\\Request))
#25 /app/vendor/laravel/lumen-framework/src/Concerns/RoutesRequests.php(428): Illuminate\\Pipeline\\Pipeline->then(Object(Closure))
#26 /app/vendor/laravel/lumen-framework/src/Concerns/RoutesRequests.php(167): Laravel\\Lumen\\Application->sendThroughPipeline(Array, Object(Closure))
#27 /app/vendor/laravel/lumen-framework/src/Concerns/RoutesRequests.php(95): Laravel\\Lumen\\Application->dispatch(Object(Laravel\\Lumen\\Http\\Request))
#28 /app/vendor/laravel/lumen-framework/src/Testing/Concerns/MakesHttpRequests.php(361): Laravel\\Lumen\\Application->handle(Object(Laravel\\Lumen\\Http\\Request))
#29 /app/vendor/laravel/lumen-framework/src/Testing/Concerns/MakesHttpRequests.php(48): Laravel\\Lumen\\Testing\\TestCase->call('POST', '/api/v1/worksho...', Array, Array, Array, Array, '{\"days_of_week\"...')
#30 /app/tests/Feature/ScheduleControllerTest.php(82): Laravel\\Lumen\\Testing\\TestCase->json('POST', '/api/v1/worksho...', Array, Array)
#31 /app/vendor/phpunit/phpunit/src/Framework/TestCase.php(1548): Tests\\Feature\\ScheduleControllerTest->create_schedule_validates_days_of_week_range()
#32 /app/vendor/phpunit/phpunit/src/Framework/TestCase.php(686): PHPUnit\\Framework\\TestCase->runTest()
#33 /app/vendor/phpunit/phpunit/src/Framework/TestRunner.php(106): PHPUnit\\Framework\\TestCase->runBare()
#34 /app/vendor/phpunit/phpunit/src/Framework/TestCase.php(516): PHPUnit\\Framework\\TestRunner->run(Object(Tests\\Feature\\ScheduleControllerTest))
#35 /app/vendor/phpunit/phpunit/src/Framework/TestSuite.php(374): PHPUnit\\Framework\\TestCase->run()
#36 /app/vendor/phpunit/phpunit/src/Framework/TestSuite.php(374): PHPUnit\\Framework\\TestSuite->run()
#37 /app/vendor/phpunit/phpunit/src/Framework/TestSuite.php(374): PHPUnit\\Framework\\TestSuite->run()
#38 /app/vendor/phpunit/phpunit/src/TextUI/TestRunner.php(64): PHPUnit\\Framework\\TestSuite->run()
#39 /app/vendor/phpunit/phpunit/src/TextUI/Application.php(204): PHPUnit\\TextUI\\TestRunner->run(Object(PHPUnit\\TextUI\\Configuration\\Configuration), Object(PHPUnit\\Runner\\ResultCache\\DefaultResultCache), Object(PHPUnit\\Framework\\TestSuite))
#40 /app/vendor/phpunit/phpunit/phpunit(104): PHPUnit\\TextUI\\Application->run(Array)
#41 /app/vendor/bin/phpunit(122): include('/app/vendor/php...')
#42 {main}
"} 
[2026-04-26 19:41:34] local.ERROR: Unable to resolve dependency [Parameter #1 [ <required> string $workshopId ]] in class App\Http\Controllers\ScheduleController {"exception":"[object] (Illuminate\\Contracts\\Container\\BindingResolutionException(code: 0): Unable to resolve dependency [Parameter #1 [ <required> string $workshopId ]] in class App\\Http\\Controllers\\ScheduleController at /app/vendor/illuminate/container/BoundMethod.php:188)
[stacktrace]
#0 /app/vendor/illuminate/container/BoundMethod.php(124): Illuminate\\Container\\BoundMethod::addDependencyForCallParameter(Object(Laravel\\Lumen\\Application), Object(ReflectionParameter), Array, Array)
#1 /app/vendor/illuminate/container/BoundMethod.php(36): Illuminate\\Container\\BoundMethod::getMethodDependencies(Object(Laravel\\Lumen\\Application), Array, Array)
#2 /app/vendor/illuminate/container/Util.php(41): Illuminate\\Container\\BoundMethod::Illuminate\\Container\\{closure}()
#3 /app/vendor/illuminate/container/BoundMethod.php(93): Illuminate\\Container\\Util::unwrapIfClosure(Object(Closure))
#4 /app/vendor/illuminate/container/BoundMethod.php(35): Illuminate\\Container\\BoundMethod::callBoundMethod(Object(Laravel\\Lumen\\Application), Array, Object(Closure))
#5 /app/vendor/illuminate/container/Container.php(662): Illuminate\\Container\\BoundMethod::call(Object(Laravel\\Lumen\\Application), Array, Array, NULL)
#6 /app/vendor/laravel/lumen-framework/src/Concerns/RoutesRequests.php(391): Illuminate\\Container\\Container->call(Array, Array)
#7 /app/vendor/laravel/lumen-framework/src/Concerns/RoutesRequests.php(356): Laravel\\Lumen\\Application->callControllerCallable(Array, Array)
#8 /app/vendor/laravel/lumen-framework/src/Concerns/RoutesRequests.php(331): Laravel\\Lumen\\Application->callLumenController(Object(App\\Http\\Controllers\\ScheduleController), 'store', Array)
#9 /app/vendor/laravel/lumen-framework/src/Concerns/RoutesRequests.php(284): Laravel\\Lumen\\Application->callControllerAction(Array)
#10 /app/vendor/laravel/lumen-framework/src/Concerns/RoutesRequests.php(264): Laravel\\Lumen\\Application->callActionOnArrayBasedRoute(Array)
#11 /app/vendor/laravel/lumen-framework/src/Routing/Pipeline.php(48): Laravel\\Lumen\\Application->Laravel\\Lumen\\Concerns\\{closure}(Object(Laravel\\Lumen\\Http\\Request))
#12 /app/app/Http/Middleware/Authenticate.php(35): Laravel\\Lumen\\Routing\\Pipeline->Laravel\\Lumen\\Routing\\{closure}(Object(Laravel\\Lumen\\Http\\Request))
#13 /app/vendor/illuminate/pipeline/Pipeline.php(183): App\\Http\\Middleware\\Authenticate->handle(Object(Laravel\\Lumen\\Http\\Request), Object(Closure))
#14 /app/vendor/laravel/lumen-framework/src/Routing/Pipeline.php(30): Illuminate\\Pipeline\\Pipeline->Illuminate\\Pipeline\\{closure}(Object(Laravel\\Lumen\\Http\\Request))
#15 /app/vendor/illuminate/pipeline/Pipeline.php(119): Laravel\\Lumen\\Routing\\Pipeline->Laravel\\Lumen\\Routing\\{closure}(Object(Laravel\\Lumen\\Http\\Request))
#16 /app/vendor/laravel/lumen-framework/src/Concerns/RoutesRequests.php(428): Illuminate\\Pipeline\\Pipeline->then(Object(Closure))
#17 /app/vendor/laravel/lumen-framework/src/Concerns/RoutesRequests.php(263): Laravel\\Lumen\\Application->sendThroughPipeline(Array, Object(Closure))
#18 /app/vendor/laravel/lumen-framework/src/Concerns/RoutesRequests.php(239): Laravel\\Lumen\\Application->handleFoundRoute(Array)
#19 /app/vendor/laravel/lumen-framework/src/Concerns/RoutesRequests.php(174): Laravel\\Lumen\\Application->handleDispatcherResponse(Array)
#20 /app/vendor/laravel/lumen-framework/src/Routing/Pipeline.php(48): Laravel\\Lumen\\Application->Laravel\\Lumen\\Concerns\\{closure}(Object(Laravel\\Lumen\\Http\\Request))
#21 /app/app/Http/Middleware/CorsMiddleware.php(12): Laravel\\Lumen\\Routing\\Pipeline->Laravel\\Lumen\\Routing\\{closure}(Object(Laravel\\Lumen\\Http\\Request))
#22 /app/vendor/illuminate/pipeline/Pipeline.php(183): App\\Http\\Middleware\\CorsMiddleware->handle(Object(Laravel\\Lumen\\Http\\Request), Object(Closure))
#23 /app/vendor/laravel/lumen-framework/src/Routing/Pipeline.php(30): Illuminate\\Pipeline\\Pipeline->Illuminate\\Pipeline\\{closure}(Object(Laravel\\Lumen\\Http\\Request))
#24 /app/vendor/illuminate/pipeline/Pipeline.php(119): Laravel\\Lumen\\Routing\\Pipeline->Laravel\\Lumen\\Routing\\{closure}(Object(Laravel\\Lumen\\Http\\Request))
#25 /app/vendor/laravel/lumen-framework/src/Concerns/RoutesRequests.php(428): Illuminate\\Pipeline\\Pipeline->then(Object(Closure))
#26 /app/vendor/laravel/lumen-framework/src/Concerns/RoutesRequests.php(167): Laravel\\Lumen\\Application->sendThroughPipeline(Array, Object(Closure))
#27 /app/vendor/laravel/lumen-framework/src/Concerns/RoutesRequests.php(95): Laravel\\Lumen\\Application->dispatch(Object(Laravel\\Lumen\\Http\\Request))
#28 /app/vendor/laravel/lumen-framework/src/Testing/Concerns/MakesHttpRequests.php(361): Laravel\\Lumen\\Application->handle(Object(Laravel\\Lumen\\Http\\Request))
#29 /app/vendor/laravel/lumen-framework/src/Testing/Concerns/MakesHttpRequests.php(48): Laravel\\Lumen\\Testing\\TestCase->call('POST', '/api/v1/worksho...', Array, Array, Array, Array, '{\"days_of_week\"...')
#30 /app/tests/Feature/ScheduleControllerTest.php(39): Laravel\\Lumen\\Testing\\TestCase->json('POST', '/api/v1/worksho...', Array, Array)
#31 /app/vendor/phpunit/phpunit/src/Framework/TestCase.php(1548): Tests\\Feature\\ScheduleControllerTest->create_schedule_returns_201_for_owner()
#32 /app/vendor/phpunit/phpunit/src/Framework/TestCase.php(686): PHPUnit\\Framework\\TestCase->runTest()
#33 /app/vendor/phpunit/phpunit/src/Framework/TestRunner.php(106): PHPUnit\\Framework\\TestCase->runBare()
#34 /app/vendor/phpunit/phpunit/src/Framework/TestCase.php(516): PHPUnit\\Framework\\TestRunner->run(Object(Tests\\Feature\\ScheduleControllerTest))
#35 /app/vendor/phpunit/phpunit/src/Framework/TestSuite.php(374): PHPUnit\\Framework\\TestCase->run()
#36 /app/vendor/phpunit/phpunit/src/Framework/TestSuite.php(374): PHPUnit\\Framework\\TestSuite->run()
#37 /app/vendor/phpunit/phpunit/src/Framework/TestSuite.php(374): PHPUnit\\Framework\\TestSuite->run()
#38 /app/vendor/phpunit/phpunit/src/TextUI/TestRunner.php(64): PHPUnit\\Framework\\TestSuite->run()
#39 /app/vendor/phpunit/phpunit/src/TextUI/Application.php(204): PHPUnit\\TextUI\\TestRunner->run(Object(PHPUnit\\TextUI\\Configuration\\Configuration), Object(PHPUnit\\Runner\\ResultCache\\DefaultResultCache), Object(PHPUnit\\Framework\\TestSuite))
#40 /app/vendor/phpunit/phpunit/phpunit(104): PHPUnit\\TextUI\\Application->run(Array)
#41 /app/vendor/bin/phpunit(122): include('/app/vendor/php...')
#42 {main}
"} 
[2026-04-26 19:41:34] local.ERROR: Unable to resolve dependency [Parameter #1 [ <required> string $workshopId ]] in class App\Http\Controllers\ScheduleController {"exception":"[object] (Illuminate\\Contracts\\Container\\BindingResolutionException(code: 0): Unable to resolve dependency [Parameter #1 [ <required> string $workshopId ]] in class App\\Http\\Controllers\\ScheduleController at /app/vendor/illuminate/container/BoundMethod.php:188)
[stacktrace]
#0 /app/vendor/illuminate/container/BoundMethod.php(124): Illuminate\\Container\\BoundMethod::addDependencyForCallParameter(Object(Laravel\\Lumen\\Application), Object(ReflectionParameter), Array, Array)
#1 /app/vendor/illuminate/container/BoundMethod.php(36): Illuminate\\Container\\BoundMethod::getMethodDependencies(Object(Laravel\\Lumen\\Application), Array, Array)
#2 /app/vendor/illuminate/container/Util.php(41): Illuminate\\Container\\BoundMethod::Illuminate\\Container\\{closure}()
#3 /app/vendor/illuminate/container/BoundMethod.php(93): Illuminate\\Container\\Util::unwrapIfClosure(Object(Closure))
#4 /app/vendor/illuminate/container/BoundMethod.php(35): Illuminate\\Container\\BoundMethod::callBoundMethod(Object(Laravel\\Lumen\\Application), Array, Object(Closure))
#5 /app/vendor/illuminate/container/Container.php(662): Illuminate\\Container\\BoundMethod::call(Object(Laravel\\Lumen\\Application), Array, Array, NULL)
#6 /app/vendor/laravel/lumen-framework/src/Concerns/RoutesRequests.php(391): Illuminate\\Container\\Container->call(Array, Array)
#7 /app/vendor/laravel/lumen-framework/src/Concerns/RoutesRequests.php(356): Laravel\\Lumen\\Application->callControllerCallable(Array, Array)
#8 /app/vendor/laravel/lumen-framework/src/Concerns/RoutesRequests.php(331): Laravel\\Lumen\\Application->callLumenController(Object(App\\Http\\Controllers\\ScheduleController), 'store', Array)
#9 /app/vendor/laravel/lumen-framework/src/Concerns/RoutesRequests.php(284): Laravel\\Lumen\\Application->callControllerAction(Array)
#10 /app/vendor/laravel/lumen-framework/src/Concerns/RoutesRequests.php(264): Laravel\\Lumen\\Application->callActionOnArrayBasedRoute(Array)
#11 /app/vendor/laravel/lumen-framework/src/Routing/Pipeline.php(48): Laravel\\Lumen\\Application->Laravel\\Lumen\\Concerns\\{closure}(Object(Laravel\\Lumen\\Http\\Request))
#12 /app/app/Http/Middleware/Authenticate.php(35): Laravel\\Lumen\\Routing\\Pipeline->Laravel\\Lumen\\Routing\\{closure}(Object(Laravel\\Lumen\\Http\\Request))
#13 /app/vendor/illuminate/pipeline/Pipeline.php(183): App\\Http\\Middleware\\Authenticate->handle(Object(Laravel\\Lumen\\Http\\Request), Object(Closure))
#14 /app/vendor/laravel/lumen-framework/src/Routing/Pipeline.php(30): Illuminate\\Pipeline\\Pipeline->Illuminate\\Pipeline\\{closure}(Object(Laravel\\Lumen\\Http\\Request))
#15 /app/vendor/illuminate/pipeline/Pipeline.php(119): Laravel\\Lumen\\Routing\\Pipeline->Laravel\\Lumen\\Routing\\{closure}(Object(Laravel\\Lumen\\Http\\Request))
#16 /app/vendor/laravel/lumen-framework/src/Concerns/RoutesRequests.php(428): Illuminate\\Pipeline\\Pipeline->then(Object(Closure))
#17 /app/vendor/laravel/lumen-framework/src/Concerns/RoutesRequests.php(263): Laravel\\Lumen\\Application->sendThroughPipeline(Array, Object(Closure))
#18 /app/vendor/laravel/lumen-framework/src/Concerns/RoutesRequests.php(239): Laravel\\Lumen\\Application->handleFoundRoute(Array)
#19 /app/vendor/laravel/lumen-framework/src/Concerns/RoutesRequests.php(174): Laravel\\Lumen\\Application->handleDispatcherResponse(Array)
#20 /app/vendor/laravel/lumen-framework/src/Routing/Pipeline.php(48): Laravel\\Lumen\\Application->Laravel\\Lumen\\Concerns\\{closure}(Object(Laravel\\Lumen\\Http\\Request))
#21 /app/app/Http/Middleware/CorsMiddleware.php(12): Laravel\\Lumen\\Routing\\Pipeline->Laravel\\Lumen\\Routing\\{closure}(Object(Laravel\\Lumen\\Http\\Request))
#22 /app/vendor/illuminate/pipeline/Pipeline.php(183): App\\Http\\Middleware\\CorsMiddleware->handle(Object(Laravel\\Lumen\\Http\\Request), Object(Closure))
#23 /app/vendor/laravel/lumen-framework/src/Routing/Pipeline.php(30): Illuminate\\Pipeline\\Pipeline->Illuminate\\Pipeline\\{closure}(Object(Laravel\\Lumen\\Http\\Request))
#24 /app/vendor/illuminate/pipeline/Pipeline.php(119): Laravel\\Lumen\\Routing\\Pipeline->Laravel\\Lumen\\Routing\\{closure}(Object(Laravel\\Lumen\\Http\\Request))
#25 /app/vendor/laravel/lumen-framework/src/Concerns/RoutesRequests.php(428): Illuminate\\Pipeline\\Pipeline->then(Object(Closure))
#26 /app/vendor/laravel/lumen-framework/src/Concerns/RoutesRequests.php(167): Laravel\\Lumen\\Application->sendThroughPipeline(Array, Object(Closure))
#27 /app/vendor/laravel/lumen-framework/src/Concerns/RoutesRequests.php(95): Laravel\\Lumen\\Application->dispatch(Object(Laravel\\Lumen\\Http\\Request))
#28 /app/vendor/laravel/lumen-framework/src/Testing/Concerns/MakesHttpRequests.php(361): Laravel\\Lumen\\Application->handle(Object(Laravel\\Lumen\\Http\\Request))
#29 /app/vendor/laravel/lumen-framework/src/Testing/Concerns/MakesHttpRequests.php(48): Laravel\\Lumen\\Testing\\TestCase->call('POST', '/api/v1/worksho...', Array, Array, Array, Array, '{\"days_of_week\"...')
#30 /app/tests/Feature/ScheduleControllerTest.php(64): Laravel\\Lumen\\Testing\\TestCase->json('POST', '/api/v1/worksho...', Array, Array)
#31 /app/vendor/phpunit/phpunit/src/Framework/TestCase.php(1548): Tests\\Feature\\ScheduleControllerTest->create_schedule_returns_403_for_non_owner()
#32 /app/vendor/phpunit/phpunit/src/Framework/TestCase.php(686): PHPUnit\\Framework\\TestCase->runTest()
#33 /app/vendor/phpunit/phpunit/src/Framework/TestRunner.php(106): PHPUnit\\Framework\\TestCase->runBare()
#34 /app/vendor/phpunit/phpunit/src/Framework/TestCase.php(516): PHPUnit\\Framework\\TestRunner->run(Object(Tests\\Feature\\ScheduleControllerTest))
#35 /app/vendor/phpunit/phpunit/src/Framework/TestSuite.php(374): PHPUnit\\Framework\\TestCase->run()
#36 /app/vendor/phpunit/phpunit/src/Framework/TestSuite.php(374): PHPUnit\\Framework\\TestSuite->run()
#37 /app/vendor/phpunit/phpunit/src/Framework/TestSuite.php(374): PHPUnit\\Framework\\TestSuite->run()
#38 /app/vendor/phpunit/phpunit/src/TextUI/TestRunner.php(64): PHPUnit\\Framework\\TestSuite->run()
#39 /app/vendor/phpunit/phpunit/src/TextUI/Application.php(204): PHPUnit\\TextUI\\TestRunner->run(Object(PHPUnit\\TextUI\\Configuration\\Configuration), Object(PHPUnit\\Runner\\ResultCache\\DefaultResultCache), Object(PHPUnit\\Framework\\TestSuite))
#40 /app/vendor/phpunit/phpunit/phpunit(104): PHPUnit\\TextUI\\Application->run(Array)
#41 /app/vendor/bin/phpunit(122): include('/app/vendor/php...')
#42 {main}
"} 
[2026-04-26 19:41:34] local.ERROR: Unable to resolve dependency [Parameter #1 [ <required> string $workshopId ]] in class App\Http\Controllers\ScheduleController {"exception":"[object] (Illuminate\\Contracts\\Container\\BindingResolutionException(code: 0): Unable to resolve dependency [Parameter #1 [ <required> string $workshopId ]] in class App\\Http\\Controllers\\ScheduleController at /app/vendor/illuminate/container/BoundMethod.php:188)
[stacktrace]
#0 /app/vendor/illuminate/container/BoundMethod.php(124): Illuminate\\Container\\BoundMethod::addDependencyForCallParameter(Object(Laravel\\Lumen\\Application), Object(ReflectionParameter), Array, Array)
#1 /app/vendor/illuminate/container/BoundMethod.php(36): Illuminate\\Container\\BoundMethod::getMethodDependencies(Object(Laravel\\Lumen\\Application), Array, Array)
#2 /app/vendor/illuminate/container/Util.php(41): Illuminate\\Container\\BoundMethod::Illuminate\\Container\\{closure}()
#3 /app/vendor/illuminate/container/BoundMethod.php(93): Illuminate\\Container\\Util::unwrapIfClosure(Object(Closure))
#4 /app/vendor/illuminate/container/BoundMethod.php(35): Illuminate\\Container\\BoundMethod::callBoundMethod(Object(Laravel\\Lumen\\Application), Array, Object(Closure))
#5 /app/vendor/illuminate/container/Container.php(662): Illuminate\\Container\\BoundMethod::call(Object(Laravel\\Lumen\\Application), Array, Array, NULL)
#6 /app/vendor/laravel/lumen-framework/src/Concerns/RoutesRequests.php(391): Illuminate\\Container\\Container->call(Array, Array)
#7 /app/vendor/laravel/lumen-framework/src/Concerns/RoutesRequests.php(356): Laravel\\Lumen\\Application->callControllerCallable(Array, Array)
#8 /app/vendor/laravel/lumen-framework/src/Concerns/RoutesRequests.php(331): Laravel\\Lumen\\Application->callLumenController(Object(App\\Http\\Controllers\\ScheduleController), 'store', Array)
#9 /app/vendor/laravel/lumen-framework/src/Concerns/RoutesRequests.php(284): Laravel\\Lumen\\Application->callControllerAction(Array)
#10 /app/vendor/laravel/lumen-framework/src/Concerns/RoutesRequests.php(264): Laravel\\Lumen\\Application->callActionOnArrayBasedRoute(Array)
#11 /app/vendor/laravel/lumen-framework/src/Routing/Pipeline.php(48): Laravel\\Lumen\\Application->Laravel\\Lumen\\Concerns\\{closure}(Object(Laravel\\Lumen\\Http\\Request))
#12 /app/app/Http/Middleware/Authenticate.php(35): Laravel\\Lumen\\Routing\\Pipeline->Laravel\\Lumen\\Routing\\{closure}(Object(Laravel\\Lumen\\Http\\Request))
#13 /app/vendor/illuminate/pipeline/Pipeline.php(183): App\\Http\\Middleware\\Authenticate->handle(Object(Laravel\\Lumen\\Http\\Request), Object(Closure))
#14 /app/vendor/laravel/lumen-framework/src/Routing/Pipeline.php(30): Illuminate\\Pipeline\\Pipeline->Illuminate\\Pipeline\\{closure}(Object(Laravel\\Lumen\\Http\\Request))
#15 /app/vendor/illuminate/pipeline/Pipeline.php(119): Laravel\\Lumen\\Routing\\Pipeline->Laravel\\Lumen\\Routing\\{closure}(Object(Laravel\\Lumen\\Http\\Request))
#16 /app/vendor/laravel/lumen-framework/src/Concerns/RoutesRequests.php(428): Illuminate\\Pipeline\\Pipeline->then(Object(Closure))
#17 /app/vendor/laravel/lumen-framework/src/Concerns/RoutesRequests.php(263): Laravel\\Lumen\\Application->sendThroughPipeline(Array, Object(Closure))
#18 /app/vendor/laravel/lumen-framework/src/Concerns/RoutesRequests.php(239): Laravel\\Lumen\\Application->handleFoundRoute(Array)
#19 /app/vendor/laravel/lumen-framework/src/Concerns/RoutesRequests.php(174): Laravel\\Lumen\\Application->handleDispatcherResponse(Array)
#20 /app/vendor/laravel/lumen-framework/src/Routing/Pipeline.php(48): Laravel\\Lumen\\Application->Laravel\\Lumen\\Concerns\\{closure}(Object(Laravel\\Lumen\\Http\\Request))
#21 /app/app/Http/Middleware/CorsMiddleware.php(12): Laravel\\Lumen\\Routing\\Pipeline->Laravel\\Lumen\\Routing\\{closure}(Object(Laravel\\Lumen\\Http\\Request))
#22 /app/vendor/illuminate/pipeline/Pipeline.php(183): App\\Http\\Middleware\\CorsMiddleware->handle(Object(Laravel\\Lumen\\Http\\Request), Object(Closure))
#23 /app/vendor/laravel/lumen-framework/src/Routing/Pipeline.php(30): Illuminate\\Pipeline\\Pipeline->Illuminate\\Pipeline\\{closure}(Object(Laravel\\Lumen\\Http\\Request))
#24 /app/vendor/illuminate/pipeline/Pipeline.php(119): Laravel\\Lumen\\Routing\\Pipeline->Laravel\\Lumen\\Routing\\{closure}(Object(Laravel\\Lumen\\Http\\Request))
#25 /app/vendor/laravel/lumen-framework/src/Concerns/RoutesRequests.php(428): Illuminate\\Pipeline\\Pipeline->then(Object(Closure))
#26 /app/vendor/laravel/lumen-framework/src/Concerns/RoutesRequests.php(167): Laravel\\Lumen\\Application->sendThroughPipeline(Array, Object(Closure))
#27 /app/vendor/laravel/lumen-framework/src/Concerns/RoutesRequests.php(95): Laravel\\Lumen\\Application->dispatch(Object(Laravel\\Lumen\\Http\\Request))
#28 /app/vendor/laravel/lumen-framework/src/Testing/Concerns/MakesHttpRequests.php(361): Laravel\\Lumen\\Application->handle(Object(Laravel\\Lumen\\Http\\Request))
#29 /app/vendor/laravel/lumen-framework/src/Testing/Concerns/MakesHttpRequests.php(48): Laravel\\Lumen\\Testing\\TestCase->call('POST', '/api/v1/worksho...', Array, Array, Array, Array, '{\"days_of_week\"...')
#30 /app/tests/Feature/ScheduleControllerTest.php(82): Laravel\\Lumen\\Testing\\TestCase->json('POST', '/api/v1/worksho...', Array, Array)
#31 /app/vendor/phpunit/phpunit/src/Framework/TestCase.php(1548): Tests\\Feature\\ScheduleControllerTest->create_schedule_validates_days_of_week_range()
#32 /app/vendor/phpunit/phpunit/src/Framework/TestCase.php(686): PHPUnit\\Framework\\TestCase->runTest()
#33 /app/vendor/phpunit/phpunit/src/Framework/TestRunner.php(106): PHPUnit\\Framework\\TestCase->runBare()
#34 /app/vendor/phpunit/phpunit/src/Framework/TestCase.php(516): PHPUnit\\Framework\\TestRunner->run(Object(Tests\\Feature\\ScheduleControllerTest))
#35 /app/vendor/phpunit/phpunit/src/Framework/TestSuite.php(374): PHPUnit\\Framework\\TestCase->run()
#36 /app/vendor/phpunit/phpunit/src/Framework/TestSuite.php(374): PHPUnit\\Framework\\TestSuite->run()
#37 /app/vendor/phpunit/phpunit/src/Framework/TestSuite.php(374): PHPUnit\\Framework\\TestSuite->run()
#38 /app/vendor/phpunit/phpunit/src/TextUI/TestRunner.php(64): PHPUnit\\Framework\\TestSuite->run()
#39 /app/vendor/phpunit/phpunit/src/TextUI/Application.php(204): PHPUnit\\TextUI\\TestRunner->run(Object(PHPUnit\\TextUI\\Configuration\\Configuration), Object(PHPUnit\\Runner\\ResultCache\\DefaultResultCache), Object(PHPUnit\\Framework\\TestSuite))
#40 /app/vendor/phpunit/phpunit/phpunit(104): PHPUnit\\TextUI\\Application->run(Array)
#41 /app/vendor/bin/phpunit(122): include('/app/vendor/php...')
#42 {main}
"} 
[2026-04-26 19:46:41] local.ERROR: Unable to resolve dependency [Parameter #1 [ <required> string $workshopId ]] in class App\Http\Controllers\ScheduleController {"exception":"[object] (Illuminate\\Contracts\\Container\\BindingResolutionException(code: 0): Unable to resolve dependency [Parameter #1 [ <required> string $workshopId ]] in class App\\Http\\Controllers\\ScheduleController at /app/vendor/illuminate/container/BoundMethod.php:188)
[stacktrace]
#0 /app/vendor/illuminate/container/BoundMethod.php(124): Illuminate\\Container\\BoundMethod::addDependencyForCallParameter(Object(Laravel\\Lumen\\Application), Object(ReflectionParameter), Array, Array)
#1 /app/vendor/illuminate/container/BoundMethod.php(36): Illuminate\\Container\\BoundMethod::getMethodDependencies(Object(Laravel\\Lumen\\Application), Array, Array)
#2 /app/vendor/illuminate/container/Util.php(41): Illuminate\\Container\\BoundMethod::Illuminate\\Container\\{closure}()
#3 /app/vendor/illuminate/container/BoundMethod.php(93): Illuminate\\Container\\Util::unwrapIfClosure(Object(Closure))
#4 /app/vendor/illuminate/container/BoundMethod.php(35): Illuminate\\Container\\BoundMethod::callBoundMethod(Object(Laravel\\Lumen\\Application), Array, Object(Closure))
#5 /app/vendor/illuminate/container/Container.php(662): Illuminate\\Container\\BoundMethod::call(Object(Laravel\\Lumen\\Application), Array, Array, NULL)
#6 /app/vendor/laravel/lumen-framework/src/Concerns/RoutesRequests.php(391): Illuminate\\Container\\Container->call(Array, Array)
#7 /app/vendor/laravel/lumen-framework/src/Concerns/RoutesRequests.php(356): Laravel\\Lumen\\Application->callControllerCallable(Array, Array)
#8 /app/vendor/laravel/lumen-framework/src/Concerns/RoutesRequests.php(331): Laravel\\Lumen\\Application->callLumenController(Object(App\\Http\\Controllers\\ScheduleController), 'store', Array)
#9 /app/vendor/laravel/lumen-framework/src/Concerns/RoutesRequests.php(284): Laravel\\Lumen\\Application->callControllerAction(Array)
#10 /app/vendor/laravel/lumen-framework/src/Concerns/RoutesRequests.php(264): Laravel\\Lumen\\Application->callActionOnArrayBasedRoute(Array)
#11 /app/vendor/laravel/lumen-framework/src/Routing/Pipeline.php(48): Laravel\\Lumen\\Application->Laravel\\Lumen\\Concerns\\{closure}(Object(Laravel\\Lumen\\Http\\Request))
#12 /app/app/Http/Middleware/Authenticate.php(35): Laravel\\Lumen\\Routing\\Pipeline->Laravel\\Lumen\\Routing\\{closure}(Object(Laravel\\Lumen\\Http\\Request))
#13 /app/vendor/illuminate/pipeline/Pipeline.php(183): App\\Http\\Middleware\\Authenticate->handle(Object(Laravel\\Lumen\\Http\\Request), Object(Closure))
#14 /app/vendor/laravel/lumen-framework/src/Routing/Pipeline.php(30): Illuminate\\Pipeline\\Pipeline->Illuminate\\Pipeline\\{closure}(Object(Laravel\\Lumen\\Http\\Request))
#15 /app/vendor/illuminate/pipeline/Pipeline.php(119): Laravel\\Lumen\\Routing\\Pipeline->Laravel\\Lumen\\Routing\\{closure}(Object(Laravel\\Lumen\\Http\\Request))
#16 /app/vendor/laravel/lumen-framework/src/Concerns/RoutesRequests.php(428): Illuminate\\Pipeline\\Pipeline->then(Object(Closure))
#17 /app/vendor/laravel/lumen-framework/src/Concerns/RoutesRequests.php(263): Laravel\\Lumen\\Application->sendThroughPipeline(Array, Object(Closure))
#18 /app/vendor/laravel/lumen-framework/src/Concerns/RoutesRequests.php(239): Laravel\\Lumen\\Application->handleFoundRoute(Array)
#19 /app/vendor/laravel/lumen-framework/src/Concerns/RoutesRequests.php(174): Laravel\\Lumen\\Application->handleDispatcherResponse(Array)
#20 /app/vendor/laravel/lumen-framework/src/Routing/Pipeline.php(48): Laravel\\Lumen\\Application->Laravel\\Lumen\\Concerns\\{closure}(Object(Laravel\\Lumen\\Http\\Request))
#21 /app/app/Http/Middleware/CorsMiddleware.php(12): Laravel\\Lumen\\Routing\\Pipeline->Laravel\\Lumen\\Routing\\{closure}(Object(Laravel\\Lumen\\Http\\Request))
#22 /app/vendor/illuminate/pipeline/Pipeline.php(183): App\\Http\\Middleware\\CorsMiddleware->handle(Object(Laravel\\Lumen\\Http\\Request), Object(Closure))
#23 /app/vendor/laravel/lumen-framework/src/Routing/Pipeline.php(30): Illuminate\\Pipeline\\Pipeline->Illuminate\\Pipeline\\{closure}(Object(Laravel\\Lumen\\Http\\Request))
#24 /app/vendor/illuminate/pipeline/Pipeline.php(119): Laravel\\Lumen\\Routing\\Pipeline->Laravel\\Lumen\\Routing\\{closure}(Object(Laravel\\Lumen\\Http\\Request))
#25 /app/vendor/laravel/lumen-framework/src/Concerns/RoutesRequests.php(428): Illuminate\\Pipeline\\Pipeline->then(Object(Closure))
#26 /app/vendor/laravel/lumen-framework/src/Concerns/RoutesRequests.php(167): Laravel\\Lumen\\Application->sendThroughPipeline(Array, Object(Closure))
#27 /app/vendor/laravel/lumen-framework/src/Concerns/RoutesRequests.php(95): Laravel\\Lumen\\Application->dispatch(Object(Laravel\\Lumen\\Http\\Request))
#28 /app/vendor/laravel/lumen-framework/src/Testing/Concerns/MakesHttpRequests.php(361): Laravel\\Lumen\\Application->handle(Object(Laravel\\Lumen\\Http\\Request))
#29 /app/vendor/laravel/lumen-framework/src/Testing/Concerns/MakesHttpRequests.php(48): Laravel\\Lumen\\Testing\\TestCase->call('POST', '/api/v1/worksho...', Array, Array, Array, Array, '{\"days_of_week\"...')
#30 /app/tests/Feature/ScheduleControllerTest.php(39): Laravel\\Lumen\\Testing\\TestCase->json('POST', '/api/v1/worksho...', Array, Array)
#31 /app/vendor/phpunit/phpunit/src/Framework/TestCase.php(1548): Tests\\Feature\\ScheduleControllerTest->create_schedule_returns_201_for_owner()
#32 /app/vendor/phpunit/phpunit/src/Framework/TestCase.php(686): PHPUnit\\Framework\\TestCase->runTest()
#33 /app/vendor/phpunit/phpunit/src/Framework/TestRunner.php(106): PHPUnit\\Framework\\TestCase->runBare()
#34 /app/vendor/phpunit/phpunit/src/Framework/TestCase.php(516): PHPUnit\\Framework\\TestRunner->run(Object(Tests\\Feature\\ScheduleControllerTest))
#35 /app/vendor/phpunit/phpunit/src/Framework/TestSuite.php(374): PHPUnit\\Framework\\TestCase->run()
#36 /app/vendor/phpunit/phpunit/src/Framework/TestSuite.php(374): PHPUnit\\Framework\\TestSuite->run()
#37 /app/vendor/phpunit/phpunit/src/Framework/TestSuite.php(374): PHPUnit\\Framework\\TestSuite->run()
#38 /app/vendor/phpunit/phpunit/src/TextUI/TestRunner.php(64): PHPUnit\\Framework\\TestSuite->run()
#39 /app/vendor/phpunit/phpunit/src/TextUI/Application.php(204): PHPUnit\\TextUI\\TestRunner->run(Object(PHPUnit\\TextUI\\Configuration\\Configuration), Object(PHPUnit\\Runner\\ResultCache\\DefaultResultCache), Object(PHPUnit\\Framework\\TestSuite))
#40 /app/vendor/phpunit/phpunit/phpunit(104): PHPUnit\\TextUI\\Application->run(Array)
#41 /app/vendor/bin/phpunit(122): include('/app/vendor/php...')
#42 {main}
"} 
[2026-04-26 19:46:41] local.ERROR: Unable to resolve dependency [Parameter #1 [ <required> string $workshopId ]] in class App\Http\Controllers\ScheduleController {"exception":"[object] (Illuminate\\Contracts\\Container\\BindingResolutionException(code: 0): Unable to resolve dependency [Parameter #1 [ <required> string $workshopId ]] in class App\\Http\\Controllers\\ScheduleController at /app/vendor/illuminate/container/BoundMethod.php:188)
[stacktrace]
#0 /app/vendor/illuminate/container/BoundMethod.php(124): Illuminate\\Container\\BoundMethod::addDependencyForCallParameter(Object(Laravel\\Lumen\\Application), Object(ReflectionParameter), Array, Array)
#1 /app/vendor/illuminate/container/BoundMethod.php(36): Illuminate\\Container\\BoundMethod::getMethodDependencies(Object(Laravel\\Lumen\\Application), Array, Array)
#2 /app/vendor/illuminate/container/Util.php(41): Illuminate\\Container\\BoundMethod::Illuminate\\Container\\{closure}()
#3 /app/vendor/illuminate/container/BoundMethod.php(93): Illuminate\\Container\\Util::unwrapIfClosure(Object(Closure))
#4 /app/vendor/illuminate/container/BoundMethod.php(35): Illuminate\\Container\\BoundMethod::callBoundMethod(Object(Laravel\\Lumen\\Application), Array, Object(Closure))
#5 /app/vendor/illuminate/container/Container.php(662): Illuminate\\Container\\BoundMethod::call(Object(Laravel\\Lumen\\Application), Array, Array, NULL)
#6 /app/vendor/laravel/lumen-framework/src/Concerns/RoutesRequests.php(391): Illuminate\\Container\\Container->call(Array, Array)
#7 /app/vendor/laravel/lumen-framework/src/Concerns/RoutesRequests.php(356): Laravel\\Lumen\\Application->callControllerCallable(Array, Array)
#8 /app/vendor/laravel/lumen-framework/src/Concerns/RoutesRequests.php(331): Laravel\\Lumen\\Application->callLumenController(Object(App\\Http\\Controllers\\ScheduleController), 'store', Array)
#9 /app/vendor/laravel/lumen-framework/src/Concerns/RoutesRequests.php(284): Laravel\\Lumen\\Application->callControllerAction(Array)
#10 /app/vendor/laravel/lumen-framework/src/Concerns/RoutesRequests.php(264): Laravel\\Lumen\\Application->callActionOnArrayBasedRoute(Array)
#11 /app/vendor/laravel/lumen-framework/src/Routing/Pipeline.php(48): Laravel\\Lumen\\Application->Laravel\\Lumen\\Concerns\\{closure}(Object(Laravel\\Lumen\\Http\\Request))
#12 /app/app/Http/Middleware/Authenticate.php(35): Laravel\\Lumen\\Routing\\Pipeline->Laravel\\Lumen\\Routing\\{closure}(Object(Laravel\\Lumen\\Http\\Request))
#13 /app/vendor/illuminate/pipeline/Pipeline.php(183): App\\Http\\Middleware\\Authenticate->handle(Object(Laravel\\Lumen\\Http\\Request), Object(Closure))
#14 /app/vendor/laravel/lumen-framework/src/Routing/Pipeline.php(30): Illuminate\\Pipeline\\Pipeline->Illuminate\\Pipeline\\{closure}(Object(Laravel\\Lumen\\Http\\Request))
#15 /app/vendor/illuminate/pipeline/Pipeline.php(119): Laravel\\Lumen\\Routing\\Pipeline->Laravel\\Lumen\\Routing\\{closure}(Object(Laravel\\Lumen\\Http\\Request))
#16 /app/vendor/laravel/lumen-framework/src/Concerns/RoutesRequests.php(428): Illuminate\\Pipeline\\Pipeline->then(Object(Closure))
#17 /app/vendor/laravel/lumen-framework/src/Concerns/RoutesRequests.php(263): Laravel\\Lumen\\Application->sendThroughPipeline(Array, Object(Closure))
#18 /app/vendor/laravel/lumen-framework/src/Concerns/RoutesRequests.php(239): Laravel\\Lumen\\Application->handleFoundRoute(Array)
#19 /app/vendor/laravel/lumen-framework/src/Concerns/RoutesRequests.php(174): Laravel\\Lumen\\Application->handleDispatcherResponse(Array)
#20 /app/vendor/laravel/lumen-framework/src/Routing/Pipeline.php(48): Laravel\\Lumen\\Application->Laravel\\Lumen\\Concerns\\{closure}(Object(Laravel\\Lumen\\Http\\Request))
#21 /app/app/Http/Middleware/CorsMiddleware.php(12): Laravel\\Lumen\\Routing\\Pipeline->Laravel\\Lumen\\Routing\\{closure}(Object(Laravel\\Lumen\\Http\\Request))
#22 /app/vendor/illuminate/pipeline/Pipeline.php(183): App\\Http\\Middleware\\CorsMiddleware->handle(Object(Laravel\\Lumen\\Http\\Request), Object(Closure))
#23 /app/vendor/laravel/lumen-framework/src/Routing/Pipeline.php(30): Illuminate\\Pipeline\\Pipeline->Illuminate\\Pipeline\\{closure}(Object(Laravel\\Lumen\\Http\\Request))
#24 /app/vendor/illuminate/pipeline/Pipeline.php(119): Laravel\\Lumen\\Routing\\Pipeline->Laravel\\Lumen\\Routing\\{closure}(Object(Laravel\\Lumen\\Http\\Request))
#25 /app/vendor/laravel/lumen-framework/src/Concerns/RoutesRequests.php(428): Illuminate\\Pipeline\\Pipeline->then(Object(Closure))
#26 /app/vendor/laravel/lumen-framework/src/Concerns/RoutesRequests.php(167): Laravel\\Lumen\\Application->sendThroughPipeline(Array, Object(Closure))
#27 /app/vendor/laravel/lumen-framework/src/Concerns/RoutesRequests.php(95): Laravel\\Lumen\\Application->dispatch(Object(Laravel\\Lumen\\Http\\Request))
#28 /app/vendor/laravel/lumen-framework/src/Testing/Concerns/MakesHttpRequests.php(361): Laravel\\Lumen\\Application->handle(Object(Laravel\\Lumen\\Http\\Request))
#29 /app/vendor/laravel/lumen-framework/src/Testing/Concerns/MakesHttpRequests.php(48): Laravel\\Lumen\\Testing\\TestCase->call('POST', '/api/v1/worksho...', Array, Array, Array, Array, '{\"days_of_week\"...')
#30 /app/tests/Feature/ScheduleControllerTest.php(64): Laravel\\Lumen\\Testing\\TestCase->json('POST', '/api/v1/worksho...', Array, Array)
#31 /app/vendor/phpunit/phpunit/src/Framework/TestCase.php(1548): Tests\\Feature\\ScheduleControllerTest->create_schedule_returns_403_for_non_owner()
#32 /app/vendor/phpunit/phpunit/src/Framework/TestCase.php(686): PHPUnit\\Framework\\TestCase->runTest()
#33 /app/vendor/phpunit/phpunit/src/Framework/TestRunner.php(106): PHPUnit\\Framework\\TestCase->runBare()
#34 /app/vendor/phpunit/phpunit/src/Framework/TestCase.php(516): PHPUnit\\Framework\\TestRunner->run(Object(Tests\\Feature\\ScheduleControllerTest))
#35 /app/vendor/phpunit/phpunit/src/Framework/TestSuite.php(374): PHPUnit\\Framework\\TestCase->run()
#36 /app/vendor/phpunit/phpunit/src/Framework/TestSuite.php(374): PHPUnit\\Framework\\TestSuite->run()
#37 /app/vendor/phpunit/phpunit/src/Framework/TestSuite.php(374): PHPUnit\\Framework\\TestSuite->run()
#38 /app/vendor/phpunit/phpunit/src/TextUI/TestRunner.php(64): PHPUnit\\Framework\\TestSuite->run()
#39 /app/vendor/phpunit/phpunit/src/TextUI/Application.php(204): PHPUnit\\TextUI\\TestRunner->run(Object(PHPUnit\\TextUI\\Configuration\\Configuration), Object(PHPUnit\\Runner\\ResultCache\\DefaultResultCache), Object(PHPUnit\\Framework\\TestSuite))
#40 /app/vendor/phpunit/phpunit/phpunit(104): PHPUnit\\TextUI\\Application->run(Array)
#41 /app/vendor/bin/phpunit(122): include('/app/vendor/php...')
#42 {main}
"} 
[2026-04-26 19:46:41] local.ERROR: Unable to resolve dependency [Parameter #1 [ <required> string $workshopId ]] in class App\Http\Controllers\ScheduleController {"exception":"[object] (Illuminate\\Contracts\\Container\\BindingResolutionException(code: 0): Unable to resolve dependency [Parameter #1 [ <required> string $workshopId ]] in class App\\Http\\Controllers\\ScheduleController at /app/vendor/illuminate/container/BoundMethod.php:188)
[stacktrace]
#0 /app/vendor/illuminate/container/BoundMethod.php(124): Illuminate\\Container\\BoundMethod::addDependencyForCallParameter(Object(Laravel\\Lumen\\Application), Object(ReflectionParameter), Array, Array)
#1 /app/vendor/illuminate/container/BoundMethod.php(36): Illuminate\\Container\\BoundMethod::getMethodDependencies(Object(Laravel\\Lumen\\Application), Array, Array)
#2 /app/vendor/illuminate/container/Util.php(41): Illuminate\\Container\\BoundMethod::Illuminate\\Container\\{closure}()
#3 /app/vendor/illuminate/container/BoundMethod.php(93): Illuminate\\Container\\Util::unwrapIfClosure(Object(Closure))
#4 /app/vendor/illuminate/container/BoundMethod.php(35): Illuminate\\Container\\BoundMethod::callBoundMethod(Object(Laravel\\Lumen\\Application), Array, Object(Closure))
#5 /app/vendor/illuminate/container/Container.php(662): Illuminate\\Container\\BoundMethod::call(Object(Laravel\\Lumen\\Application), Array, Array, NULL)
#6 /app/vendor/laravel/lumen-framework/src/Concerns/RoutesRequests.php(391): Illuminate\\Container\\Container->call(Array, Array)
#7 /app/vendor/laravel/lumen-framework/src/Concerns/RoutesRequests.php(356): Laravel\\Lumen\\Application->callControllerCallable(Array, Array)
#8 /app/vendor/laravel/lumen-framework/src/Concerns/RoutesRequests.php(331): Laravel\\Lumen\\Application->callLumenController(Object(App\\Http\\Controllers\\ScheduleController), 'store', Array)
#9 /app/vendor/laravel/lumen-framework/src/Concerns/RoutesRequests.php(284): Laravel\\Lumen\\Application->callControllerAction(Array)
#10 /app/vendor/laravel/lumen-framework/src/Concerns/RoutesRequests.php(264): Laravel\\Lumen\\Application->callActionOnArrayBasedRoute(Array)
#11 /app/vendor/laravel/lumen-framework/src/Routing/Pipeline.php(48): Laravel\\Lumen\\Application->Laravel\\Lumen\\Concerns\\{closure}(Object(Laravel\\Lumen\\Http\\Request))
#12 /app/app/Http/Middleware/Authenticate.php(35): Laravel\\Lumen\\Routing\\Pipeline->Laravel\\Lumen\\Routing\\{closure}(Object(Laravel\\Lumen\\Http\\Request))
#13 /app/vendor/illuminate/pipeline/Pipeline.php(183): App\\Http\\Middleware\\Authenticate->handle(Object(Laravel\\Lumen\\Http\\Request), Object(Closure))
#14 /app/vendor/laravel/lumen-framework/src/Routing/Pipeline.php(30): Illuminate\\Pipeline\\Pipeline->Illuminate\\Pipeline\\{closure}(Object(Laravel\\Lumen\\Http\\Request))
#15 /app/vendor/illuminate/pipeline/Pipeline.php(119): Laravel\\Lumen\\Routing\\Pipeline->Laravel\\Lumen\\Routing\\{closure}(Object(Laravel\\Lumen\\Http\\Request))
#16 /app/vendor/laravel/lumen-framework/src/Concerns/RoutesRequests.php(428): Illuminate\\Pipeline\\Pipeline->then(Object(Closure))
#17 /app/vendor/laravel/lumen-framework/src/Concerns/RoutesRequests.php(263): Laravel\\Lumen\\Application->sendThroughPipeline(Array, Object(Closure))
#18 /app/vendor/laravel/lumen-framework/src/Concerns/RoutesRequests.php(239): Laravel\\Lumen\\Application->handleFoundRoute(Array)
#19 /app/vendor/laravel/lumen-framework/src/Concerns/RoutesRequests.php(174): Laravel\\Lumen\\Application->handleDispatcherResponse(Array)
#20 /app/vendor/laravel/lumen-framework/src/Routing/Pipeline.php(48): Laravel\\Lumen\\Application->Laravel\\Lumen\\Concerns\\{closure}(Object(Laravel\\Lumen\\Http\\Request))
#21 /app/app/Http/Middleware/CorsMiddleware.php(12): Laravel\\Lumen\\Routing\\Pipeline->Laravel\\Lumen\\Routing\\{closure}(Object(Laravel\\Lumen\\Http\\Request))
#22 /app/vendor/illuminate/pipeline/Pipeline.php(183): App\\Http\\Middleware\\CorsMiddleware->handle(Object(Laravel\\Lumen\\Http\\Request), Object(Closure))
#23 /app/vendor/laravel/lumen-framework/src/Routing/Pipeline.php(30): Illuminate\\Pipeline\\Pipeline->Illuminate\\Pipeline\\{closure}(Object(Laravel\\Lumen\\Http\\Request))
#24 /app/vendor/illuminate/pipeline/Pipeline.php(119): Laravel\\Lumen\\Routing\\Pipeline->Laravel\\Lumen\\Routing\\{closure}(Object(Laravel\\Lumen\\Http\\Request))
#25 /app/vendor/laravel/lumen-framework/src/Concerns/RoutesRequests.php(428): Illuminate\\Pipeline\\Pipeline->then(Object(Closure))
#26 /app/vendor/laravel/lumen-framework/src/Concerns/RoutesRequests.php(167): Laravel\\Lumen\\Application->sendThroughPipeline(Array, Object(Closure))
#27 /app/vendor/laravel/lumen-framework/src/Concerns/RoutesRequests.php(95): Laravel\\Lumen\\Application->dispatch(Object(Laravel\\Lumen\\Http\\Request))
#28 /app/vendor/laravel/lumen-framework/src/Testing/Concerns/MakesHttpRequests.php(361): Laravel\\Lumen\\Application->handle(Object(Laravel\\Lumen\\Http\\Request))
#29 /app/vendor/laravel/lumen-framework/src/Testing/Concerns/MakesHttpRequests.php(48): Laravel\\Lumen\\Testing\\TestCase->call('POST', '/api/v1/worksho...', Array, Array, Array, Array, '{\"days_of_week\"...')
#30 /app/tests/Feature/ScheduleControllerTest.php(82): Laravel\\Lumen\\Testing\\TestCase->json('POST', '/api/v1/worksho...', Array, Array)
#31 /app/vendor/phpunit/phpunit/src/Framework/TestCase.php(1548): Tests\\Feature\\ScheduleControllerTest->create_schedule_validates_days_of_week_range()
#32 /app/vendor/phpunit/phpunit/src/Framework/TestCase.php(686): PHPUnit\\Framework\\TestCase->runTest()
#33 /app/vendor/phpunit/phpunit/src/Framework/TestRunner.php(106): PHPUnit\\Framework\\TestCase->runBare()
#34 /app/vendor/phpunit/phpunit/src/Framework/TestCase.php(516): PHPUnit\\Framework\\TestRunner->run(Object(Tests\\Feature\\ScheduleControllerTest))
#35 /app/vendor/phpunit/phpunit/src/Framework/TestSuite.php(374): PHPUnit\\Framework\\TestCase->run()
#36 /app/vendor/phpunit/phpunit/src/Framework/TestSuite.php(374): PHPUnit\\Framework\\TestSuite->run()
#37 /app/vendor/phpunit/phpunit/src/Framework/TestSuite.php(374): PHPUnit\\Framework\\TestSuite->run()
#38 /app/vendor/phpunit/phpunit/src/TextUI/TestRunner.php(64): PHPUnit\\Framework\\TestSuite->run()
#39 /app/vendor/phpunit/phpunit/src/TextUI/Application.php(204): PHPUnit\\TextUI\\TestRunner->run(Object(PHPUnit\\TextUI\\Configuration\\Configuration), Object(PHPUnit\\Runner\\ResultCache\\DefaultResultCache), Object(PHPUnit\\Framework\\TestSuite))
#40 /app/vendor/phpunit/phpunit/phpunit(104): PHPUnit\\TextUI\\Application->run(Array)
#41 /app/vendor/bin/phpunit(122): include('/app/vendor/php...')
#42 {main}
"} 
[2026-04-26 19:50:30] local.ERROR: Unable to resolve dependency [Parameter #1 [ <required> string $workshopId ]] in class App\Http\Controllers\ScheduleController {"exception":"[object] (Illuminate\\Contracts\\Container\\BindingResolutionException(code: 0): Unable to resolve dependency [Parameter #1 [ <required> string $workshopId ]] in class App\\Http\\Controllers\\ScheduleController at /app/vendor/illuminate/container/BoundMethod.php:188)
[stacktrace]
#0 /app/vendor/illuminate/container/BoundMethod.php(124): Illuminate\\Container\\BoundMethod::addDependencyForCallParameter(Object(Laravel\\Lumen\\Application), Object(ReflectionParameter), Array, Array)
#1 /app/vendor/illuminate/container/BoundMethod.php(36): Illuminate\\Container\\BoundMethod::getMethodDependencies(Object(Laravel\\Lumen\\Application), Array, Array)
#2 /app/vendor/illuminate/container/Util.php(41): Illuminate\\Container\\BoundMethod::Illuminate\\Container\\{closure}()
#3 /app/vendor/illuminate/container/BoundMethod.php(93): Illuminate\\Container\\Util::unwrapIfClosure(Object(Closure))
#4 /app/vendor/illuminate/container/BoundMethod.php(35): Illuminate\\Container\\BoundMethod::callBoundMethod(Object(Laravel\\Lumen\\Application), Array, Object(Closure))
#5 /app/vendor/illuminate/container/Container.php(662): Illuminate\\Container\\BoundMethod::call(Object(Laravel\\Lumen\\Application), Array, Array, NULL)
#6 /app/vendor/laravel/lumen-framework/src/Concerns/RoutesRequests.php(391): Illuminate\\Container\\Container->call(Array, Array)
#7 /app/vendor/laravel/lumen-framework/src/Concerns/RoutesRequests.php(356): Laravel\\Lumen\\Application->callControllerCallable(Array, Array)
#8 /app/vendor/laravel/lumen-framework/src/Concerns/RoutesRequests.php(331): Laravel\\Lumen\\Application->callLumenController(Object(App\\Http\\Controllers\\ScheduleController), 'store', Array)
#9 /app/vendor/laravel/lumen-framework/src/Concerns/RoutesRequests.php(284): Laravel\\Lumen\\Application->callControllerAction(Array)
#10 /app/vendor/laravel/lumen-framework/src/Concerns/RoutesRequests.php(264): Laravel\\Lumen\\Application->callActionOnArrayBasedRoute(Array)
#11 /app/vendor/laravel/lumen-framework/src/Routing/Pipeline.php(48): Laravel\\Lumen\\Application->Laravel\\Lumen\\Concerns\\{closure}(Object(Laravel\\Lumen\\Http\\Request))
#12 /app/app/Http/Middleware/Authenticate.php(35): Laravel\\Lumen\\Routing\\Pipeline->Laravel\\Lumen\\Routing\\{closure}(Object(Laravel\\Lumen\\Http\\Request))
#13 /app/vendor/illuminate/pipeline/Pipeline.php(183): App\\Http\\Middleware\\Authenticate->handle(Object(Laravel\\Lumen\\Http\\Request), Object(Closure))
#14 /app/vendor/laravel/lumen-framework/src/Routing/Pipeline.php(30): Illuminate\\Pipeline\\Pipeline->Illuminate\\Pipeline\\{closure}(Object(Laravel\\Lumen\\Http\\Request))
#15 /app/vendor/illuminate/pipeline/Pipeline.php(119): Laravel\\Lumen\\Routing\\Pipeline->Laravel\\Lumen\\Routing\\{closure}(Object(Laravel\\Lumen\\Http\\Request))
#16 /app/vendor/laravel/lumen-framework/src/Concerns/RoutesRequests.php(428): Illuminate\\Pipeline\\Pipeline->then(Object(Closure))
#17 /app/vendor/laravel/lumen-framework/src/Concerns/RoutesRequests.php(263): Laravel\\Lumen\\Application->sendThroughPipeline(Array, Object(Closure))
#18 /app/vendor/laravel/lumen-framework/src/Concerns/RoutesRequests.php(239): Laravel\\Lumen\\Application->handleFoundRoute(Array)
#19 /app/vendor/laravel/lumen-framework/src/Concerns/RoutesRequests.php(174): Laravel\\Lumen\\Application->handleDispatcherResponse(Array)
#20 /app/vendor/laravel/lumen-framework/src/Routing/Pipeline.php(48): Laravel\\Lumen\\Application->Laravel\\Lumen\\Concerns\\{closure}(Object(Laravel\\Lumen\\Http\\Request))
#21 /app/app/Http/Middleware/CorsMiddleware.php(12): Laravel\\Lumen\\Routing\\Pipeline->Laravel\\Lumen\\Routing\\{closure}(Object(Laravel\\Lumen\\Http\\Request))
#22 /app/vendor/illuminate/pipeline/Pipeline.php(183): App\\Http\\Middleware\\CorsMiddleware->handle(Object(Laravel\\Lumen\\Http\\Request), Object(Closure))
#23 /app/vendor/laravel/lumen-framework/src/Routing/Pipeline.php(30): Illuminate\\Pipeline\\Pipeline->Illuminate\\Pipeline\\{closure}(Object(Laravel\\Lumen\\Http\\Request))
#24 /app/vendor/illuminate/pipeline/Pipeline.php(119): Laravel\\Lumen\\Routing\\Pipeline->Laravel\\Lumen\\Routing\\{closure}(Object(Laravel\\Lumen\\Http\\Request))
#25 /app/vendor/laravel/lumen-framework/src/Concerns/RoutesRequests.php(428): Illuminate\\Pipeline\\Pipeline->then(Object(Closure))
#26 /app/vendor/laravel/lumen-framework/src/Concerns/RoutesRequests.php(167): Laravel\\Lumen\\Application->sendThroughPipeline(Array, Object(Closure))
#27 /app/vendor/laravel/lumen-framework/src/Concerns/RoutesRequests.php(95): Laravel\\Lumen\\Application->dispatch(Object(Laravel\\Lumen\\Http\\Request))
#28 /app/vendor/laravel/lumen-framework/src/Testing/Concerns/MakesHttpRequests.php(361): Laravel\\Lumen\\Application->handle(Object(Laravel\\Lumen\\Http\\Request))
#29 /app/vendor/laravel/lumen-framework/src/Testing/Concerns/MakesHttpRequests.php(48): Laravel\\Lumen\\Testing\\TestCase->call('POST', '/api/v1/worksho...', Array, Array, Array, Array, '{\"days_of_week\"...')
#30 /app/tests/Feature/ScheduleControllerTest.php(39): Laravel\\Lumen\\Testing\\TestCase->json('POST', '/api/v1/worksho...', Array, Array)
#31 /app/vendor/phpunit/phpunit/src/Framework/TestCase.php(1548): Tests\\Feature\\ScheduleControllerTest->create_schedule_returns_201_for_owner()
#32 /app/vendor/phpunit/phpunit/src/Framework/TestCase.php(686): PHPUnit\\Framework\\TestCase->runTest()
#33 /app/vendor/phpunit/phpunit/src/Framework/TestRunner.php(106): PHPUnit\\Framework\\TestCase->runBare()
#34 /app/vendor/phpunit/phpunit/src/Framework/TestCase.php(516): PHPUnit\\Framework\\TestRunner->run(Object(Tests\\Feature\\ScheduleControllerTest))
#35 /app/vendor/phpunit/phpunit/src/Framework/TestSuite.php(374): PHPUnit\\Framework\\TestCase->run()
#36 /app/vendor/phpunit/phpunit/src/Framework/TestSuite.php(374): PHPUnit\\Framework\\TestSuite->run()
#37 /app/vendor/phpunit/phpunit/src/Framework/TestSuite.php(374): PHPUnit\\Framework\\TestSuite->run()
#38 /app/vendor/phpunit/phpunit/src/TextUI/TestRunner.php(64): PHPUnit\\Framework\\TestSuite->run()
#39 /app/vendor/phpunit/phpunit/src/TextUI/Application.php(204): PHPUnit\\TextUI\\TestRunner->run(Object(PHPUnit\\TextUI\\Configuration\\Configuration), Object(PHPUnit\\Runner\\ResultCache\\DefaultResultCache), Object(PHPUnit\\Framework\\TestSuite))
#40 /app/vendor/phpunit/phpunit/phpunit(104): PHPUnit\\TextUI\\Application->run(Array)
#41 /app/vendor/bin/phpunit(122): include('/app/vendor/php...')
#42 {main}
"} 
[2026-04-26 19:53:24] local.ERROR: SQLSTATE[42703]: Undefined column: 7 ERROR:  column w.approval_status does not exist
LINE 6:                     w.status, w.approval_status,
                                      ^ (Connection: pgsql, SQL: SELECT w.id, w.title, w.slug, COALESCE(w.description,'') as description,
                    w.type, w.modality, w.price, w.currency,
                    w.capacity, COALESCE(w.location,'') as location,
                    COALESCE(w.online_url,'') as online_url,
                    COALESCE(w.cover_image_url,'') as cover_image_url,
                    w.status, w.approval_status,
                    COALESCE(w.admin_observations,'') as admin_observations,
                    COALESCE(w.created_at::text,'') as created_at,
                    COALESCE(c.id::text,'') as category_id,
                    COALESCE(c.name,'') as category_name,
                    COALESCE(c.slug,'') as category_slug,
                    COALESCE(p.name,'') as instructor_name
             FROM workshops w
             LEFT JOIN categories c ON c.id = w.category_id
             LEFT JOIN profiles p ON p.user_id = w.instructor_id
             WHERE w.instructor_id = 00000000-0000-0000-0000-000000000001
             ORDER BY w.created_at DESC) {"exception":"[object] (Illuminate\\Database\\QueryException(code: 42703): SQLSTATE[42703]: Undefined column: 7 ERROR:  column w.approval_status does not exist
LINE 6:                     w.status, w.approval_status,
                                      ^ (Connection: pgsql, SQL: SELECT w.id, w.title, w.slug, COALESCE(w.description,'') as description,
                    w.type, w.modality, w.price, w.currency,
                    w.capacity, COALESCE(w.location,'') as location,
                    COALESCE(w.online_url,'') as online_url,
                    COALESCE(w.cover_image_url,'') as cover_image_url,
                    w.status, w.approval_status,
                    COALESCE(w.admin_observations,'') as admin_observations,
                    COALESCE(w.created_at::text,'') as created_at,
                    COALESCE(c.id::text,'') as category_id,
                    COALESCE(c.name,'') as category_name,
                    COALESCE(c.slug,'') as category_slug,
                    COALESCE(p.name,'') as instructor_name
             FROM workshops w
             LEFT JOIN categories c ON c.id = w.category_id
             LEFT JOIN profiles p ON p.user_id = w.instructor_id
             WHERE w.instructor_id = 00000000-0000-0000-0000-000000000001
             ORDER BY w.created_at DESC) at /app/vendor/illuminate/database/Connection.php:829)
[stacktrace]
#0 /app/vendor/illuminate/database/Connection.php(783): Illuminate\\Database\\Connection->runQueryCallback('SELECT w.id, w....', Array, Object(Closure))
#1 /app/vendor/illuminate/database/Connection.php(414): Illuminate\\Database\\Connection->run('SELECT w.id, w....', Array, Object(Closure))
#2 /app/vendor/illuminate/database/DatabaseManager.php(509): Illuminate\\Database\\Connection->select('SELECT w.id, w....', Array)
#3 /app/vendor/illuminate/support/Facades/Facade.php(355): Illuminate\\Database\\DatabaseManager->__call('select', Array)
#4 /app/app/Http/Controllers/WorkshopWriteController.php(16): Illuminate\\Support\\Facades\\Facade::__callStatic('select', Array)
#5 /app/vendor/illuminate/container/BoundMethod.php(36): App\\Http\\Controllers\\WorkshopWriteController->index(Object(Laravel\\Lumen\\Http\\Request))
#6 /app/vendor/illuminate/container/Util.php(41): Illuminate\\Container\\BoundMethod::Illuminate\\Container\\{closure}()
#7 /app/vendor/illuminate/container/BoundMethod.php(93): Illuminate\\Container\\Util::unwrapIfClosure(Object(Closure))
#8 /app/vendor/illuminate/container/BoundMethod.php(35): Illuminate\\Container\\BoundMethod::callBoundMethod(Object(Laravel\\Lumen\\Application), Array, Object(Closure))
#9 /app/vendor/illuminate/container/Container.php(662): Illuminate\\Container\\BoundMethod::call(Object(Laravel\\Lumen\\Application), Array, Array, NULL)
#10 /app/vendor/laravel/lumen-framework/src/Concerns/RoutesRequests.php(391): Illuminate\\Container\\Container->call(Array, Array)
#11 /app/vendor/laravel/lumen-framework/src/Concerns/RoutesRequests.php(356): Laravel\\Lumen\\Application->callControllerCallable(Array, Array)
#12 /app/vendor/laravel/lumen-framework/src/Concerns/RoutesRequests.php(331): Laravel\\Lumen\\Application->callLumenController(Object(App\\Http\\Controllers\\WorkshopWriteController), 'index', Array)
#13 /app/vendor/laravel/lumen-framework/src/Concerns/RoutesRequests.php(284): Laravel\\Lumen\\Application->callControllerAction(Array)
#14 /app/vendor/laravel/lumen-framework/src/Concerns/RoutesRequests.php(264): Laravel\\Lumen\\Application->callActionOnArrayBasedRoute(Array)
#15 /app/vendor/laravel/lumen-framework/src/Routing/Pipeline.php(48): Laravel\\Lumen\\Application->Laravel\\Lumen\\Concerns\\{closure}(Object(Laravel\\Lumen\\Http\\Request))
#16 /app/app/Http/Middleware/Authenticate.php(35): Laravel\\Lumen\\Routing\\Pipeline->Laravel\\Lumen\\Routing\\{closure}(Object(Laravel\\Lumen\\Http\\Request))
#17 /app/vendor/illuminate/pipeline/Pipeline.php(183): App\\Http\\Middleware\\Authenticate->handle(Object(Laravel\\Lumen\\Http\\Request), Object(Closure))
#18 /app/vendor/laravel/lumen-framework/src/Routing/Pipeline.php(30): Illuminate\\Pipeline\\Pipeline->Illuminate\\Pipeline\\{closure}(Object(Laravel\\Lumen\\Http\\Request))
#19 /app/vendor/illuminate/pipeline/Pipeline.php(119): Laravel\\Lumen\\Routing\\Pipeline->Laravel\\Lumen\\Routing\\{closure}(Object(Laravel\\Lumen\\Http\\Request))
#20 /app/vendor/laravel/lumen-framework/src/Concerns/RoutesRequests.php(428): Illuminate\\Pipeline\\Pipeline->then(Object(Closure))
#21 /app/vendor/laravel/lumen-framework/src/Concerns/RoutesRequests.php(263): Laravel\\Lumen\\Application->sendThroughPipeline(Array, Object(Closure))
#22 /app/vendor/laravel/lumen-framework/src/Concerns/RoutesRequests.php(171): Laravel\\Lumen\\Application->handleFoundRoute(Array)
#23 /app/vendor/laravel/lumen-framework/src/Routing/Pipeline.php(48): Laravel\\Lumen\\Application->Laravel\\Lumen\\Concerns\\{closure}(Object(Laravel\\Lumen\\Http\\Request))
#24 /app/app/Http/Middleware/CorsMiddleware.php(12): Laravel\\Lumen\\Routing\\Pipeline->Laravel\\Lumen\\Routing\\{closure}(Object(Laravel\\Lumen\\Http\\Request))
#25 /app/vendor/illuminate/pipeline/Pipeline.php(183): App\\Http\\Middleware\\CorsMiddleware->handle(Object(Laravel\\Lumen\\Http\\Request), Object(Closure))
#26 /app/vendor/laravel/lumen-framework/src/Routing/Pipeline.php(30): Illuminate\\Pipeline\\Pipeline->Illuminate\\Pipeline\\{closure}(Object(Laravel\\Lumen\\Http\\Request))
#27 /app/vendor/illuminate/pipeline/Pipeline.php(119): Laravel\\Lumen\\Routing\\Pipeline->Laravel\\Lumen\\Routing\\{closure}(Object(Laravel\\Lumen\\Http\\Request))
#28 /app/vendor/laravel/lumen-framework/src/Concerns/RoutesRequests.php(428): Illuminate\\Pipeline\\Pipeline->then(Object(Closure))
#29 /app/vendor/laravel/lumen-framework/src/Concerns/RoutesRequests.php(167): Laravel\\Lumen\\Application->sendThroughPipeline(Array, Object(Closure))
#30 /app/vendor/laravel/lumen-framework/src/Concerns/RoutesRequests.php(112): Laravel\\Lumen\\Application->dispatch(NULL)
#31 /app/public/index.php(5): Laravel\\Lumen\\Application->run()
#32 {main}

[previous exception] [object] (PDOException(code: 42703): SQLSTATE[42703]: Undefined column: 7 ERROR:  column w.approval_status does not exist
LINE 6:                     w.status, w.approval_status,
                                      ^ at /app/vendor/illuminate/database/Connection.php:428)
[stacktrace]
#0 /app/vendor/illuminate/database/Connection.php(428): PDOStatement->execute()
#1 /app/vendor/illuminate/database/Connection.php(816): Illuminate\\Database\\Connection->Illuminate\\Database\\{closure}('SELECT w.id, w....', Array)
#2 /app/vendor/illuminate/database/Connection.php(783): Illuminate\\Database\\Connection->runQueryCallback('SELECT w.id, w....', Array, Object(Closure))
#3 /app/vendor/illuminate/database/Connection.php(414): Illuminate\\Database\\Connection->run('SELECT w.id, w....', Array, Object(Closure))
#4 /app/vendor/illuminate/database/DatabaseManager.php(509): Illuminate\\Database\\Connection->select('SELECT w.id, w....', Array)
#5 /app/vendor/illuminate/support/Facades/Facade.php(355): Illuminate\\Database\\DatabaseManager->__call('select', Array)
#6 /app/app/Http/Controllers/WorkshopWriteController.php(16): Illuminate\\Support\\Facades\\Facade::__callStatic('select', Array)
#7 /app/vendor/illuminate/container/BoundMethod.php(36): App\\Http\\Controllers\\WorkshopWriteController->index(Object(Laravel\\Lumen\\Http\\Request))
#8 /app/vendor/illuminate/container/Util.php(41): Illuminate\\Container\\BoundMethod::Illuminate\\Container\\{closure}()
#9 /app/vendor/illuminate/container/BoundMethod.php(93): Illuminate\\Container\\Util::unwrapIfClosure(Object(Closure))
#10 /app/vendor/illuminate/container/BoundMethod.php(35): Illuminate\\Container\\BoundMethod::callBoundMethod(Object(Laravel\\Lumen\\Application), Array, Object(Closure))
#11 /app/vendor/illuminate/container/Container.php(662): Illuminate\\Container\\BoundMethod::call(Object(Laravel\\Lumen\\Application), Array, Array, NULL)
#12 /app/vendor/laravel/lumen-framework/src/Concerns/RoutesRequests.php(391): Illuminate\\Container\\Container->call(Array, Array)
#13 /app/vendor/laravel/lumen-framework/src/Concerns/RoutesRequests.php(356): Laravel\\Lumen\\Application->callControllerCallable(Array, Array)
#14 /app/vendor/laravel/lumen-framework/src/Concerns/RoutesRequests.php(331): Laravel\\Lumen\\Application->callLumenController(Object(App\\Http\\Controllers\\WorkshopWriteController), 'index', Array)
#15 /app/vendor/laravel/lumen-framework/src/Concerns/RoutesRequests.php(284): Laravel\\Lumen\\Application->callControllerAction(Array)
#16 /app/vendor/laravel/lumen-framework/src/Concerns/RoutesRequests.php(264): Laravel\\Lumen\\Application->callActionOnArrayBasedRoute(Array)
#17 /app/vendor/laravel/lumen-framework/src/Routing/Pipeline.php(48): Laravel\\Lumen\\Application->Laravel\\Lumen\\Concerns\\{closure}(Object(Laravel\\Lumen\\Http\\Request))
#18 /app/app/Http/Middleware/Authenticate.php(35): Laravel\\Lumen\\Routing\\Pipeline->Laravel\\Lumen\\Routing\\{closure}(Object(Laravel\\Lumen\\Http\\Request))
#19 /app/vendor/illuminate/pipeline/Pipeline.php(183): App\\Http\\Middleware\\Authenticate->handle(Object(Laravel\\Lumen\\Http\\Request), Object(Closure))
#20 /app/vendor/laravel/lumen-framework/src/Routing/Pipeline.php(30): Illuminate\\Pipeline\\Pipeline->Illuminate\\Pipeline\\{closure}(Object(Laravel\\Lumen\\Http\\Request))
#21 /app/vendor/illuminate/pipeline/Pipeline.php(119): Laravel\\Lumen\\Routing\\Pipeline->Laravel\\Lumen\\Routing\\{closure}(Object(Laravel\\Lumen\\Http\\Request))
#22 /app/vendor/laravel/lumen-framework/src/Concerns/RoutesRequests.php(428): Illuminate\\Pipeline\\Pipeline->then(Object(Closure))
#23 /app/vendor/laravel/lumen-framework/src/Concerns/RoutesRequests.php(263): Laravel\\Lumen\\Application->sendThroughPipeline(Array, Object(Closure))
#24 /app/vendor/laravel/lumen-framework/src/Concerns/RoutesRequests.php(171): Laravel\\Lumen\\Application->handleFoundRoute(Array)
#25 /app/vendor/laravel/lumen-framework/src/Routing/Pipeline.php(48): Laravel\\Lumen\\Application->Laravel\\Lumen\\Concerns\\{closure}(Object(Laravel\\Lumen\\Http\\Request))
#26 /app/app/Http/Middleware/CorsMiddleware.php(12): Laravel\\Lumen\\Routing\\Pipeline->Laravel\\Lumen\\Routing\\{closure}(Object(Laravel\\Lumen\\Http\\Request))
#27 /app/vendor/illuminate/pipeline/Pipeline.php(183): App\\Http\\Middleware\\CorsMiddleware->handle(Object(Laravel\\Lumen\\Http\\Request), Object(Closure))
#28 /app/vendor/laravel/lumen-framework/src/Routing/Pipeline.php(30): Illuminate\\Pipeline\\Pipeline->Illuminate\\Pipeline\\{closure}(Object(Laravel\\Lumen\\Http\\Request))
#29 /app/vendor/illuminate/pipeline/Pipeline.php(119): Laravel\\Lumen\\Routing\\Pipeline->Laravel\\Lumen\\Routing\\{closure}(Object(Laravel\\Lumen\\Http\\Request))
#30 /app/vendor/laravel/lumen-framework/src/Concerns/RoutesRequests.php(428): Illuminate\\Pipeline\\Pipeline->then(Object(Closure))
#31 /app/vendor/laravel/lumen-framework/src/Concerns/RoutesRequests.php(167): Laravel\\Lumen\\Application->sendThroughPipeline(Array, Object(Closure))
#32 /app/vendor/laravel/lumen-framework/src/Concerns/RoutesRequests.php(112): Laravel\\Lumen\\Application->dispatch(NULL)
#33 /app/public/index.php(5): Laravel\\Lumen\\Application->run()
#34 {main}
"} 
[2026-04-26 20:02:03] local.ERROR: SQLSTATE[42703]: Undefined column: 7 ERROR:  column w.reviewed_at does not exist
LINE 8:                        COALESCE(w.reviewed_at::text,'') as r...
                                        ^ (Connection: pgsql, SQL: SELECT w.id, w.title, w.slug, COALESCE(w.description,'') as description,
                       w.type, w.modality, w.price, w.currency,
                       w.capacity, COALESCE(w.location,'') as location,
                       COALESCE(w.online_url,'') as online_url,
                       COALESCE(w.cover_image_url,'') as cover_image_url,
                       w.status, w.approval_status,
                       COALESCE(w.admin_observations,'') as admin_observations,
                       COALESCE(w.reviewed_at::text,'') as reviewed_at,
                       COALESCE(w.created_at::text,'') as created_at,
                       COALESCE(c.id::text,'') as category_id,
                       COALESCE(c.name,'') as category_name,
                       w.instructor_id::text as instructor_id,
                       COALESCE(p.name,'') as instructor_name,
                       COALESCE(u.email,'') as instructor_email
                FROM workshops w
                LEFT JOIN categories c ON c.id = w.category_id
                LEFT JOIN profiles p ON p.user_id = w.instructor_id
                LEFT JOIN users u ON u.id = w.instructor_id
                WHERE w.status != 'archived' AND w.approval_status = pending_review ORDER BY w.created_at DESC) {"exception":"[object] (Illuminate\\Database\\QueryException(code: 42703): SQLSTATE[42703]: Undefined column: 7 ERROR:  column w.reviewed_at does not exist
LINE 8:                        COALESCE(w.reviewed_at::text,'') as r...
                                        ^ (Connection: pgsql, SQL: SELECT w.id, w.title, w.slug, COALESCE(w.description,'') as description,
                       w.type, w.modality, w.price, w.currency,
                       w.capacity, COALESCE(w.location,'') as location,
                       COALESCE(w.online_url,'') as online_url,
                       COALESCE(w.cover_image_url,'') as cover_image_url,
                       w.status, w.approval_status,
                       COALESCE(w.admin_observations,'') as admin_observations,
                       COALESCE(w.reviewed_at::text,'') as reviewed_at,
                       COALESCE(w.created_at::text,'') as created_at,
                       COALESCE(c.id::text,'') as category_id,
                       COALESCE(c.name,'') as category_name,
                       w.instructor_id::text as instructor_id,
                       COALESCE(p.name,'') as instructor_name,
                       COALESCE(u.email,'') as instructor_email
                FROM workshops w
                LEFT JOIN categories c ON c.id = w.category_id
                LEFT JOIN profiles p ON p.user_id = w.instructor_id
                LEFT JOIN users u ON u.id = w.instructor_id
                WHERE w.status != 'archived' AND w.approval_status = pending_review ORDER BY w.created_at DESC) at /app/vendor/illuminate/database/Connection.php:829)
[stacktrace]
#0 /app/vendor/illuminate/database/Connection.php(783): Illuminate\\Database\\Connection->runQueryCallback('SELECT w.id, w....', Array, Object(Closure))
#1 /app/vendor/illuminate/database/Connection.php(414): Illuminate\\Database\\Connection->run('SELECT w.id, w....', Array, Object(Closure))
#2 /app/vendor/illuminate/database/DatabaseManager.php(509): Illuminate\\Database\\Connection->select('SELECT w.id, w....', Array)
#3 /app/vendor/illuminate/support/Facades/Facade.php(355): Illuminate\\Database\\DatabaseManager->__call('select', Array)
#4 /app/app/Http/Controllers/AdminController.php(64): Illuminate\\Support\\Facades\\Facade::__callStatic('select', Array)
#5 /app/vendor/illuminate/container/BoundMethod.php(36): App\\Http\\Controllers\\AdminController->workshops(Object(Laravel\\Lumen\\Http\\Request))
#6 /app/vendor/illuminate/container/Util.php(41): Illuminate\\Container\\BoundMethod::Illuminate\\Container\\{closure}()
#7 /app/vendor/illuminate/container/BoundMethod.php(93): Illuminate\\Container\\Util::unwrapIfClosure(Object(Closure))
#8 /app/vendor/illuminate/container/BoundMethod.php(35): Illuminate\\Container\\BoundMethod::callBoundMethod(Object(Laravel\\Lumen\\Application), Array, Object(Closure))
#9 /app/vendor/illuminate/container/Container.php(662): Illuminate\\Container\\BoundMethod::call(Object(Laravel\\Lumen\\Application), Array, Array, NULL)
#10 /app/vendor/laravel/lumen-framework/src/Concerns/RoutesRequests.php(391): Illuminate\\Container\\Container->call(Array, Array)
#11 /app/vendor/laravel/lumen-framework/src/Concerns/RoutesRequests.php(356): Laravel\\Lumen\\Application->callControllerCallable(Array, Array)
#12 /app/vendor/laravel/lumen-framework/src/Concerns/RoutesRequests.php(331): Laravel\\Lumen\\Application->callLumenController(Object(App\\Http\\Controllers\\AdminController), 'workshops', Array)
#13 /app/vendor/laravel/lumen-framework/src/Concerns/RoutesRequests.php(284): Laravel\\Lumen\\Application->callControllerAction(Array)
#14 /app/vendor/laravel/lumen-framework/src/Concerns/RoutesRequests.php(264): Laravel\\Lumen\\Application->callActionOnArrayBasedRoute(Array)
#15 /app/vendor/laravel/lumen-framework/src/Routing/Pipeline.php(48): Laravel\\Lumen\\Application->Laravel\\Lumen\\Concerns\\{closure}(Object(Laravel\\Lumen\\Http\\Request))
#16 /app/app/Http/Middleware/AdminOnly.php(18): Laravel\\Lumen\\Routing\\Pipeline->Laravel\\Lumen\\Routing\\{closure}(Object(Laravel\\Lumen\\Http\\Request))
#17 /app/vendor/illuminate/pipeline/Pipeline.php(183): App\\Http\\Middleware\\AdminOnly->handle(Object(Laravel\\Lumen\\Http\\Request), Object(Closure))
#18 /app/vendor/laravel/lumen-framework/src/Routing/Pipeline.php(30): Illuminate\\Pipeline\\Pipeline->Illuminate\\Pipeline\\{closure}(Object(Laravel\\Lumen\\Http\\Request))
#19 /app/app/Http/Middleware/Authenticate.php(35): Laravel\\Lumen\\Routing\\Pipeline->Laravel\\Lumen\\Routing\\{closure}(Object(Laravel\\Lumen\\Http\\Request))
#20 /app/vendor/illuminate/pipeline/Pipeline.php(183): App\\Http\\Middleware\\Authenticate->handle(Object(Laravel\\Lumen\\Http\\Request), Object(Closure))
#21 /app/vendor/laravel/lumen-framework/src/Routing/Pipeline.php(30): Illuminate\\Pipeline\\Pipeline->Illuminate\\Pipeline\\{closure}(Object(Laravel\\Lumen\\Http\\Request))
#22 /app/vendor/illuminate/pipeline/Pipeline.php(119): Laravel\\Lumen\\Routing\\Pipeline->Laravel\\Lumen\\Routing\\{closure}(Object(Laravel\\Lumen\\Http\\Request))
#23 /app/vendor/laravel/lumen-framework/src/Concerns/RoutesRequests.php(428): Illuminate\\Pipeline\\Pipeline->then(Object(Closure))
#24 /app/vendor/laravel/lumen-framework/src/Concerns/RoutesRequests.php(263): Laravel\\Lumen\\Application->sendThroughPipeline(Array, Object(Closure))
#25 /app/vendor/laravel/lumen-framework/src/Concerns/RoutesRequests.php(171): Laravel\\Lumen\\Application->handleFoundRoute(Array)
#26 /app/vendor/laravel/lumen-framework/src/Routing/Pipeline.php(48): Laravel\\Lumen\\Application->Laravel\\Lumen\\Concerns\\{closure}(Object(Laravel\\Lumen\\Http\\Request))
#27 /app/app/Http/Middleware/CorsMiddleware.php(12): Laravel\\Lumen\\Routing\\Pipeline->Laravel\\Lumen\\Routing\\{closure}(Object(Laravel\\Lumen\\Http\\Request))
#28 /app/vendor/illuminate/pipeline/Pipeline.php(183): App\\Http\\Middleware\\CorsMiddleware->handle(Object(Laravel\\Lumen\\Http\\Request), Object(Closure))
#29 /app/vendor/laravel/lumen-framework/src/Routing/Pipeline.php(30): Illuminate\\Pipeline\\Pipeline->Illuminate\\Pipeline\\{closure}(Object(Laravel\\Lumen\\Http\\Request))
#30 /app/vendor/illuminate/pipeline/Pipeline.php(119): Laravel\\Lumen\\Routing\\Pipeline->Laravel\\Lumen\\Routing\\{closure}(Object(Laravel\\Lumen\\Http\\Request))
#31 /app/vendor/laravel/lumen-framework/src/Concerns/RoutesRequests.php(428): Illuminate\\Pipeline\\Pipeline->then(Object(Closure))
#32 /app/vendor/laravel/lumen-framework/src/Concerns/RoutesRequests.php(167): Laravel\\Lumen\\Application->sendThroughPipeline(Array, Object(Closure))
#33 /app/vendor/laravel/lumen-framework/src/Concerns/RoutesRequests.php(112): Laravel\\Lumen\\Application->dispatch(NULL)
#34 /app/public/index.php(5): Laravel\\Lumen\\Application->run()
#35 {main}

[previous exception] [object] (PDOException(code: 42703): SQLSTATE[42703]: Undefined column: 7 ERROR:  column w.reviewed_at does not exist
LINE 8:                        COALESCE(w.reviewed_at::text,'') as r...
                                        ^ at /app/vendor/illuminate/database/Connection.php:428)
[stacktrace]
#0 /app/vendor/illuminate/database/Connection.php(428): PDOStatement->execute()
#1 /app/vendor/illuminate/database/Connection.php(816): Illuminate\\Database\\Connection->Illuminate\\Database\\{closure}('SELECT w.id, w....', Array)
#2 /app/vendor/illuminate/database/Connection.php(783): Illuminate\\Database\\Connection->runQueryCallback('SELECT w.id, w....', Array, Object(Closure))
#3 /app/vendor/illuminate/database/Connection.php(414): Illuminate\\Database\\Connection->run('SELECT w.id, w....', Array, Object(Closure))
#4 /app/vendor/illuminate/database/DatabaseManager.php(509): Illuminate\\Database\\Connection->select('SELECT w.id, w....', Array)
#5 /app/vendor/illuminate/support/Facades/Facade.php(355): Illuminate\\Database\\DatabaseManager->__call('select', Array)
#6 /app/app/Http/Controllers/AdminController.php(64): Illuminate\\Support\\Facades\\Facade::__callStatic('select', Array)
#7 /app/vendor/illuminate/container/BoundMethod.php(36): App\\Http\\Controllers\\AdminController->workshops(Object(Laravel\\Lumen\\Http\\Request))
#8 /app/vendor/illuminate/container/Util.php(41): Illuminate\\Container\\BoundMethod::Illuminate\\Container\\{closure}()
#9 /app/vendor/illuminate/container/BoundMethod.php(93): Illuminate\\Container\\Util::unwrapIfClosure(Object(Closure))
#10 /app/vendor/illuminate/container/BoundMethod.php(35): Illuminate\\Container\\BoundMethod::callBoundMethod(Object(Laravel\\Lumen\\Application), Array, Object(Closure))
#11 /app/vendor/illuminate/container/Container.php(662): Illuminate\\Container\\BoundMethod::call(Object(Laravel\\Lumen\\Application), Array, Array, NULL)
#12 /app/vendor/laravel/lumen-framework/src/Concerns/RoutesRequests.php(391): Illuminate\\Container\\Container->call(Array, Array)
#13 /app/vendor/laravel/lumen-framework/src/Concerns/RoutesRequests.php(356): Laravel\\Lumen\\Application->callControllerCallable(Array, Array)
#14 /app/vendor/laravel/lumen-framework/src/Concerns/RoutesRequests.php(331): Laravel\\Lumen\\Application->callLumenController(Object(App\\Http\\Controllers\\AdminController), 'workshops', Array)
#15 /app/vendor/laravel/lumen-framework/src/Concerns/RoutesRequests.php(284): Laravel\\Lumen\\Application->callControllerAction(Array)
#16 /app/vendor/laravel/lumen-framework/src/Concerns/RoutesRequests.php(264): Laravel\\Lumen\\Application->callActionOnArrayBasedRoute(Array)
#17 /app/vendor/laravel/lumen-framework/src/Routing/Pipeline.php(48): Laravel\\Lumen\\Application->Laravel\\Lumen\\Concerns\\{closure}(Object(Laravel\\Lumen\\Http\\Request))
#18 /app/app/Http/Middleware/AdminOnly.php(18): Laravel\\Lumen\\Routing\\Pipeline->Laravel\\Lumen\\Routing\\{closure}(Object(Laravel\\Lumen\\Http\\Request))
#19 /app/vendor/illuminate/pipeline/Pipeline.php(183): App\\Http\\Middleware\\AdminOnly->handle(Object(Laravel\\Lumen\\Http\\Request), Object(Closure))
#20 /app/vendor/laravel/lumen-framework/src/Routing/Pipeline.php(30): Illuminate\\Pipeline\\Pipeline->Illuminate\\Pipeline\\{closure}(Object(Laravel\\Lumen\\Http\\Request))
#21 /app/app/Http/Middleware/Authenticate.php(35): Laravel\\Lumen\\Routing\\Pipeline->Laravel\\Lumen\\Routing\\{closure}(Object(Laravel\\Lumen\\Http\\Request))
#22 /app/vendor/illuminate/pipeline/Pipeline.php(183): App\\Http\\Middleware\\Authenticate->handle(Object(Laravel\\Lumen\\Http\\Request), Object(Closure))
#23 /app/vendor/laravel/lumen-framework/src/Routing/Pipeline.php(30): Illuminate\\Pipeline\\Pipeline->Illuminate\\Pipeline\\{closure}(Object(Laravel\\Lumen\\Http\\Request))
#24 /app/vendor/illuminate/pipeline/Pipeline.php(119): Laravel\\Lumen\\Routing\\Pipeline->Laravel\\Lumen\\Routing\\{closure}(Object(Laravel\\Lumen\\Http\\Request))
#25 /app/vendor/laravel/lumen-framework/src/Concerns/RoutesRequests.php(428): Illuminate\\Pipeline\\Pipeline->then(Object(Closure))
#26 /app/vendor/laravel/lumen-framework/src/Concerns/RoutesRequests.php(263): Laravel\\Lumen\\Application->sendThroughPipeline(Array, Object(Closure))
#27 /app/vendor/laravel/lumen-framework/src/Concerns/RoutesRequests.php(171): Laravel\\Lumen\\Application->handleFoundRoute(Array)
#28 /app/vendor/laravel/lumen-framework/src/Routing/Pipeline.php(48): Laravel\\Lumen\\Application->Laravel\\Lumen\\Concerns\\{closure}(Object(Laravel\\Lumen\\Http\\Request))
#29 /app/app/Http/Middleware/CorsMiddleware.php(12): Laravel\\Lumen\\Routing\\Pipeline->Laravel\\Lumen\\Routing\\{closure}(Object(Laravel\\Lumen\\Http\\Request))
#30 /app/vendor/illuminate/pipeline/Pipeline.php(183): App\\Http\\Middleware\\CorsMiddleware->handle(Object(Laravel\\Lumen\\Http\\Request), Object(Closure))
#31 /app/vendor/laravel/lumen-framework/src/Routing/Pipeline.php(30): Illuminate\\Pipeline\\Pipeline->Illuminate\\Pipeline\\{closure}(Object(Laravel\\Lumen\\Http\\Request))
#32 /app/vendor/illuminate/pipeline/Pipeline.php(119): Laravel\\Lumen\\Routing\\Pipeline->Laravel\\Lumen\\Routing\\{closure}(Object(Laravel\\Lumen\\Http\\Request))
#33 /app/vendor/laravel/lumen-framework/src/Concerns/RoutesRequests.php(428): Illuminate\\Pipeline\\Pipeline->then(Object(Closure))
#34 /app/vendor/laravel/lumen-framework/src/Concerns/RoutesRequests.php(167): Laravel\\Lumen\\Application->sendThroughPipeline(Array, Object(Closure))
#35 /app/vendor/laravel/lumen-framework/src/Concerns/RoutesRequests.php(112): Laravel\\Lumen\\Application->dispatch(NULL)
#36 /app/public/index.php(5): Laravel\\Lumen\\Application->run()
#37 {main}
"} 
[2026-04-26 20:02:03] local.ERROR: SQLSTATE[42703]: Undefined column: 7 ERROR:  column w.reviewed_at does not exist
LINE 8:                        COALESCE(w.reviewed_at::text,'') as r...
                                        ^ (Connection: pgsql, SQL: SELECT w.id, w.title, w.slug, COALESCE(w.description,'') as description,
                       w.type, w.modality, w.price, w.currency,
                       w.capacity, COALESCE(w.location,'') as location,
                       COALESCE(w.online_url,'') as online_url,
                       COALESCE(w.cover_image_url,'') as cover_image_url,
                       w.status, w.approval_status,
                       COALESCE(w.admin_observations,'') as admin_observations,
                       COALESCE(w.reviewed_at::text,'') as reviewed_at,
                       COALESCE(w.created_at::text,'') as created_at,
                       COALESCE(c.id::text,'') as category_id,
                       COALESCE(c.name,'') as category_name,
                       w.instructor_id::text as instructor_id,
                       COALESCE(p.name,'') as instructor_name,
                       COALESCE(u.email,'') as instructor_email
                FROM workshops w
                LEFT JOIN categories c ON c.id = w.category_id
                LEFT JOIN profiles p ON p.user_id = w.instructor_id
                LEFT JOIN users u ON u.id = w.instructor_id
                WHERE w.status != 'archived' AND w.approval_status = pending_review ORDER BY w.created_at DESC) {"exception":"[object] (Illuminate\\Database\\QueryException(code: 42703): SQLSTATE[42703]: Undefined column: 7 ERROR:  column w.reviewed_at does not exist
LINE 8:                        COALESCE(w.reviewed_at::text,'') as r...
                                        ^ (Connection: pgsql, SQL: SELECT w.id, w.title, w.slug, COALESCE(w.description,'') as description,
                       w.type, w.modality, w.price, w.currency,
                       w.capacity, COALESCE(w.location,'') as location,
                       COALESCE(w.online_url,'') as online_url,
                       COALESCE(w.cover_image_url,'') as cover_image_url,
                       w.status, w.approval_status,
                       COALESCE(w.admin_observations,'') as admin_observations,
                       COALESCE(w.reviewed_at::text,'') as reviewed_at,
                       COALESCE(w.created_at::text,'') as created_at,
                       COALESCE(c.id::text,'') as category_id,
                       COALESCE(c.name,'') as category_name,
                       w.instructor_id::text as instructor_id,
                       COALESCE(p.name,'') as instructor_name,
                       COALESCE(u.email,'') as instructor_email
                FROM workshops w
                LEFT JOIN categories c ON c.id = w.category_id
                LEFT JOIN profiles p ON p.user_id = w.instructor_id
                LEFT JOIN users u ON u.id = w.instructor_id
                WHERE w.status != 'archived' AND w.approval_status = pending_review ORDER BY w.created_at DESC) at /app/vendor/illuminate/database/Connection.php:829)
[stacktrace]
#0 /app/vendor/illuminate/database/Connection.php(783): Illuminate\\Database\\Connection->runQueryCallback('SELECT w.id, w....', Array, Object(Closure))
#1 /app/vendor/illuminate/database/Connection.php(414): Illuminate\\Database\\Connection->run('SELECT w.id, w....', Array, Object(Closure))
#2 /app/vendor/illuminate/database/DatabaseManager.php(509): Illuminate\\Database\\Connection->select('SELECT w.id, w....', Array)
#3 /app/vendor/illuminate/support/Facades/Facade.php(355): Illuminate\\Database\\DatabaseManager->__call('select', Array)
#4 /app/app/Http/Controllers/AdminController.php(64): Illuminate\\Support\\Facades\\Facade::__callStatic('select', Array)
#5 /app/vendor/illuminate/container/BoundMethod.php(36): App\\Http\\Controllers\\AdminController->workshops(Object(Laravel\\Lumen\\Http\\Request))
#6 /app/vendor/illuminate/container/Util.php(41): Illuminate\\Container\\BoundMethod::Illuminate\\Container\\{closure}()
#7 /app/vendor/illuminate/container/BoundMethod.php(93): Illuminate\\Container\\Util::unwrapIfClosure(Object(Closure))
#8 /app/vendor/illuminate/container/BoundMethod.php(35): Illuminate\\Container\\BoundMethod::callBoundMethod(Object(Laravel\\Lumen\\Application), Array, Object(Closure))
#9 /app/vendor/illuminate/container/Container.php(662): Illuminate\\Container\\BoundMethod::call(Object(Laravel\\Lumen\\Application), Array, Array, NULL)
#10 /app/vendor/laravel/lumen-framework/src/Concerns/RoutesRequests.php(391): Illuminate\\Container\\Container->call(Array, Array)
#11 /app/vendor/laravel/lumen-framework/src/Concerns/RoutesRequests.php(356): Laravel\\Lumen\\Application->callControllerCallable(Array, Array)
#12 /app/vendor/laravel/lumen-framework/src/Concerns/RoutesRequests.php(331): Laravel\\Lumen\\Application->callLumenController(Object(App\\Http\\Controllers\\AdminController), 'workshops', Array)
#13 /app/vendor/laravel/lumen-framework/src/Concerns/RoutesRequests.php(284): Laravel\\Lumen\\Application->callControllerAction(Array)
#14 /app/vendor/laravel/lumen-framework/src/Concerns/RoutesRequests.php(264): Laravel\\Lumen\\Application->callActionOnArrayBasedRoute(Array)
#15 /app/vendor/laravel/lumen-framework/src/Routing/Pipeline.php(48): Laravel\\Lumen\\Application->Laravel\\Lumen\\Concerns\\{closure}(Object(Laravel\\Lumen\\Http\\Request))
#16 /app/app/Http/Middleware/AdminOnly.php(18): Laravel\\Lumen\\Routing\\Pipeline->Laravel\\Lumen\\Routing\\{closure}(Object(Laravel\\Lumen\\Http\\Request))
#17 /app/vendor/illuminate/pipeline/Pipeline.php(183): App\\Http\\Middleware\\AdminOnly->handle(Object(Laravel\\Lumen\\Http\\Request), Object(Closure))
#18 /app/vendor/laravel/lumen-framework/src/Routing/Pipeline.php(30): Illuminate\\Pipeline\\Pipeline->Illuminate\\Pipeline\\{closure}(Object(Laravel\\Lumen\\Http\\Request))
#19 /app/app/Http/Middleware/Authenticate.php(35): Laravel\\Lumen\\Routing\\Pipeline->Laravel\\Lumen\\Routing\\{closure}(Object(Laravel\\Lumen\\Http\\Request))
#20 /app/vendor/illuminate/pipeline/Pipeline.php(183): App\\Http\\Middleware\\Authenticate->handle(Object(Laravel\\Lumen\\Http\\Request), Object(Closure))
#21 /app/vendor/laravel/lumen-framework/src/Routing/Pipeline.php(30): Illuminate\\Pipeline\\Pipeline->Illuminate\\Pipeline\\{closure}(Object(Laravel\\Lumen\\Http\\Request))
#22 /app/vendor/illuminate/pipeline/Pipeline.php(119): Laravel\\Lumen\\Routing\\Pipeline->Laravel\\Lumen\\Routing\\{closure}(Object(Laravel\\Lumen\\Http\\Request))
#23 /app/vendor/laravel/lumen-framework/src/Concerns/RoutesRequests.php(428): Illuminate\\Pipeline\\Pipeline->then(Object(Closure))
#24 /app/vendor/laravel/lumen-framework/src/Concerns/RoutesRequests.php(263): Laravel\\Lumen\\Application->sendThroughPipeline(Array, Object(Closure))
#25 /app/vendor/laravel/lumen-framework/src/Concerns/RoutesRequests.php(171): Laravel\\Lumen\\Application->handleFoundRoute(Array)
#26 /app/vendor/laravel/lumen-framework/src/Routing/Pipeline.php(48): Laravel\\Lumen\\Application->Laravel\\Lumen\\Concerns\\{closure}(Object(Laravel\\Lumen\\Http\\Request))
#27 /app/app/Http/Middleware/CorsMiddleware.php(12): Laravel\\Lumen\\Routing\\Pipeline->Laravel\\Lumen\\Routing\\{closure}(Object(Laravel\\Lumen\\Http\\Request))
#28 /app/vendor/illuminate/pipeline/Pipeline.php(183): App\\Http\\Middleware\\CorsMiddleware->handle(Object(Laravel\\Lumen\\Http\\Request), Object(Closure))
#29 /app/vendor/laravel/lumen-framework/src/Routing/Pipeline.php(30): Illuminate\\Pipeline\\Pipeline->Illuminate\\Pipeline\\{closure}(Object(Laravel\\Lumen\\Http\\Request))
#30 /app/vendor/illuminate/pipeline/Pipeline.php(119): Laravel\\Lumen\\Routing\\Pipeline->Laravel\\Lumen\\Routing\\{closure}(Object(Laravel\\Lumen\\Http\\Request))
#31 /app/vendor/laravel/lumen-framework/src/Concerns/RoutesRequests.php(428): Illuminate\\Pipeline\\Pipeline->then(Object(Closure))
#32 /app/vendor/laravel/lumen-framework/src/Concerns/RoutesRequests.php(167): Laravel\\Lumen\\Application->sendThroughPipeline(Array, Object(Closure))
#33 /app/vendor/laravel/lumen-framework/src/Concerns/RoutesRequests.php(112): Laravel\\Lumen\\Application->dispatch(NULL)
#34 /app/public/index.php(5): Laravel\\Lumen\\Application->run()
#35 {main}

[previous exception] [object] (PDOException(code: 42703): SQLSTATE[42703]: Undefined column: 7 ERROR:  column w.reviewed_at does not exist
LINE 8:                        COALESCE(w.reviewed_at::text,'') as r...
                                        ^ at /app/vendor/illuminate/database/Connection.php:428)
[stacktrace]
#0 /app/vendor/illuminate/database/Connection.php(428): PDOStatement->execute()
#1 /app/vendor/illuminate/database/Connection.php(816): Illuminate\\Database\\Connection->Illuminate\\Database\\{closure}('SELECT w.id, w....', Array)
#2 /app/vendor/illuminate/database/Connection.php(783): Illuminate\\Database\\Connection->runQueryCallback('SELECT w.id, w....', Array, Object(Closure))
#3 /app/vendor/illuminate/database/Connection.php(414): Illuminate\\Database\\Connection->run('SELECT w.id, w....', Array, Object(Closure))
#4 /app/vendor/illuminate/database/DatabaseManager.php(509): Illuminate\\Database\\Connection->select('SELECT w.id, w....', Array)
#5 /app/vendor/illuminate/support/Facades/Facade.php(355): Illuminate\\Database\\DatabaseManager->__call('select', Array)
#6 /app/app/Http/Controllers/AdminController.php(64): Illuminate\\Support\\Facades\\Facade::__callStatic('select', Array)
#7 /app/vendor/illuminate/container/BoundMethod.php(36): App\\Http\\Controllers\\AdminController->workshops(Object(Laravel\\Lumen\\Http\\Request))
#8 /app/vendor/illuminate/container/Util.php(41): Illuminate\\Container\\BoundMethod::Illuminate\\Container\\{closure}()
#9 /app/vendor/illuminate/container/BoundMethod.php(93): Illuminate\\Container\\Util::unwrapIfClosure(Object(Closure))
#10 /app/vendor/illuminate/container/BoundMethod.php(35): Illuminate\\Container\\BoundMethod::callBoundMethod(Object(Laravel\\Lumen\\Application), Array, Object(Closure))
#11 /app/vendor/illuminate/container/Container.php(662): Illuminate\\Container\\BoundMethod::call(Object(Laravel\\Lumen\\Application), Array, Array, NULL)
#12 /app/vendor/laravel/lumen-framework/src/Concerns/RoutesRequests.php(391): Illuminate\\Container\\Container->call(Array, Array)
#13 /app/vendor/laravel/lumen-framework/src/Concerns/RoutesRequests.php(356): Laravel\\Lumen\\Application->callControllerCallable(Array, Array)
#14 /app/vendor/laravel/lumen-framework/src/Concerns/RoutesRequests.php(331): Laravel\\Lumen\\Application->callLumenController(Object(App\\Http\\Controllers\\AdminController), 'workshops', Array)
#15 /app/vendor/laravel/lumen-framework/src/Concerns/RoutesRequests.php(284): Laravel\\Lumen\\Application->callControllerAction(Array)
#16 /app/vendor/laravel/lumen-framework/src/Concerns/RoutesRequests.php(264): Laravel\\Lumen\\Application->callActionOnArrayBasedRoute(Array)
#17 /app/vendor/laravel/lumen-framework/src/Routing/Pipeline.php(48): Laravel\\Lumen\\Application->Laravel\\Lumen\\Concerns\\{closure}(Object(Laravel\\Lumen\\Http\\Request))
#18 /app/app/Http/Middleware/AdminOnly.php(18): Laravel\\Lumen\\Routing\\Pipeline->Laravel\\Lumen\\Routing\\{closure}(Object(Laravel\\Lumen\\Http\\Request))
#19 /app/vendor/illuminate/pipeline/Pipeline.php(183): App\\Http\\Middleware\\AdminOnly->handle(Object(Laravel\\Lumen\\Http\\Request), Object(Closure))
#20 /app/vendor/laravel/lumen-framework/src/Routing/Pipeline.php(30): Illuminate\\Pipeline\\Pipeline->Illuminate\\Pipeline\\{closure}(Object(Laravel\\Lumen\\Http\\Request))
#21 /app/app/Http/Middleware/Authenticate.php(35): Laravel\\Lumen\\Routing\\Pipeline->Laravel\\Lumen\\Routing\\{closure}(Object(Laravel\\Lumen\\Http\\Request))
#22 /app/vendor/illuminate/pipeline/Pipeline.php(183): App\\Http\\Middleware\\Authenticate->handle(Object(Laravel\\Lumen\\Http\\Request), Object(Closure))
#23 /app/vendor/laravel/lumen-framework/src/Routing/Pipeline.php(30): Illuminate\\Pipeline\\Pipeline->Illuminate\\Pipeline\\{closure}(Object(Laravel\\Lumen\\Http\\Request))
#24 /app/vendor/illuminate/pipeline/Pipeline.php(119): Laravel\\Lumen\\Routing\\Pipeline->Laravel\\Lumen\\Routing\\{closure}(Object(Laravel\\Lumen\\Http\\Request))
#25 /app/vendor/laravel/lumen-framework/src/Concerns/RoutesRequests.php(428): Illuminate\\Pipeline\\Pipeline->then(Object(Closure))
#26 /app/vendor/laravel/lumen-framework/src/Concerns/RoutesRequests.php(263): Laravel\\Lumen\\Application->sendThroughPipeline(Array, Object(Closure))
#27 /app/vendor/laravel/lumen-framework/src/Concerns/RoutesRequests.php(171): Laravel\\Lumen\\Application->handleFoundRoute(Array)
#28 /app/vendor/laravel/lumen-framework/src/Routing/Pipeline.php(48): Laravel\\Lumen\\Application->Laravel\\Lumen\\Concerns\\{closure}(Object(Laravel\\Lumen\\Http\\Request))
#29 /app/app/Http/Middleware/CorsMiddleware.php(12): Laravel\\Lumen\\Routing\\Pipeline->Laravel\\Lumen\\Routing\\{closure}(Object(Laravel\\Lumen\\Http\\Request))
#30 /app/vendor/illuminate/pipeline/Pipeline.php(183): App\\Http\\Middleware\\CorsMiddleware->handle(Object(Laravel\\Lumen\\Http\\Request), Object(Closure))
#31 /app/vendor/laravel/lumen-framework/src/Routing/Pipeline.php(30): Illuminate\\Pipeline\\Pipeline->Illuminate\\Pipeline\\{closure}(Object(Laravel\\Lumen\\Http\\Request))
#32 /app/vendor/illuminate/pipeline/Pipeline.php(119): Laravel\\Lumen\\Routing\\Pipeline->Laravel\\Lumen\\Routing\\{closure}(Object(Laravel\\Lumen\\Http\\Request))
#33 /app/vendor/laravel/lumen-framework/src/Concerns/RoutesRequests.php(428): Illuminate\\Pipeline\\Pipeline->then(Object(Closure))
#34 /app/vendor/laravel/lumen-framework/src/Concerns/RoutesRequests.php(167): Laravel\\Lumen\\Application->sendThroughPipeline(Array, Object(Closure))
#35 /app/vendor/laravel/lumen-framework/src/Concerns/RoutesRequests.php(112): Laravel\\Lumen\\Application->dispatch(NULL)
#36 /app/public/index.php(5): Laravel\\Lumen\\Application->run()
#37 {main}
"} 
[2026-04-26 20:02:05] local.ERROR: SQLSTATE[42703]: Undefined column: 7 ERROR:  column w.reviewed_at does not exist
LINE 8:                        COALESCE(w.reviewed_at::text,'') as r...
                                        ^ (Connection: pgsql, SQL: SELECT w.id, w.title, w.slug, COALESCE(w.description,'') as description,
                       w.type, w.modality, w.price, w.currency,
                       w.capacity, COALESCE(w.location,'') as location,
                       COALESCE(w.online_url,'') as online_url,
                       COALESCE(w.cover_image_url,'') as cover_image_url,
                       w.status, w.approval_status,
                       COALESCE(w.admin_observations,'') as admin_observations,
                       COALESCE(w.reviewed_at::text,'') as reviewed_at,
                       COALESCE(w.created_at::text,'') as created_at,
                       COALESCE(c.id::text,'') as category_id,
                       COALESCE(c.name,'') as category_name,
                       w.instructor_id::text as instructor_id,
                       COALESCE(p.name,'') as instructor_name,
                       COALESCE(u.email,'') as instructor_email
                FROM workshops w
                LEFT JOIN categories c ON c.id = w.category_id
                LEFT JOIN profiles p ON p.user_id = w.instructor_id
                LEFT JOIN users u ON u.id = w.instructor_id
                WHERE w.status != 'archived' ORDER BY w.created_at DESC) {"exception":"[object] (Illuminate\\Database\\QueryException(code: 42703): SQLSTATE[42703]: Undefined column: 7 ERROR:  column w.reviewed_at does not exist
LINE 8:                        COALESCE(w.reviewed_at::text,'') as r...
                                        ^ (Connection: pgsql, SQL: SELECT w.id, w.title, w.slug, COALESCE(w.description,'') as description,
                       w.type, w.modality, w.price, w.currency,
                       w.capacity, COALESCE(w.location,'') as location,
                       COALESCE(w.online_url,'') as online_url,
                       COALESCE(w.cover_image_url,'') as cover_image_url,
                       w.status, w.approval_status,
                       COALESCE(w.admin_observations,'') as admin_observations,
                       COALESCE(w.reviewed_at::text,'') as reviewed_at,
                       COALESCE(w.created_at::text,'') as created_at,
                       COALESCE(c.id::text,'') as category_id,
                       COALESCE(c.name,'') as category_name,
                       w.instructor_id::text as instructor_id,
                       COALESCE(p.name,'') as instructor_name,
                       COALESCE(u.email,'') as instructor_email
                FROM workshops w
                LEFT JOIN categories c ON c.id = w.category_id
                LEFT JOIN profiles p ON p.user_id = w.instructor_id
                LEFT JOIN users u ON u.id = w.instructor_id
                WHERE w.status != 'archived' ORDER BY w.created_at DESC) at /app/vendor/illuminate/database/Connection.php:829)
[stacktrace]
#0 /app/vendor/illuminate/database/Connection.php(783): Illuminate\\Database\\Connection->runQueryCallback('SELECT w.id, w....', Array, Object(Closure))
#1 /app/vendor/illuminate/database/Connection.php(414): Illuminate\\Database\\Connection->run('SELECT w.id, w....', Array, Object(Closure))
#2 /app/vendor/illuminate/database/DatabaseManager.php(509): Illuminate\\Database\\Connection->select('SELECT w.id, w....', Array)
#3 /app/vendor/illuminate/support/Facades/Facade.php(355): Illuminate\\Database\\DatabaseManager->__call('select', Array)
#4 /app/app/Http/Controllers/AdminController.php(64): Illuminate\\Support\\Facades\\Facade::__callStatic('select', Array)
#5 /app/vendor/illuminate/container/BoundMethod.php(36): App\\Http\\Controllers\\AdminController->workshops(Object(Laravel\\Lumen\\Http\\Request))
#6 /app/vendor/illuminate/container/Util.php(41): Illuminate\\Container\\BoundMethod::Illuminate\\Container\\{closure}()
#7 /app/vendor/illuminate/container/BoundMethod.php(93): Illuminate\\Container\\Util::unwrapIfClosure(Object(Closure))
#8 /app/vendor/illuminate/container/BoundMethod.php(35): Illuminate\\Container\\BoundMethod::callBoundMethod(Object(Laravel\\Lumen\\Application), Array, Object(Closure))
#9 /app/vendor/illuminate/container/Container.php(662): Illuminate\\Container\\BoundMethod::call(Object(Laravel\\Lumen\\Application), Array, Array, NULL)
#10 /app/vendor/laravel/lumen-framework/src/Concerns/RoutesRequests.php(391): Illuminate\\Container\\Container->call(Array, Array)
#11 /app/vendor/laravel/lumen-framework/src/Concerns/RoutesRequests.php(356): Laravel\\Lumen\\Application->callControllerCallable(Array, Array)
#12 /app/vendor/laravel/lumen-framework/src/Concerns/RoutesRequests.php(331): Laravel\\Lumen\\Application->callLumenController(Object(App\\Http\\Controllers\\AdminController), 'workshops', Array)
#13 /app/vendor/laravel/lumen-framework/src/Concerns/RoutesRequests.php(284): Laravel\\Lumen\\Application->callControllerAction(Array)
#14 /app/vendor/laravel/lumen-framework/src/Concerns/RoutesRequests.php(264): Laravel\\Lumen\\Application->callActionOnArrayBasedRoute(Array)
#15 /app/vendor/laravel/lumen-framework/src/Routing/Pipeline.php(48): Laravel\\Lumen\\Application->Laravel\\Lumen\\Concerns\\{closure}(Object(Laravel\\Lumen\\Http\\Request))
#16 /app/app/Http/Middleware/AdminOnly.php(18): Laravel\\Lumen\\Routing\\Pipeline->Laravel\\Lumen\\Routing\\{closure}(Object(Laravel\\Lumen\\Http\\Request))
#17 /app/vendor/illuminate/pipeline/Pipeline.php(183): App\\Http\\Middleware\\AdminOnly->handle(Object(Laravel\\Lumen\\Http\\Request), Object(Closure))
#18 /app/vendor/laravel/lumen-framework/src/Routing/Pipeline.php(30): Illuminate\\Pipeline\\Pipeline->Illuminate\\Pipeline\\{closure}(Object(Laravel\\Lumen\\Http\\Request))
#19 /app/app/Http/Middleware/Authenticate.php(35): Laravel\\Lumen\\Routing\\Pipeline->Laravel\\Lumen\\Routing\\{closure}(Object(Laravel\\Lumen\\Http\\Request))
#20 /app/vendor/illuminate/pipeline/Pipeline.php(183): App\\Http\\Middleware\\Authenticate->handle(Object(Laravel\\Lumen\\Http\\Request), Object(Closure))
#21 /app/vendor/laravel/lumen-framework/src/Routing/Pipeline.php(30): Illuminate\\Pipeline\\Pipeline->Illuminate\\Pipeline\\{closure}(Object(Laravel\\Lumen\\Http\\Request))
#22 /app/vendor/illuminate/pipeline/Pipeline.php(119): Laravel\\Lumen\\Routing\\Pipeline->Laravel\\Lumen\\Routing\\{closure}(Object(Laravel\\Lumen\\Http\\Request))
#23 /app/vendor/laravel/lumen-framework/src/Concerns/RoutesRequests.php(428): Illuminate\\Pipeline\\Pipeline->then(Object(Closure))
#24 /app/vendor/laravel/lumen-framework/src/Concerns/RoutesRequests.php(263): Laravel\\Lumen\\Application->sendThroughPipeline(Array, Object(Closure))
#25 /app/vendor/laravel/lumen-framework/src/Concerns/RoutesRequests.php(171): Laravel\\Lumen\\Application->handleFoundRoute(Array)
#26 /app/vendor/laravel/lumen-framework/src/Routing/Pipeline.php(48): Laravel\\Lumen\\Application->Laravel\\Lumen\\Concerns\\{closure}(Object(Laravel\\Lumen\\Http\\Request))
#27 /app/app/Http/Middleware/CorsMiddleware.php(12): Laravel\\Lumen\\Routing\\Pipeline->Laravel\\Lumen\\Routing\\{closure}(Object(Laravel\\Lumen\\Http\\Request))
#28 /app/vendor/illuminate/pipeline/Pipeline.php(183): App\\Http\\Middleware\\CorsMiddleware->handle(Object(Laravel\\Lumen\\Http\\Request), Object(Closure))
#29 /app/vendor/laravel/lumen-framework/src/Routing/Pipeline.php(30): Illuminate\\Pipeline\\Pipeline->Illuminate\\Pipeline\\{closure}(Object(Laravel\\Lumen\\Http\\Request))
#30 /app/vendor/illuminate/pipeline/Pipeline.php(119): Laravel\\Lumen\\Routing\\Pipeline->Laravel\\Lumen\\Routing\\{closure}(Object(Laravel\\Lumen\\Http\\Request))
#31 /app/vendor/laravel/lumen-framework/src/Concerns/RoutesRequests.php(428): Illuminate\\Pipeline\\Pipeline->then(Object(Closure))
#32 /app/vendor/laravel/lumen-framework/src/Concerns/RoutesRequests.php(167): Laravel\\Lumen\\Application->sendThroughPipeline(Array, Object(Closure))
#33 /app/vendor/laravel/lumen-framework/src/Concerns/RoutesRequests.php(112): Laravel\\Lumen\\Application->dispatch(NULL)
#34 /app/public/index.php(5): Laravel\\Lumen\\Application->run()
#35 {main}

[previous exception] [object] (PDOException(code: 42703): SQLSTATE[42703]: Undefined column: 7 ERROR:  column w.reviewed_at does not exist
LINE 8:                        COALESCE(w.reviewed_at::text,'') as r...
                                        ^ at /app/vendor/illuminate/database/Connection.php:428)
[stacktrace]
#0 /app/vendor/illuminate/database/Connection.php(428): PDOStatement->execute()
#1 /app/vendor/illuminate/database/Connection.php(816): Illuminate\\Database\\Connection->Illuminate\\Database\\{closure}('SELECT w.id, w....', Array)
#2 /app/vendor/illuminate/database/Connection.php(783): Illuminate\\Database\\Connection->runQueryCallback('SELECT w.id, w....', Array, Object(Closure))
#3 /app/vendor/illuminate/database/Connection.php(414): Illuminate\\Database\\Connection->run('SELECT w.id, w....', Array, Object(Closure))
#4 /app/vendor/illuminate/database/DatabaseManager.php(509): Illuminate\\Database\\Connection->select('SELECT w.id, w....', Array)
#5 /app/vendor/illuminate/support/Facades/Facade.php(355): Illuminate\\Database\\DatabaseManager->__call('select', Array)
#6 /app/app/Http/Controllers/AdminController.php(64): Illuminate\\Support\\Facades\\Facade::__callStatic('select', Array)
#7 /app/vendor/illuminate/container/BoundMethod.php(36): App\\Http\\Controllers\\AdminController->workshops(Object(Laravel\\Lumen\\Http\\Request))
#8 /app/vendor/illuminate/container/Util.php(41): Illuminate\\Container\\BoundMethod::Illuminate\\Container\\{closure}()
#9 /app/vendor/illuminate/container/BoundMethod.php(93): Illuminate\\Container\\Util::unwrapIfClosure(Object(Closure))
#10 /app/vendor/illuminate/container/BoundMethod.php(35): Illuminate\\Container\\BoundMethod::callBoundMethod(Object(Laravel\\Lumen\\Application), Array, Object(Closure))
#11 /app/vendor/illuminate/container/Container.php(662): Illuminate\\Container\\BoundMethod::call(Object(Laravel\\Lumen\\Application), Array, Array, NULL)
#12 /app/vendor/laravel/lumen-framework/src/Concerns/RoutesRequests.php(391): Illuminate\\Container\\Container->call(Array, Array)
#13 /app/vendor/laravel/lumen-framework/src/Concerns/RoutesRequests.php(356): Laravel\\Lumen\\Application->callControllerCallable(Array, Array)
#14 /app/vendor/laravel/lumen-framework/src/Concerns/RoutesRequests.php(331): Laravel\\Lumen\\Application->callLumenController(Object(App\\Http\\Controllers\\AdminController), 'workshops', Array)
#15 /app/vendor/laravel/lumen-framework/src/Concerns/RoutesRequests.php(284): Laravel\\Lumen\\Application->callControllerAction(Array)
#16 /app/vendor/laravel/lumen-framework/src/Concerns/RoutesRequests.php(264): Laravel\\Lumen\\Application->callActionOnArrayBasedRoute(Array)
#17 /app/vendor/laravel/lumen-framework/src/Routing/Pipeline.php(48): Laravel\\Lumen\\Application->Laravel\\Lumen\\Concerns\\{closure}(Object(Laravel\\Lumen\\Http\\Request))
#18 /app/app/Http/Middleware/AdminOnly.php(18): Laravel\\Lumen\\Routing\\Pipeline->Laravel\\Lumen\\Routing\\{closure}(Object(Laravel\\Lumen\\Http\\Request))
#19 /app/vendor/illuminate/pipeline/Pipeline.php(183): App\\Http\\Middleware\\AdminOnly->handle(Object(Laravel\\Lumen\\Http\\Request), Object(Closure))
#20 /app/vendor/laravel/lumen-framework/src/Routing/Pipeline.php(30): Illuminate\\Pipeline\\Pipeline->Illuminate\\Pipeline\\{closure}(Object(Laravel\\Lumen\\Http\\Request))
#21 /app/app/Http/Middleware/Authenticate.php(35): Laravel\\Lumen\\Routing\\Pipeline->Laravel\\Lumen\\Routing\\{closure}(Object(Laravel\\Lumen\\Http\\Request))
#22 /app/vendor/illuminate/pipeline/Pipeline.php(183): App\\Http\\Middleware\\Authenticate->handle(Object(Laravel\\Lumen\\Http\\Request), Object(Closure))
#23 /app/vendor/laravel/lumen-framework/src/Routing/Pipeline.php(30): Illuminate\\Pipeline\\Pipeline->Illuminate\\Pipeline\\{closure}(Object(Laravel\\Lumen\\Http\\Request))
#24 /app/vendor/illuminate/pipeline/Pipeline.php(119): Laravel\\Lumen\\Routing\\Pipeline->Laravel\\Lumen\\Routing\\{closure}(Object(Laravel\\Lumen\\Http\\Request))
#25 /app/vendor/laravel/lumen-framework/src/Concerns/RoutesRequests.php(428): Illuminate\\Pipeline\\Pipeline->then(Object(Closure))
#26 /app/vendor/laravel/lumen-framework/src/Concerns/RoutesRequests.php(263): Laravel\\Lumen\\Application->sendThroughPipeline(Array, Object(Closure))
#27 /app/vendor/laravel/lumen-framework/src/Concerns/RoutesRequests.php(171): Laravel\\Lumen\\Application->handleFoundRoute(Array)
#28 /app/vendor/laravel/lumen-framework/src/Routing/Pipeline.php(48): Laravel\\Lumen\\Application->Laravel\\Lumen\\Concerns\\{closure}(Object(Laravel\\Lumen\\Http\\Request))
#29 /app/app/Http/Middleware/CorsMiddleware.php(12): Laravel\\Lumen\\Routing\\Pipeline->Laravel\\Lumen\\Routing\\{closure}(Object(Laravel\\Lumen\\Http\\Request))
#30 /app/vendor/illuminate/pipeline/Pipeline.php(183): App\\Http\\Middleware\\CorsMiddleware->handle(Object(Laravel\\Lumen\\Http\\Request), Object(Closure))
#31 /app/vendor/laravel/lumen-framework/src/Routing/Pipeline.php(30): Illuminate\\Pipeline\\Pipeline->Illuminate\\Pipeline\\{closure}(Object(Laravel\\Lumen\\Http\\Request))
#32 /app/vendor/illuminate/pipeline/Pipeline.php(119): Laravel\\Lumen\\Routing\\Pipeline->Laravel\\Lumen\\Routing\\{closure}(Object(Laravel\\Lumen\\Http\\Request))
#33 /app/vendor/laravel/lumen-framework/src/Concerns/RoutesRequests.php(428): Illuminate\\Pipeline\\Pipeline->then(Object(Closure))
#34 /app/vendor/laravel/lumen-framework/src/Concerns/RoutesRequests.php(167): Laravel\\Lumen\\Application->sendThroughPipeline(Array, Object(Closure))
#35 /app/vendor/laravel/lumen-framework/src/Concerns/RoutesRequests.php(112): Laravel\\Lumen\\Application->dispatch(NULL)
#36 /app/public/index.php(5): Laravel\\Lumen\\Application->run()
#37 {main}
"} 
[2026-04-26 20:02:10] local.ERROR: SQLSTATE[42703]: Undefined column: 7 ERROR:  column w.reviewed_at does not exist
LINE 8:                        COALESCE(w.reviewed_at::text,'') as r...
                                        ^ (Connection: pgsql, SQL: SELECT w.id, w.title, w.slug, COALESCE(w.description,'') as description,
                       w.type, w.modality, w.price, w.currency,
                       w.capacity, COALESCE(w.location,'') as location,
                       COALESCE(w.online_url,'') as online_url,
                       COALESCE(w.cover_image_url,'') as cover_image_url,
                       w.status, w.approval_status,
                       COALESCE(w.admin_observations,'') as admin_observations,
                       COALESCE(w.reviewed_at::text,'') as reviewed_at,
                       COALESCE(w.created_at::text,'') as created_at,
                       COALESCE(c.id::text,'') as category_id,
                       COALESCE(c.name,'') as category_name,
                       w.instructor_id::text as instructor_id,
                       COALESCE(p.name,'') as instructor_name,
                       COALESCE(u.email,'') as instructor_email
                FROM workshops w
                LEFT JOIN categories c ON c.id = w.category_id
                LEFT JOIN profiles p ON p.user_id = w.instructor_id
                LEFT JOIN users u ON u.id = w.instructor_id
                WHERE w.status != 'archived' AND w.approval_status = pending_review ORDER BY w.created_at DESC) {"exception":"[object] (Illuminate\\Database\\QueryException(code: 42703): SQLSTATE[42703]: Undefined column: 7 ERROR:  column w.reviewed_at does not exist
LINE 8:                        COALESCE(w.reviewed_at::text,'') as r...
                                        ^ (Connection: pgsql, SQL: SELECT w.id, w.title, w.slug, COALESCE(w.description,'') as description,
                       w.type, w.modality, w.price, w.currency,
                       w.capacity, COALESCE(w.location,'') as location,
                       COALESCE(w.online_url,'') as online_url,
                       COALESCE(w.cover_image_url,'') as cover_image_url,
                       w.status, w.approval_status,
                       COALESCE(w.admin_observations,'') as admin_observations,
                       COALESCE(w.reviewed_at::text,'') as reviewed_at,
                       COALESCE(w.created_at::text,'') as created_at,
                       COALESCE(c.id::text,'') as category_id,
                       COALESCE(c.name,'') as category_name,
                       w.instructor_id::text as instructor_id,
                       COALESCE(p.name,'') as instructor_name,
                       COALESCE(u.email,'') as instructor_email
                FROM workshops w
                LEFT JOIN categories c ON c.id = w.category_id
                LEFT JOIN profiles p ON p.user_id = w.instructor_id
                LEFT JOIN users u ON u.id = w.instructor_id
                WHERE w.status != 'archived' AND w.approval_status = pending_review ORDER BY w.created_at DESC) at /app/vendor/illuminate/database/Connection.php:829)
[stacktrace]
#0 /app/vendor/illuminate/database/Connection.php(783): Illuminate\\Database\\Connection->runQueryCallback('SELECT w.id, w....', Array, Object(Closure))
#1 /app/vendor/illuminate/database/Connection.php(414): Illuminate\\Database\\Connection->run('SELECT w.id, w....', Array, Object(Closure))
#2 /app/vendor/illuminate/database/DatabaseManager.php(509): Illuminate\\Database\\Connection->select('SELECT w.id, w....', Array)
#3 /app/vendor/illuminate/support/Facades/Facade.php(355): Illuminate\\Database\\DatabaseManager->__call('select', Array)
#4 /app/app/Http/Controllers/AdminController.php(64): Illuminate\\Support\\Facades\\Facade::__callStatic('select', Array)
#5 /app/vendor/illuminate/container/BoundMethod.php(36): App\\Http\\Controllers\\AdminController->workshops(Object(Laravel\\Lumen\\Http\\Request))
#6 /app/vendor/illuminate/container/Util.php(41): Illuminate\\Container\\BoundMethod::Illuminate\\Container\\{closure}()
#7 /app/vendor/illuminate/container/BoundMethod.php(93): Illuminate\\Container\\Util::unwrapIfClosure(Object(Closure))
#8 /app/vendor/illuminate/container/BoundMethod.php(35): Illuminate\\Container\\BoundMethod::callBoundMethod(Object(Laravel\\Lumen\\Application), Array, Object(Closure))
#9 /app/vendor/illuminate/container/Container.php(662): Illuminate\\Container\\BoundMethod::call(Object(Laravel\\Lumen\\Application), Array, Array, NULL)
#10 /app/vendor/laravel/lumen-framework/src/Concerns/RoutesRequests.php(391): Illuminate\\Container\\Container->call(Array, Array)
#11 /app/vendor/laravel/lumen-framework/src/Concerns/RoutesRequests.php(356): Laravel\\Lumen\\Application->callControllerCallable(Array, Array)
#12 /app/vendor/laravel/lumen-framework/src/Concerns/RoutesRequests.php(331): Laravel\\Lumen\\Application->callLumenController(Object(App\\Http\\Controllers\\AdminController), 'workshops', Array)
#13 /app/vendor/laravel/lumen-framework/src/Concerns/RoutesRequests.php(284): Laravel\\Lumen\\Application->callControllerAction(Array)
#14 /app/vendor/laravel/lumen-framework/src/Concerns/RoutesRequests.php(264): Laravel\\Lumen\\Application->callActionOnArrayBasedRoute(Array)
#15 /app/vendor/laravel/lumen-framework/src/Routing/Pipeline.php(48): Laravel\\Lumen\\Application->Laravel\\Lumen\\Concerns\\{closure}(Object(Laravel\\Lumen\\Http\\Request))
#16 /app/app/Http/Middleware/AdminOnly.php(18): Laravel\\Lumen\\Routing\\Pipeline->Laravel\\Lumen\\Routing\\{closure}(Object(Laravel\\Lumen\\Http\\Request))
#17 /app/vendor/illuminate/pipeline/Pipeline.php(183): App\\Http\\Middleware\\AdminOnly->handle(Object(Laravel\\Lumen\\Http\\Request), Object(Closure))
#18 /app/vendor/laravel/lumen-framework/src/Routing/Pipeline.php(30): Illuminate\\Pipeline\\Pipeline->Illuminate\\Pipeline\\{closure}(Object(Laravel\\Lumen\\Http\\Request))
#19 /app/app/Http/Middleware/Authenticate.php(35): Laravel\\Lumen\\Routing\\Pipeline->Laravel\\Lumen\\Routing\\{closure}(Object(Laravel\\Lumen\\Http\\Request))
#20 /app/vendor/illuminate/pipeline/Pipeline.php(183): App\\Http\\Middleware\\Authenticate->handle(Object(Laravel\\Lumen\\Http\\Request), Object(Closure))
#21 /app/vendor/laravel/lumen-framework/src/Routing/Pipeline.php(30): Illuminate\\Pipeline\\Pipeline->Illuminate\\Pipeline\\{closure}(Object(Laravel\\Lumen\\Http\\Request))
#22 /app/vendor/illuminate/pipeline/Pipeline.php(119): Laravel\\Lumen\\Routing\\Pipeline->Laravel\\Lumen\\Routing\\{closure}(Object(Laravel\\Lumen\\Http\\Request))
#23 /app/vendor/laravel/lumen-framework/src/Concerns/RoutesRequests.php(428): Illuminate\\Pipeline\\Pipeline->then(Object(Closure))
#24 /app/vendor/laravel/lumen-framework/src/Concerns/RoutesRequests.php(263): Laravel\\Lumen\\Application->sendThroughPipeline(Array, Object(Closure))
#25 /app/vendor/laravel/lumen-framework/src/Concerns/RoutesRequests.php(171): Laravel\\Lumen\\Application->handleFoundRoute(Array)
#26 /app/vendor/laravel/lumen-framework/src/Routing/Pipeline.php(48): Laravel\\Lumen\\Application->Laravel\\Lumen\\Concerns\\{closure}(Object(Laravel\\Lumen\\Http\\Request))
#27 /app/app/Http/Middleware/CorsMiddleware.php(12): Laravel\\Lumen\\Routing\\Pipeline->Laravel\\Lumen\\Routing\\{closure}(Object(Laravel\\Lumen\\Http\\Request))
#28 /app/vendor/illuminate/pipeline/Pipeline.php(183): App\\Http\\Middleware\\CorsMiddleware->handle(Object(Laravel\\Lumen\\Http\\Request), Object(Closure))
#29 /app/vendor/laravel/lumen-framework/src/Routing/Pipeline.php(30): Illuminate\\Pipeline\\Pipeline->Illuminate\\Pipeline\\{closure}(Object(Laravel\\Lumen\\Http\\Request))
#30 /app/vendor/illuminate/pipeline/Pipeline.php(119): Laravel\\Lumen\\Routing\\Pipeline->Laravel\\Lumen\\Routing\\{closure}(Object(Laravel\\Lumen\\Http\\Request))
#31 /app/vendor/laravel/lumen-framework/src/Concerns/RoutesRequests.php(428): Illuminate\\Pipeline\\Pipeline->then(Object(Closure))
#32 /app/vendor/laravel/lumen-framework/src/Concerns/RoutesRequests.php(167): Laravel\\Lumen\\Application->sendThroughPipeline(Array, Object(Closure))
#33 /app/vendor/laravel/lumen-framework/src/Concerns/RoutesRequests.php(112): Laravel\\Lumen\\Application->dispatch(NULL)
#34 /app/public/index.php(5): Laravel\\Lumen\\Application->run()
#35 {main}

[previous exception] [object] (PDOException(code: 42703): SQLSTATE[42703]: Undefined column: 7 ERROR:  column w.reviewed_at does not exist
LINE 8:                        COALESCE(w.reviewed_at::text,'') as r...
                                        ^ at /app/vendor/illuminate/database/Connection.php:428)
[stacktrace]
#0 /app/vendor/illuminate/database/Connection.php(428): PDOStatement->execute()
#1 /app/vendor/illuminate/database/Connection.php(816): Illuminate\\Database\\Connection->Illuminate\\Database\\{closure}('SELECT w.id, w....', Array)
#2 /app/vendor/illuminate/database/Connection.php(783): Illuminate\\Database\\Connection->runQueryCallback('SELECT w.id, w....', Array, Object(Closure))
#3 /app/vendor/illuminate/database/Connection.php(414): Illuminate\\Database\\Connection->run('SELECT w.id, w....', Array, Object(Closure))
#4 /app/vendor/illuminate/database/DatabaseManager.php(509): Illuminate\\Database\\Connection->select('SELECT w.id, w....', Array)
#5 /app/vendor/illuminate/support/Facades/Facade.php(355): Illuminate\\Database\\DatabaseManager->__call('select', Array)
#6 /app/app/Http/Controllers/AdminController.php(64): Illuminate\\Support\\Facades\\Facade::__callStatic('select', Array)
#7 /app/vendor/illuminate/container/BoundMethod.php(36): App\\Http\\Controllers\\AdminController->workshops(Object(Laravel\\Lumen\\Http\\Request))
#8 /app/vendor/illuminate/container/Util.php(41): Illuminate\\Container\\BoundMethod::Illuminate\\Container\\{closure}()
#9 /app/vendor/illuminate/container/BoundMethod.php(93): Illuminate\\Container\\Util::unwrapIfClosure(Object(Closure))
#10 /app/vendor/illuminate/container/BoundMethod.php(35): Illuminate\\Container\\BoundMethod::callBoundMethod(Object(Laravel\\Lumen\\Application), Array, Object(Closure))
#11 /app/vendor/illuminate/container/Container.php(662): Illuminate\\Container\\BoundMethod::call(Object(Laravel\\Lumen\\Application), Array, Array, NULL)
#12 /app/vendor/laravel/lumen-framework/src/Concerns/RoutesRequests.php(391): Illuminate\\Container\\Container->call(Array, Array)
#13 /app/vendor/laravel/lumen-framework/src/Concerns/RoutesRequests.php(356): Laravel\\Lumen\\Application->callControllerCallable(Array, Array)
#14 /app/vendor/laravel/lumen-framework/src/Concerns/RoutesRequests.php(331): Laravel\\Lumen\\Application->callLumenController(Object(App\\Http\\Controllers\\AdminController), 'workshops', Array)
#15 /app/vendor/laravel/lumen-framework/src/Concerns/RoutesRequests.php(284): Laravel\\Lumen\\Application->callControllerAction(Array)
#16 /app/vendor/laravel/lumen-framework/src/Concerns/RoutesRequests.php(264): Laravel\\Lumen\\Application->callActionOnArrayBasedRoute(Array)
#17 /app/vendor/laravel/lumen-framework/src/Routing/Pipeline.php(48): Laravel\\Lumen\\Application->Laravel\\Lumen\\Concerns\\{closure}(Object(Laravel\\Lumen\\Http\\Request))
#18 /app/app/Http/Middleware/AdminOnly.php(18): Laravel\\Lumen\\Routing\\Pipeline->Laravel\\Lumen\\Routing\\{closure}(Object(Laravel\\Lumen\\Http\\Request))
#19 /app/vendor/illuminate/pipeline/Pipeline.php(183): App\\Http\\Middleware\\AdminOnly->handle(Object(Laravel\\Lumen\\Http\\Request), Object(Closure))
#20 /app/vendor/laravel/lumen-framework/src/Routing/Pipeline.php(30): Illuminate\\Pipeline\\Pipeline->Illuminate\\Pipeline\\{closure}(Object(Laravel\\Lumen\\Http\\Request))
#21 /app/app/Http/Middleware/Authenticate.php(35): Laravel\\Lumen\\Routing\\Pipeline->Laravel\\Lumen\\Routing\\{closure}(Object(Laravel\\Lumen\\Http\\Request))
#22 /app/vendor/illuminate/pipeline/Pipeline.php(183): App\\Http\\Middleware\\Authenticate->handle(Object(Laravel\\Lumen\\Http\\Request), Object(Closure))
#23 /app/vendor/laravel/lumen-framework/src/Routing/Pipeline.php(30): Illuminate\\Pipeline\\Pipeline->Illuminate\\Pipeline\\{closure}(Object(Laravel\\Lumen\\Http\\Request))
#24 /app/vendor/illuminate/pipeline/Pipeline.php(119): Laravel\\Lumen\\Routing\\Pipeline->Laravel\\Lumen\\Routing\\{closure}(Object(Laravel\\Lumen\\Http\\Request))
#25 /app/vendor/laravel/lumen-framework/src/Concerns/RoutesRequests.php(428): Illuminate\\Pipeline\\Pipeline->then(Object(Closure))
#26 /app/vendor/laravel/lumen-framework/src/Concerns/RoutesRequests.php(263): Laravel\\Lumen\\Application->sendThroughPipeline(Array, Object(Closure))
#27 /app/vendor/laravel/lumen-framework/src/Concerns/RoutesRequests.php(171): Laravel\\Lumen\\Application->handleFoundRoute(Array)
#28 /app/vendor/laravel/lumen-framework/src/Routing/Pipeline.php(48): Laravel\\Lumen\\Application->Laravel\\Lumen\\Concerns\\{closure}(Object(Laravel\\Lumen\\Http\\Request))
#29 /app/app/Http/Middleware/CorsMiddleware.php(12): Laravel\\Lumen\\Routing\\Pipeline->Laravel\\Lumen\\Routing\\{closure}(Object(Laravel\\Lumen\\Http\\Request))
#30 /app/vendor/illuminate/pipeline/Pipeline.php(183): App\\Http\\Middleware\\CorsMiddleware->handle(Object(Laravel\\Lumen\\Http\\Request), Object(Closure))
#31 /app/vendor/laravel/lumen-framework/src/Routing/Pipeline.php(30): Illuminate\\Pipeline\\Pipeline->Illuminate\\Pipeline\\{closure}(Object(Laravel\\Lumen\\Http\\Request))
#32 /app/vendor/illuminate/pipeline/Pipeline.php(119): Laravel\\Lumen\\Routing\\Pipeline->Laravel\\Lumen\\Routing\\{closure}(Object(Laravel\\Lumen\\Http\\Request))
#33 /app/vendor/laravel/lumen-framework/src/Concerns/RoutesRequests.php(428): Illuminate\\Pipeline\\Pipeline->then(Object(Closure))
#34 /app/vendor/laravel/lumen-framework/src/Concerns/RoutesRequests.php(167): Laravel\\Lumen\\Application->sendThroughPipeline(Array, Object(Closure))
#35 /app/vendor/laravel/lumen-framework/src/Concerns/RoutesRequests.php(112): Laravel\\Lumen\\Application->dispatch(NULL)
#36 /app/public/index.php(5): Laravel\\Lumen\\Application->run()
#37 {main}
"} 
[2026-04-26 20:02:10] local.ERROR: SQLSTATE[42703]: Undefined column: 7 ERROR:  column w.reviewed_at does not exist
LINE 8:                        COALESCE(w.reviewed_at::text,'') as r...
                                        ^ (Connection: pgsql, SQL: SELECT w.id, w.title, w.slug, COALESCE(w.description,'') as description,
                       w.type, w.modality, w.price, w.currency,
                       w.capacity, COALESCE(w.location,'') as location,
                       COALESCE(w.online_url,'') as online_url,
                       COALESCE(w.cover_image_url,'') as cover_image_url,
                       w.status, w.approval_status,
                       COALESCE(w.admin_observations,'') as admin_observations,
                       COALESCE(w.reviewed_at::text,'') as reviewed_at,
                       COALESCE(w.created_at::text,'') as created_at,
                       COALESCE(c.id::text,'') as category_id,
                       COALESCE(c.name,'') as category_name,
                       w.instructor_id::text as instructor_id,
                       COALESCE(p.name,'') as instructor_name,
                       COALESCE(u.email,'') as instructor_email
                FROM workshops w
                LEFT JOIN categories c ON c.id = w.category_id
                LEFT JOIN profiles p ON p.user_id = w.instructor_id
                LEFT JOIN users u ON u.id = w.instructor_id
                WHERE w.status != 'archived' AND w.approval_status = pending_review ORDER BY w.created_at DESC) {"exception":"[object] (Illuminate\\Database\\QueryException(code: 42703): SQLSTATE[42703]: Undefined column: 7 ERROR:  column w.reviewed_at does not exist
LINE 8:                        COALESCE(w.reviewed_at::text,'') as r...
                                        ^ (Connection: pgsql, SQL: SELECT w.id, w.title, w.slug, COALESCE(w.description,'') as description,
                       w.type, w.modality, w.price, w.currency,
                       w.capacity, COALESCE(w.location,'') as location,
                       COALESCE(w.online_url,'') as online_url,
                       COALESCE(w.cover_image_url,'') as cover_image_url,
                       w.status, w.approval_status,
                       COALESCE(w.admin_observations,'') as admin_observations,
                       COALESCE(w.reviewed_at::text,'') as reviewed_at,
                       COALESCE(w.created_at::text,'') as created_at,
                       COALESCE(c.id::text,'') as category_id,
                       COALESCE(c.name,'') as category_name,
                       w.instructor_id::text as instructor_id,
                       COALESCE(p.name,'') as instructor_name,
                       COALESCE(u.email,'') as instructor_email
                FROM workshops w
                LEFT JOIN categories c ON c.id = w.category_id
                LEFT JOIN profiles p ON p.user_id = w.instructor_id
                LEFT JOIN users u ON u.id = w.instructor_id
                WHERE w.status != 'archived' AND w.approval_status = pending_review ORDER BY w.created_at DESC) at /app/vendor/illuminate/database/Connection.php:829)
[stacktrace]
#0 /app/vendor/illuminate/database/Connection.php(783): Illuminate\\Database\\Connection->runQueryCallback('SELECT w.id, w....', Array, Object(Closure))
#1 /app/vendor/illuminate/database/Connection.php(414): Illuminate\\Database\\Connection->run('SELECT w.id, w....', Array, Object(Closure))
#2 /app/vendor/illuminate/database/DatabaseManager.php(509): Illuminate\\Database\\Connection->select('SELECT w.id, w....', Array)
#3 /app/vendor/illuminate/support/Facades/Facade.php(355): Illuminate\\Database\\DatabaseManager->__call('select', Array)
#4 /app/app/Http/Controllers/AdminController.php(64): Illuminate\\Support\\Facades\\Facade::__callStatic('select', Array)
#5 /app/vendor/illuminate/container/BoundMethod.php(36): App\\Http\\Controllers\\AdminController->workshops(Object(Laravel\\Lumen\\Http\\Request))
#6 /app/vendor/illuminate/container/Util.php(41): Illuminate\\Container\\BoundMethod::Illuminate\\Container\\{closure}()
#7 /app/vendor/illuminate/container/BoundMethod.php(93): Illuminate\\Container\\Util::unwrapIfClosure(Object(Closure))
#8 /app/vendor/illuminate/container/BoundMethod.php(35): Illuminate\\Container\\BoundMethod::callBoundMethod(Object(Laravel\\Lumen\\Application), Array, Object(Closure))
#9 /app/vendor/illuminate/container/Container.php(662): Illuminate\\Container\\BoundMethod::call(Object(Laravel\\Lumen\\Application), Array, Array, NULL)
#10 /app/vendor/laravel/lumen-framework/src/Concerns/RoutesRequests.php(391): Illuminate\\Container\\Container->call(Array, Array)
#11 /app/vendor/laravel/lumen-framework/src/Concerns/RoutesRequests.php(356): Laravel\\Lumen\\Application->callControllerCallable(Array, Array)
#12 /app/vendor/laravel/lumen-framework/src/Concerns/RoutesRequests.php(331): Laravel\\Lumen\\Application->callLumenController(Object(App\\Http\\Controllers\\AdminController), 'workshops', Array)
#13 /app/vendor/laravel/lumen-framework/src/Concerns/RoutesRequests.php(284): Laravel\\Lumen\\Application->callControllerAction(Array)
#14 /app/vendor/laravel/lumen-framework/src/Concerns/RoutesRequests.php(264): Laravel\\Lumen\\Application->callActionOnArrayBasedRoute(Array)
#15 /app/vendor/laravel/lumen-framework/src/Routing/Pipeline.php(48): Laravel\\Lumen\\Application->Laravel\\Lumen\\Concerns\\{closure}(Object(Laravel\\Lumen\\Http\\Request))
#16 /app/app/Http/Middleware/AdminOnly.php(18): Laravel\\Lumen\\Routing\\Pipeline->Laravel\\Lumen\\Routing\\{closure}(Object(Laravel\\Lumen\\Http\\Request))
#17 /app/vendor/illuminate/pipeline/Pipeline.php(183): App\\Http\\Middleware\\AdminOnly->handle(Object(Laravel\\Lumen\\Http\\Request), Object(Closure))
#18 /app/vendor/laravel/lumen-framework/src/Routing/Pipeline.php(30): Illuminate\\Pipeline\\Pipeline->Illuminate\\Pipeline\\{closure}(Object(Laravel\\Lumen\\Http\\Request))
#19 /app/app/Http/Middleware/Authenticate.php(35): Laravel\\Lumen\\Routing\\Pipeline->Laravel\\Lumen\\Routing\\{closure}(Object(Laravel\\Lumen\\Http\\Request))
#20 /app/vendor/illuminate/pipeline/Pipeline.php(183): App\\Http\\Middleware\\Authenticate->handle(Object(Laravel\\Lumen\\Http\\Request), Object(Closure))
#21 /app/vendor/laravel/lumen-framework/src/Routing/Pipeline.php(30): Illuminate\\Pipeline\\Pipeline->Illuminate\\Pipeline\\{closure}(Object(Laravel\\Lumen\\Http\\Request))
#22 /app/vendor/illuminate/pipeline/Pipeline.php(119): Laravel\\Lumen\\Routing\\Pipeline->Laravel\\Lumen\\Routing\\{closure}(Object(Laravel\\Lumen\\Http\\Request))
#23 /app/vendor/laravel/lumen-framework/src/Concerns/RoutesRequests.php(428): Illuminate\\Pipeline\\Pipeline->then(Object(Closure))
#24 /app/vendor/laravel/lumen-framework/src/Concerns/RoutesRequests.php(263): Laravel\\Lumen\\Application->sendThroughPipeline(Array, Object(Closure))
#25 /app/vendor/laravel/lumen-framework/src/Concerns/RoutesRequests.php(171): Laravel\\Lumen\\Application->handleFoundRoute(Array)
#26 /app/vendor/laravel/lumen-framework/src/Routing/Pipeline.php(48): Laravel\\Lumen\\Application->Laravel\\Lumen\\Concerns\\{closure}(Object(Laravel\\Lumen\\Http\\Request))
#27 /app/app/Http/Middleware/CorsMiddleware.php(12): Laravel\\Lumen\\Routing\\Pipeline->Laravel\\Lumen\\Routing\\{closure}(Object(Laravel\\Lumen\\Http\\Request))
#28 /app/vendor/illuminate/pipeline/Pipeline.php(183): App\\Http\\Middleware\\CorsMiddleware->handle(Object(Laravel\\Lumen\\Http\\Request), Object(Closure))
#29 /app/vendor/laravel/lumen-framework/src/Routing/Pipeline.php(30): Illuminate\\Pipeline\\Pipeline->Illuminate\\Pipeline\\{closure}(Object(Laravel\\Lumen\\Http\\Request))
#30 /app/vendor/illuminate/pipeline/Pipeline.php(119): Laravel\\Lumen\\Routing\\Pipeline->Laravel\\Lumen\\Routing\\{closure}(Object(Laravel\\Lumen\\Http\\Request))
#31 /app/vendor/laravel/lumen-framework/src/Concerns/RoutesRequests.php(428): Illuminate\\Pipeline\\Pipeline->then(Object(Closure))
#32 /app/vendor/laravel/lumen-framework/src/Concerns/RoutesRequests.php(167): Laravel\\Lumen\\Application->sendThroughPipeline(Array, Object(Closure))
#33 /app/vendor/laravel/lumen-framework/src/Concerns/RoutesRequests.php(112): Laravel\\Lumen\\Application->dispatch(NULL)
#34 /app/public/index.php(5): Laravel\\Lumen\\Application->run()
#35 {main}

[previous exception] [object] (PDOException(code: 42703): SQLSTATE[42703]: Undefined column: 7 ERROR:  column w.reviewed_at does not exist
LINE 8:                        COALESCE(w.reviewed_at::text,'') as r...
                                        ^ at /app/vendor/illuminate/database/Connection.php:428)
[stacktrace]
#0 /app/vendor/illuminate/database/Connection.php(428): PDOStatement->execute()
#1 /app/vendor/illuminate/database/Connection.php(816): Illuminate\\Database\\Connection->Illuminate\\Database\\{closure}('SELECT w.id, w....', Array)
#2 /app/vendor/illuminate/database/Connection.php(783): Illuminate\\Database\\Connection->runQueryCallback('SELECT w.id, w....', Array, Object(Closure))
#3 /app/vendor/illuminate/database/Connection.php(414): Illuminate\\Database\\Connection->run('SELECT w.id, w....', Array, Object(Closure))
#4 /app/vendor/illuminate/database/DatabaseManager.php(509): Illuminate\\Database\\Connection->select('SELECT w.id, w....', Array)
#5 /app/vendor/illuminate/support/Facades/Facade.php(355): Illuminate\\Database\\DatabaseManager->__call('select', Array)
#6 /app/app/Http/Controllers/AdminController.php(64): Illuminate\\Support\\Facades\\Facade::__callStatic('select', Array)
#7 /app/vendor/illuminate/container/BoundMethod.php(36): App\\Http\\Controllers\\AdminController->workshops(Object(Laravel\\Lumen\\Http\\Request))
#8 /app/vendor/illuminate/container/Util.php(41): Illuminate\\Container\\BoundMethod::Illuminate\\Container\\{closure}()
#9 /app/vendor/illuminate/container/BoundMethod.php(93): Illuminate\\Container\\Util::unwrapIfClosure(Object(Closure))
#10 /app/vendor/illuminate/container/BoundMethod.php(35): Illuminate\\Container\\BoundMethod::callBoundMethod(Object(Laravel\\Lumen\\Application), Array, Object(Closure))
#11 /app/vendor/illuminate/container/Container.php(662): Illuminate\\Container\\BoundMethod::call(Object(Laravel\\Lumen\\Application), Array, Array, NULL)
#12 /app/vendor/laravel/lumen-framework/src/Concerns/RoutesRequests.php(391): Illuminate\\Container\\Container->call(Array, Array)
#13 /app/vendor/laravel/lumen-framework/src/Concerns/RoutesRequests.php(356): Laravel\\Lumen\\Application->callControllerCallable(Array, Array)
#14 /app/vendor/laravel/lumen-framework/src/Concerns/RoutesRequests.php(331): Laravel\\Lumen\\Application->callLumenController(Object(App\\Http\\Controllers\\AdminController), 'workshops', Array)
#15 /app/vendor/laravel/lumen-framework/src/Concerns/RoutesRequests.php(284): Laravel\\Lumen\\Application->callControllerAction(Array)
#16 /app/vendor/laravel/lumen-framework/src/Concerns/RoutesRequests.php(264): Laravel\\Lumen\\Application->callActionOnArrayBasedRoute(Array)
#17 /app/vendor/laravel/lumen-framework/src/Routing/Pipeline.php(48): Laravel\\Lumen\\Application->Laravel\\Lumen\\Concerns\\{closure}(Object(Laravel\\Lumen\\Http\\Request))
#18 /app/app/Http/Middleware/AdminOnly.php(18): Laravel\\Lumen\\Routing\\Pipeline->Laravel\\Lumen\\Routing\\{closure}(Object(Laravel\\Lumen\\Http\\Request))
#19 /app/vendor/illuminate/pipeline/Pipeline.php(183): App\\Http\\Middleware\\AdminOnly->handle(Object(Laravel\\Lumen\\Http\\Request), Object(Closure))
#20 /app/vendor/laravel/lumen-framework/src/Routing/Pipeline.php(30): Illuminate\\Pipeline\\Pipeline->Illuminate\\Pipeline\\{closure}(Object(Laravel\\Lumen\\Http\\Request))
#21 /app/app/Http/Middleware/Authenticate.php(35): Laravel\\Lumen\\Routing\\Pipeline->Laravel\\Lumen\\Routing\\{closure}(Object(Laravel\\Lumen\\Http\\Request))
#22 /app/vendor/illuminate/pipeline/Pipeline.php(183): App\\Http\\Middleware\\Authenticate->handle(Object(Laravel\\Lumen\\Http\\Request), Object(Closure))
#23 /app/vendor/laravel/lumen-framework/src/Routing/Pipeline.php(30): Illuminate\\Pipeline\\Pipeline->Illuminate\\Pipeline\\{closure}(Object(Laravel\\Lumen\\Http\\Request))
#24 /app/vendor/illuminate/pipeline/Pipeline.php(119): Laravel\\Lumen\\Routing\\Pipeline->Laravel\\Lumen\\Routing\\{closure}(Object(Laravel\\Lumen\\Http\\Request))
#25 /app/vendor/laravel/lumen-framework/src/Concerns/RoutesRequests.php(428): Illuminate\\Pipeline\\Pipeline->then(Object(Closure))
#26 /app/vendor/laravel/lumen-framework/src/Concerns/RoutesRequests.php(263): Laravel\\Lumen\\Application->sendThroughPipeline(Array, Object(Closure))
#27 /app/vendor/laravel/lumen-framework/src/Concerns/RoutesRequests.php(171): Laravel\\Lumen\\Application->handleFoundRoute(Array)
#28 /app/vendor/laravel/lumen-framework/src/Routing/Pipeline.php(48): Laravel\\Lumen\\Application->Laravel\\Lumen\\Concerns\\{closure}(Object(Laravel\\Lumen\\Http\\Request))
#29 /app/app/Http/Middleware/CorsMiddleware.php(12): Laravel\\Lumen\\Routing\\Pipeline->Laravel\\Lumen\\Routing\\{closure}(Object(Laravel\\Lumen\\Http\\Request))
#30 /app/vendor/illuminate/pipeline/Pipeline.php(183): App\\Http\\Middleware\\CorsMiddleware->handle(Object(Laravel\\Lumen\\Http\\Request), Object(Closure))
#31 /app/vendor/laravel/lumen-framework/src/Routing/Pipeline.php(30): Illuminate\\Pipeline\\Pipeline->Illuminate\\Pipeline\\{closure}(Object(Laravel\\Lumen\\Http\\Request))
#32 /app/vendor/illuminate/pipeline/Pipeline.php(119): Laravel\\Lumen\\Routing\\Pipeline->Laravel\\Lumen\\Routing\\{closure}(Object(Laravel\\Lumen\\Http\\Request))
#33 /app/vendor/laravel/lumen-framework/src/Concerns/RoutesRequests.php(428): Illuminate\\Pipeline\\Pipeline->then(Object(Closure))
#34 /app/vendor/laravel/lumen-framework/src/Concerns/RoutesRequests.php(167): Laravel\\Lumen\\Application->sendThroughPipeline(Array, Object(Closure))
#35 /app/vendor/laravel/lumen-framework/src/Concerns/RoutesRequests.php(112): Laravel\\Lumen\\Application->dispatch(NULL)
#36 /app/public/index.php(5): Laravel\\Lumen\\Application->run()
#37 {main}
"} 
